ruleLabel,rule,trial,primaryClass,tags,steps,gridSize,initialDensity,wrap,finalLive,finalDensity,finalActivity,avgLastDensity,avgLastActivity,finalBoundingBoxArea,avgLastArea,densityTrend,areaTrend,repeatPeriod,centerShift
"Conway Life","B3/S23","1","Structured Dynamic","","500","100","0.240","true","614","0.061400","0.035000","0.062147","0.036943","10000","1.000000","-0.067404","0.000000","0","0.019492"
"Conway Life","B3/S23","2","Structured Dynamic","","500","100","0.240","true","779","0.077900","0.055400","0.090803","0.068489","10000","1.000000","-0.049157","0.000000","0","0.059981"
"Conway Life","B3/S23","3","Structured Dynamic","","500","100","0.240","true","377","0.037700","0.015000","0.034376","0.016224","10000","1.000000","-0.087222","0.000000","0","0.065260"
"Conway Life","B3/S23","4","Structured Dynamic","","500","100","0.240","true","534","0.053400","0.029800","0.058213","0.036776","10000","0.996800","-0.073175","-0.003200","0","0.115454"
"Conway Life","B3/S23","5","Structured Dynamic","","500","100","0.240","true","449","0.044900","0.030200","0.056055","0.038357","9900","0.995500","-0.072373","-0.004500","0","0.033261"
"Conway Life","B3/S23","6","Structured Dynamic","","500","100","0.240","true","414","0.041400","0.025100","0.044945","0.030402","10000","0.976845","-0.087837","-0.023055","0","0.092831"
"Conway Life","B3/S23","7","Structured Dynamic","","500","100","0.240","true","428","0.042800","0.021300","0.042671","0.020618","10000","0.999300","-0.096643","-0.000700","0","0.075569"
"Conway Life","B3/S23","8","Structured Dynamic","","500","100","0.240","true","552","0.055200","0.033400","0.057308","0.037879","10000","1.000000","-0.074702","0.000000","0","0.115234"
"Conway Life","B3/S23","9","Structured Dynamic","","500","100","0.240","true","561","0.056100","0.034600","0.064667","0.045116","9300","0.993201","-0.068493","-0.006799","0","0.015371"
"Conway Life","B3/S23","10","Structured Dynamic","","500","100","0.240","true","578","0.057800","0.034300","0.063793","0.041659","10000","0.999100","-0.072177","-0.000900","0","0.101426"
"HighLife","B36/S23","1","Structured Dynamic","","500","100","0.240","true","313","0.031300","0.012400","0.045024","0.029769","10000","1.000000","-0.115826","0.000000","0","0.086353"
"HighLife","B36/S23","2","Structured Dynamic","","500","100","0.240","true","346","0.034600","0.013200","0.032468","0.012921","10000","1.000000","-0.122688","0.000000","0","0.024576"
"HighLife","B36/S23","3","Structured Dynamic","","500","100","0.240","true","711","0.071100","0.057400","0.080534","0.066087","9800","0.995302","-0.079404","-0.004698","0","0.036145"
"HighLife","B36/S23","4","Structured Dynamic","","500","100","0.240","true","312","0.031200","0.013800","0.038223","0.022164","9700","0.993500","-0.116365","-0.006500","0","0.076981"
"HighLife","B36/S23","5","Structured Dynamic","","500","100","0.240","true","414","0.041400","0.024800","0.043798","0.027455","10000","0.998000","-0.117165","-0.002000","0","0.026106"
"HighLife","B36/S23","6","Structured Dynamic","","500","100","0.240","true","550","0.055000","0.037200","0.056683","0.038836","10000","0.986900","-0.084485","-0.013100","0","0.085935"
"HighLife","B36/S23","7","Structured Dynamic","","500","100","0.240","true","396","0.039600","0.026300","0.056628","0.039945","10000","0.999800","-0.102831","-0.000200","0","0.033288"
"HighLife","B36/S23","8","Structured Dynamic","","500","100","0.240","true","452","0.045200","0.032000","0.044983","0.027189","10000","1.000000","-0.113533","0.000000","0","0.143914"
"HighLife","B36/S23","9","Structured Dynamic","","500","100","0.240","true","542","0.054200","0.032200","0.057754","0.039538","10000","1.000000","-0.096841","0.000000","0","0.049760"
"HighLife","B36/S23","10","Structured Dynamic","","500","100","0.240","true","241","0.024100","0.005200","0.028472","0.011441","9900","0.990000","-0.131843","-0.010000","0","0.075866"
"Sample 01","B23678/S348","1","Disordered","","500","100","0.240","true","4899","0.489900","0.503600","0.490114","0.505848","10000","1.000000","-0.000034","0.000000","0","0.000296"
"Sample 01","B23678/S348","2","Disordered","","500","100","0.240","true","4915","0.491500","0.508800","0.490303","0.502968","10000","1.000000","0.000216","0.000000","0","0.000692"
"Sample 01","B23678/S348","3","Disordered","","500","100","0.240","true","4927","0.492700","0.505800","0.490111","0.505420","10000","1.000000","0.000535","0.000000","0","0.000806"
"Sample 01","B23678/S348","4","Disordered","","500","100","0.240","true","4940","0.494000","0.512700","0.490013","0.505432","10000","1.000000","-0.000199","0.000000","0","0.000400"
"Sample 01","B23678/S348","5","Disordered","","500","100","0.240","true","4940","0.494000","0.500800","0.490269","0.505025","10000","1.000000","0.000388","0.000000","0","0.000235"
"Sample 01","B23678/S348","6","Disordered","","500","100","0.240","true","4978","0.497800","0.502500","0.490415","0.504784","10000","1.000000","0.000807","0.000000","0","0.000270"
"Sample 01","B23678/S348","7","Disordered","","500","100","0.240","true","4828","0.482800","0.507400","0.490412","0.505780","10000","1.000000","0.000158","0.000000","0","0.000293"
"Sample 01","B23678/S348","8","Disordered","","500","100","0.240","true","4865","0.486500","0.505100","0.490224","0.504980","10000","1.000000","0.000039","0.000000","0","0.000303"
"Sample 01","B23678/S348","9","Disordered","","500","100","0.240","true","4821","0.482100","0.507300","0.490413","0.504452","10000","1.000000","0.000314","0.000000","0","0.000442"
"Sample 01","B23678/S348","10","Disordered","","500","100","0.240","true","4903","0.490300","0.504000","0.490345","0.505490","10000","1.000000","0.000267","0.000000","0","0.000065"
"Sample 02","B0467/S02356","1","Disordered","","500","100","0.240","true","5344","0.534400","0.381500","0.528508","0.375119","10000","1.000000","0.010190","0.000000","0","0.000628"
"Sample 02","B0467/S02356","2","Disordered","","500","100","0.240","true","5195","0.519500","0.379100","0.531381","0.378864","10000","1.000000","0.015999","0.000000","0","0.001801"
"Sample 02","B0467/S02356","3","Disordered","","500","100","0.240","true","5244","0.524400","0.371000","0.528129","0.375905","10000","1.000000","0.008284","0.000000","0","0.000635"
"Sample 02","B0467/S02356","4","Disordered","","500","100","0.240","true","5233","0.523300","0.377200","0.529757","0.376422","10000","1.000000","0.011567","0.000000","0","0.002101"
"Sample 02","B0467/S02356","5","Disordered","","500","100","0.240","true","5384","0.538400","0.384700","0.530773","0.377729","10000","1.000000","0.012989","0.000000","0","0.000293"
"Sample 02","B0467/S02356","6","Disordered","","500","100","0.240","true","5312","0.531200","0.381200","0.531061","0.377479","10000","1.000000","0.012787","0.000000","0","0.000679"
"Sample 02","B0467/S02356","7","Disordered","","500","100","0.240","true","5383","0.538300","0.377200","0.530800","0.377365","10000","1.000000","0.010764","0.000000","0","0.002318"
"Sample 02","B0467/S02356","8","Disordered","","500","100","0.240","true","5402","0.540200","0.378200","0.529961","0.376860","10000","1.000000","0.012959","0.000000","0","0.003369"
"Sample 02","B0467/S02356","9","Disordered","","500","100","0.240","true","5282","0.528200","0.371200","0.530866","0.378275","10000","1.000000","0.016560","0.000000","0","0.002336"
"Sample 02","B0467/S02356","10","Disordered","","500","100","0.240","true","5362","0.536200","0.379900","0.534129","0.379979","10000","1.000000","0.013518","0.000000","0","0.001340"
"Sample 03","B01348/S018","1","Disordered","","500","100","0.240","true","4199","0.419900","0.743900","0.411595","0.739600","10000","1.000000","-0.001773","0.000000","0","0.000452"
"Sample 03","B01348/S018","2","Disordered","","500","100","0.240","true","4156","0.415600","0.744200","0.411312","0.739707","10000","1.000000","-0.002314","0.000000","0","0.000265"
"Sample 03","B01348/S018","3","Disordered","","500","100","0.240","true","4198","0.419800","0.735400","0.412443","0.739062","10000","1.000000","-0.001617","0.000000","0","0.000086"
"Sample 03","B01348/S018","4","Disordered","","500","100","0.240","true","4208","0.420800","0.742100","0.411982","0.738855","10000","1.000000","-0.001523","0.000000","0","0.000190"
"Sample 03","B01348/S018","5","Disordered","","500","100","0.240","true","4109","0.410900","0.739900","0.412066","0.740089","10000","1.000000","-0.001865","0.000000","0","0.000348"
"Sample 03","B01348/S018","6","Disordered","","500","100","0.240","true","4372","0.437200","0.744300","0.412251","0.740445","10000","1.000000","-0.001569","0.000000","0","0.000416"
"Sample 03","B01348/S018","7","Disordered","","500","100","0.240","true","4123","0.412300","0.741800","0.412106","0.739791","10000","1.000000","-0.002017","0.000000","0","0.000111"
"Sample 03","B01348/S018","8","Disordered","","500","100","0.240","true","4231","0.423100","0.739900","0.412083","0.739557","10000","1.000000","-0.001496","0.000000","0","0.000091"
"Sample 03","B01348/S018","9","Disordered","","500","100","0.240","true","4150","0.415000","0.737400","0.411941","0.740124","10000","1.000000","-0.001472","0.000000","0","0.000250"
"Sample 03","B01348/S018","10","Disordered","","500","100","0.240","true","4156","0.415600","0.732000","0.411727","0.739181","10000","1.000000","-0.002805","0.000000","0","0.000188"
"Sample 04","B234/S0135","1","Disordered","","500","100","0.240","true","4912","0.491200","0.579200","0.494254","0.569821","10000","1.000000","0.000022","0.000000","0","0.000579"
"Sample 04","B234/S0135","2","Disordered","","500","100","0.240","true","4920","0.492000","0.567100","0.493965","0.569015","10000","1.000000","-0.000553","0.000000","0","0.000472"
"Sample 04","B234/S0135","3","Disordered","","500","100","0.240","true","4910","0.491000","0.572000","0.494012","0.569180","10000","1.000000","-0.000215","0.000000","0","0.000212"
"Sample 04","B234/S0135","4","Disordered","","500","100","0.240","true","5019","0.501900","0.570000","0.494272","0.569875","10000","1.000000","-0.000120","0.000000","0","0.000374"
"Sample 04","B234/S0135","5","Disordered","","500","100","0.240","true","4790","0.479000","0.569200","0.494420","0.569609","10000","1.000000","-0.000023","0.000000","0","0.000460"
"Sample 04","B234/S0135","6","Disordered","","500","100","0.240","true","4965","0.496500","0.566900","0.494138","0.569291","10000","1.000000","0.000245","0.000000","0","0.000485"
"Sample 04","B234/S0135","7","Disordered","","500","100","0.240","true","4855","0.485500","0.578300","0.494277","0.569181","10000","1.000000","-0.000279","0.000000","0","0.000553"
"Sample 04","B234/S0135","8","Disordered","","500","100","0.240","true","4851","0.485100","0.569400","0.494887","0.568384","10000","1.000000","0.000718","0.000000","0","0.000292"
"Sample 04","B234/S0135","9","Disordered","","500","100","0.240","true","5083","0.508300","0.561600","0.494781","0.569834","10000","1.000000","-0.000154","0.000000","0","0.000327"
"Sample 04","B234/S0135","10","Disordered","","500","100","0.240","true","4933","0.493300","0.577800","0.494780","0.569095","10000","1.000000","0.000294","0.000000","0","0.000221"
"Sample 05","B045678/S678","1","Structured Dynamic","","500","100","0.240","true","2735","0.273500","0.473400","0.286078","0.478317","10000","1.000000","0.002304","0.000000","0","0.001603"
"Sample 05","B045678/S678","2","Structured Dynamic","","500","100","0.240","true","2856","0.285600","0.486100","0.284239","0.475729","10000","1.000000","-0.001408","0.000000","0","0.000561"
"Sample 05","B045678/S678","3","Structured Dynamic","","500","100","0.240","true","2812","0.281200","0.474400","0.282959","0.474928","10000","1.000000","0.000072","0.000000","0","0.002520"
"Sample 05","B045678/S678","4","Structured Dynamic","","500","100","0.240","true","2918","0.291800","0.468600","0.281178","0.473945","10000","1.000000","-0.004598","0.000000","0","0.001251"
"Sample 05","B045678/S678","5","Structured Dynamic","","500","100","0.240","true","2820","0.282000","0.464400","0.284085","0.476628","10000","1.000000","-0.000950","0.000000","0","0.001591"
"Sample 05","B045678/S678","6","Structured Dynamic","","500","100","0.240","true","2892","0.289200","0.475700","0.283402","0.476081","10000","1.000000","-0.001661","0.000000","0","0.001685"
"Sample 05","B045678/S678","7","Structured Dynamic","","500","100","0.240","true","2845","0.284500","0.470100","0.284180","0.476452","10000","1.000000","0.000226","0.000000","0","0.001018"
"Sample 05","B045678/S678","8","Structured Dynamic","","500","100","0.240","true","2793","0.279300","0.477700","0.283588","0.475904","10000","1.000000","-0.001083","0.000000","0","0.000722"
"Sample 05","B045678/S678","9","Structured Dynamic","","500","100","0.240","true","2734","0.273400","0.470000","0.283925","0.475155","10000","1.000000","-0.001510","0.000000","0","0.001852"
"Sample 05","B045678/S678","10","Structured Dynamic","","500","100","0.240","true","2982","0.298200","0.482000","0.282823","0.475120","10000","1.000000","-0.001339","0.000000","0","0.000624"
"Sample 06","B3467/S0356","1","Disordered","","500","100","0.240","true","6230","0.623000","0.494200","0.616020","0.494375","10000","1.000000","0.019817","0.000000","0","0.000649"
"Sample 06","B3467/S0356","2","Disordered","","500","100","0.240","true","6270","0.627000","0.486400","0.615346","0.494187","10000","1.000000","0.021629","0.000000","0","0.000670"
"Sample 06","B3467/S0356","3","Disordered","","500","100","0.240","true","6173","0.617300","0.493600","0.616408","0.494413","10000","1.000000","0.020072","0.000000","0","0.000568"
"Sample 06","B3467/S0356","4","Disordered","","500","100","0.240","true","6177","0.617700","0.489000","0.615652","0.494458","10000","1.000000","0.020655","0.000000","0","0.001193"
"Sample 06","B3467/S0356","5","Disordered","","500","100","0.240","true","6162","0.616200","0.489800","0.616269","0.494486","10000","1.000000","0.023218","0.000000","0","0.003779"
"Sample 06","B3467/S0356","6","Disordered","","500","100","0.240","true","6155","0.615500","0.500400","0.615957","0.495190","10000","1.000000","0.019540","0.000000","0","0.001306"
"Sample 06","B3467/S0356","7","Disordered","","500","100","0.240","true","6120","0.612000","0.504500","0.616308","0.494086","10000","1.000000","0.020390","0.000000","0","0.000992"
"Sample 06","B3467/S0356","8","Disordered","","500","100","0.240","true","6242","0.624200","0.495100","0.616082","0.494706","10000","1.000000","0.020147","0.000000","0","0.001034"
"Sample 06","B3467/S0356","9","Disordered","","500","100","0.240","true","6131","0.613100","0.495800","0.615823","0.494716","10000","1.000000","0.020912","0.000000","0","0.002505"
"Sample 06","B3467/S0356","10","Disordered","","500","100","0.240","true","6288","0.628800","0.500800","0.615374","0.494869","10000","1.000000","0.019022","0.000000","0","0.001818"
"Sample 07","B0378/S12368","1","Disordered","","500","100","0.240","true","4293","0.429300","0.299600","0.426093","0.295631","10000","1.000000","0.002211","0.000000","0","0.001177"
"Sample 07","B0378/S12368","2","Disordered","","500","100","0.240","true","4282","0.428200","0.291000","0.426933","0.294909","10000","1.000000","0.000992","0.000000","0","0.001206"
"Sample 07","B0378/S12368","3","Disordered","","500","100","0.240","true","4259","0.425900","0.293500","0.427175","0.294302","10000","1.000000","0.001678","0.000000","0","0.000598"
"Sample 07","B0378/S12368","4","Disordered","","500","100","0.240","true","4305","0.430500","0.292700","0.425939","0.298382","10000","1.000000","0.001010","0.000000","0","0.000085"
"Sample 07","B0378/S12368","5","Disordered","","500","100","0.240","true","4270","0.427000","0.289700","0.426657","0.295855","10000","1.000000","0.001370","0.000000","0","0.000868"
"Sample 07","B0378/S12368","6","Disordered","","500","100","0.240","true","4274","0.427400","0.289100","0.427380","0.295748","10000","1.000000","0.002192","0.000000","0","0.000826"
"Sample 07","B0378/S12368","7","Disordered","","500","100","0.240","true","4295","0.429500","0.303100","0.426255","0.296929","10000","1.000000","0.000531","0.000000","0","0.000520"
"Sample 07","B0378/S12368","8","Disordered","","500","100","0.240","true","4287","0.428700","0.288600","0.426875","0.293989","10000","1.000000","0.002084","0.000000","0","0.000783"
"Sample 07","B0378/S12368","9","Disordered","","500","100","0.240","true","4287","0.428700","0.307100","0.426291","0.295550","10000","1.000000","0.001389","0.000000","0","0.000655"
"Sample 07","B0378/S12368","10","Disordered","","500","100","0.240","true","4288","0.428800","0.304600","0.425841","0.297945","10000","1.000000","0.001810","0.000000","0","0.000838"
"Sample 08","B36/S06","1","Periodic","","500","100","0.240","true","382","0.038200","0.001200","0.038200","0.001200","10000","1.000000","-0.003460","0.000000","4","0.000557"
"Sample 08","B36/S06","2","Periodic","","500","100","0.240","true","375","0.037500","0.001800","0.037500","0.001800","10000","1.000000","-0.003591","0.000000","4","0.001423"
"Sample 08","B36/S06","3","Periodic","","500","100","0.240","true","378","0.037800","0.001200","0.037800","0.001200","10000","1.000000","-0.003512","0.000000","4","0.001101"
"Sample 08","B36/S06","4","Periodic","","500","100","0.240","true","393","0.039300","0.003000","0.039300","0.003000","10000","1.000000","-0.003682","0.000000","4","0.000557"
"Sample 08","B36/S06","5","Periodic","","500","100","0.240","true","402","0.040200","0.002400","0.040200","0.002400","10000","1.000000","-0.003428","0.000000","4","0.001270"
"Sample 08","B36/S06","6","Periodic","","500","100","0.240","true","391","0.039100","0.003000","0.039100","0.003000","10000","1.000000","-0.003405","0.000000","4","0.001119"
"Sample 08","B36/S06","7","Periodic","","500","100","0.240","true","422","0.042200","0.001200","0.042200","0.001200","10000","1.000000","-0.003007","0.000000","4","0.000999"
"Sample 08","B36/S06","8","Periodic","","500","100","0.240","true","401","0.040100","0.003600","0.040100","0.003600","10000","1.000000","-0.003215","0.000000","4","0.001043"
"Sample 08","B36/S06","9","Periodic","","500","100","0.240","true","412","0.041200","0.002400","0.041200","0.002400","10000","1.000000","-0.003377","0.000000","4","0.001882"
"Sample 08","B36/S06","10","Periodic","","500","100","0.240","true","421","0.042100","0.005400","0.042100","0.005400","10000","1.000000","-0.003559","0.000000","4","0.001639"
"Sample 09","B1234567/S56","1","Periodic","","500","100","0.240","true","5020","0.502000","0.996500","0.501607","0.996758","10000","1.000000","-0.154118","0.000000","4","0.000711"
"Sample 09","B1234567/S56","2","Disordered","","500","100","0.240","true","5051","0.505100","0.988900","0.511247","0.975526","10000","1.000000","-0.143201","0.000000","0","0.003185"
"Sample 09","B1234567/S56","3","Periodic","","500","100","0.240","true","5026","0.502600","0.996400","0.502792","0.994284","10000","1.000000","-0.148644","0.000000","12","0.000948"
"Sample 09","B1234567/S56","4","Disordered","","500","100","0.240","true","5046","0.504600","0.991300","0.508591","0.981495","10000","1.000000","-0.147720","0.000000","0","0.001249"
"Sample 09","B1234567/S56","5","Periodic","","500","100","0.240","true","5016","0.501600","0.997200","0.504103","0.991283","10000","1.000000","-0.147648","0.000000","4","0.001792"
"Sample 09","B1234567/S56","6","Disordered","","500","100","0.240","true","5022","0.502200","0.994800","0.507073","0.984689","10000","1.000000","-0.149328","0.000000","0","0.002482"
"Sample 09","B1234567/S56","7","Disordered","","500","100","0.240","true","5130","0.513000","0.976100","0.521214","0.953341","10000","1.000000","-0.135651","0.000000","0","0.009079"
"Sample 09","B1234567/S56","8","Disordered","","500","100","0.240","true","5095","0.509500","0.984700","0.512002","0.973685","10000","1.000000","-0.142436","0.000000","0","0.004826"
"Sample 09","B1234567/S56","9","Disordered","","500","100","0.240","true","5175","0.517500","0.962600","0.524080","0.947314","10000","1.000000","-0.133334","0.000000","0","0.007646"
"Sample 09","B1234567/S56","10","Disordered","","500","100","0.240","true","5058","0.505800","0.992200","0.509820","0.978754","10000","1.000000","-0.147071","0.000000","0","0.003593"
"Sample 10","B13568/S13567","1","Expanding","","500","100","0.240","true","7344","0.734400","0.341000","0.726714","0.334127","10000","1.000000","0.004099","0.000000","0","0.000490"
"Sample 10","B13568/S13567","2","Expanding","","500","100","0.240","true","7327","0.732700","0.322300","0.726807","0.333658","10000","1.000000","0.004237","0.000000","0","0.000517"
"Sample 10","B13568/S13567","3","Expanding","","500","100","0.240","true","7241","0.724100","0.331600","0.726366","0.333707","10000","1.000000","0.003662","0.000000","0","0.000225"
"Sample 10","B13568/S13567","4","Expanding","","500","100","0.240","true","7178","0.717800","0.339900","0.726998","0.333092","10000","1.000000","0.004513","0.000000","0","0.000186"
"Sample 10","B13568/S13567","5","Expanding","","500","100","0.240","true","7175","0.717500","0.342300","0.726173","0.334086","10000","1.000000","0.003866","0.000000","0","0.000442"
"Sample 10","B13568/S13567","6","Expanding","","500","100","0.240","true","7291","0.729100","0.333300","0.727343","0.333814","10000","1.000000","0.004315","0.000000","0","0.000301"
"Sample 10","B13568/S13567","7","Expanding","","500","100","0.240","true","7170","0.717000","0.344000","0.727329","0.332804","10000","1.000000","0.005572","0.000000","0","0.000719"
"Sample 10","B13568/S13567","8","Expanding","","500","100","0.240","true","7359","0.735900","0.333100","0.727993","0.331454","10000","1.000000","0.005503","0.000000","0","0.000376"
"Sample 10","B13568/S13567","9","Expanding","","500","100","0.240","true","7397","0.739700","0.318100","0.727616","0.333345","10000","1.000000","0.006210","0.000000","0","0.000312"
"Sample 10","B13568/S13567","10","Expanding","","500","100","0.240","true","7259","0.725900","0.348600","0.726767","0.332912","10000","1.000000","0.004326","0.000000","0","0.000489"
"Sample 11","B01467/S0134","1","Disordered","","500","100","0.240","true","4645","0.464500","0.459900","0.470749","0.453863","10000","1.000000","-0.000685","0.000000","0","0.000458"
"Sample 11","B01467/S0134","2","Disordered","","500","100","0.240","true","4694","0.469400","0.445100","0.470913","0.453618","10000","1.000000","0.000222","0.000000","0","0.000972"
"Sample 11","B01467/S0134","3","Disordered","","500","100","0.240","true","4788","0.478800","0.464100","0.470619","0.453183","10000","1.000000","-0.000394","0.000000","0","0.001257"
"Sample 11","B01467/S0134","4","Disordered","","500","100","0.240","true","4692","0.469200","0.450200","0.470441","0.453730","10000","1.000000","-0.000952","0.000000","0","0.000676"
"Sample 11","B01467/S0134","5","Disordered","","500","100","0.240","true","4737","0.473700","0.440500","0.470274","0.452074","10000","1.000000","-0.001125","0.000000","0","0.000234"
"Sample 11","B01467/S0134","6","Disordered","","500","100","0.240","true","4794","0.479400","0.465200","0.470027","0.452092","10000","1.000000","-0.000774","0.000000","0","0.000340"
"Sample 11","B01467/S0134","7","Disordered","","500","100","0.240","true","4700","0.470000","0.459200","0.471251","0.454520","10000","1.000000","0.001411","0.000000","0","0.000333"
"Sample 11","B01467/S0134","8","Disordered","","500","100","0.240","true","4613","0.461300","0.456500","0.470472","0.453207","10000","1.000000","-0.000544","0.000000","0","0.000174"
"Sample 11","B01467/S0134","9","Disordered","","500","100","0.240","true","4730","0.473000","0.445600","0.471111","0.453990","10000","1.000000","0.000852","0.000000","0","0.000514"
"Sample 11","B01467/S0134","10","Disordered","","500","100","0.240","true","4618","0.461800","0.451500","0.470067","0.453010","10000","1.000000","-0.001070","0.000000","0","0.000722"
"Sample 12","B1578/S035678","1","Frozen","","500","100","0.240","true","9964","0.996400","0.000000","0.996400","0.000000","10000","1.000000","0.576144","0.000000","1","0.009734"
"Sample 12","B1578/S035678","2","Periodic","","500","100","0.240","true","9937","0.993700","0.000400","0.993700","0.000268","10000","1.000000","0.602671","0.000000","3","0.002092"
"Sample 12","B1578/S035678","3","Frozen","","500","100","0.240","true","9948","0.994800","0.000000","0.994800","0.000000","10000","1.000000","0.605963","0.000000","1","0.010520"
"Sample 12","B1578/S035678","4","Periodic","","500","100","0.240","true","9942","0.994200","0.000400","0.994000","0.000400","10000","1.000000","0.602357","0.000000","2","0.012995"
"Sample 12","B1578/S035678","5","Frozen","","500","100","0.240","true","9947","0.994700","0.000000","0.994700","0.000000","10000","1.000000","0.579634","0.000000","1","0.016125"
"Sample 12","B1578/S035678","6","Frozen","","500","100","0.240","true","9963","0.996300","0.000000","0.996300","0.000000","10000","1.000000","0.582589","0.000000","1","0.020427"
"Sample 12","B1578/S035678","7","Frozen","","500","100","0.240","true","9941","0.994100","0.000000","0.994100","0.000000","10000","1.000000","0.602033","0.000000","1","0.008773"
"Sample 12","B1578/S035678","8","Frozen","","500","100","0.240","true","9959","0.995900","0.000000","0.995900","0.000000","10000","1.000000","0.606619","0.000000","1","0.013400"
"Sample 12","B1578/S035678","9","Frozen","","500","100","0.240","true","9920","0.992000","0.000000","0.992000","0.000000","10000","1.000000","0.553526","0.000000","1","0.013500"
"Sample 12","B1578/S035678","10","Frozen","","500","100","0.240","true","9929","0.992900","0.000000","0.992900","0.000000","10000","1.000000","0.581069","0.000000","1","0.008836"
"Sample 13","B1235678/S013578","1","Disordered","","500","100","0.240","true","6261","0.626100","0.599200","0.626777","0.598944","10000","1.000000","-0.003265","0.000000","0","0.000680"
"Sample 13","B1235678/S013578","2","Disordered","","500","100","0.240","true","6257","0.625700","0.602700","0.626812","0.598775","10000","1.000000","-0.004063","0.000000","0","0.000410"
"Sample 13","B1235678/S013578","3","Disordered","","500","100","0.240","true","6209","0.620900","0.602800","0.627239","0.598859","10000","1.000000","-0.002407","0.000000","0","0.000147"
"Sample 13","B1235678/S013578","4","Disordered","","500","100","0.240","true","6277","0.627700","0.594700","0.627112","0.598084","10000","1.000000","-0.002973","0.000000","0","0.000285"
"Sample 13","B1235678/S013578","5","Disordered","","500","100","0.240","true","6265","0.626500","0.598200","0.626711","0.599721","10000","1.000000","-0.003635","0.000000","0","0.000483"
"Sample 13","B1235678/S013578","6","Disordered","","500","100","0.240","true","6212","0.621200","0.604400","0.626969","0.598195","10000","1.000000","-0.003077","0.000000","0","0.000209"
"Sample 13","B1235678/S013578","7","Disordered","","500","100","0.240","true","6275","0.627500","0.591700","0.627636","0.598700","10000","1.000000","-0.002290","0.000000","0","0.000695"
"Sample 13","B1235678/S013578","8","Disordered","","500","100","0.240","true","6231","0.623100","0.604000","0.625014","0.599746","10000","1.000000","-0.005003","0.000000","0","0.000212"
"Sample 13","B1235678/S013578","9","Disordered","","500","100","0.240","true","6221","0.622100","0.600500","0.627720","0.598116","10000","1.000000","-0.003053","0.000000","0","0.000595"
"Sample 13","B1235678/S013578","10","Disordered","","500","100","0.240","true","6254","0.625400","0.593700","0.627963","0.598345","10000","1.000000","-0.004622","0.000000","0","0.000139"
"Sample 14","B0346/S1235","1","Disordered","","500","100","0.240","true","5237","0.523700","0.530000","0.525635","0.530464","10000","1.000000","0.000371","0.000000","0","0.000572"
"Sample 14","B0346/S1235","2","Disordered","","500","100","0.240","true","5227","0.522700","0.532100","0.525761","0.530667","10000","1.000000","0.000587","0.000000","0","0.000278"
"Sample 14","B0346/S1235","3","Disordered","","500","100","0.240","true","5236","0.523600","0.542600","0.525580","0.529963","10000","1.000000","0.000218","0.000000","0","0.000568"
"Sample 14","B0346/S1235","4","Disordered","","500","100","0.240","true","5270","0.527000","0.531300","0.525610","0.529889","10000","1.000000","0.000187","0.000000","0","0.000229"
"Sample 14","B0346/S1235","5","Disordered","","500","100","0.240","true","5316","0.531600","0.523500","0.526050","0.530333","10000","1.000000","0.000407","0.000000","0","0.000078"
"Sample 14","B0346/S1235","6","Disordered","","500","100","0.240","true","5263","0.526300","0.527800","0.526071","0.530904","10000","1.000000","0.000647","0.000000","0","0.000304"
"Sample 14","B0346/S1235","7","Disordered","","500","100","0.240","true","5236","0.523600","0.527100","0.525535","0.530442","10000","1.000000","0.000191","0.000000","0","0.000336"
"Sample 14","B0346/S1235","8","Disordered","","500","100","0.240","true","5211","0.521100","0.532000","0.525608","0.530135","10000","1.000000","0.000279","0.000000","0","0.000374"
"Sample 14","B0346/S1235","9","Disordered","","500","100","0.240","true","5277","0.527700","0.530700","0.525263","0.529889","10000","1.000000","0.000158","0.000000","0","0.000170"
"Sample 14","B0346/S1235","10","Disordered","","500","100","0.240","true","5353","0.535300","0.534300","0.526092","0.530839","10000","1.000000","0.000476","0.000000","0","0.000498"
"Sample 15","B24567/S03467","1","Expanding","","500","100","0.240","true","7352","0.735200","0.456300","0.733164","0.460015","10000","1.000000","0.005413","0.000000","0","0.000350"
"Sample 15","B24567/S03467","2","Expanding","","500","100","0.240","true","7362","0.736200","0.457200","0.733753","0.459172","10000","1.000000","0.005176","0.000000","0","0.000264"
"Sample 15","B24567/S03467","3","Expanding","","500","100","0.240","true","7310","0.731000","0.450600","0.732740","0.460786","10000","1.000000","0.004956","0.000000","0","0.000823"
"Sample 15","B24567/S03467","4","Expanding","","500","100","0.240","true","7315","0.731500","0.452400","0.733971","0.457915","10000","1.000000","0.005783","0.000000","0","0.000682"
"Sample 15","B24567/S03467","5","Expanding","","500","100","0.240","true","7304","0.730400","0.466100","0.734026","0.458566","10000","1.000000","0.005894","0.000000","0","0.000124"
"Sample 15","B24567/S03467","6","Expanding","","500","100","0.240","true","7319","0.731900","0.450200","0.733138","0.460280","10000","1.000000","0.005316","0.000000","0","0.000276"
"Sample 15","B24567/S03467","7","Expanding","","500","100","0.240","true","7324","0.732400","0.464900","0.733129","0.459362","10000","1.000000","0.004627","0.000000","0","0.000408"
"Sample 15","B24567/S03467","8","Expanding","","500","100","0.240","true","7382","0.738200","0.451500","0.732762","0.460550","10000","1.000000","0.005300","0.000000","0","0.000376"
"Sample 15","B24567/S03467","9","Expanding","","500","100","0.240","true","7327","0.732700","0.462700","0.733276","0.459525","10000","1.000000","0.005735","0.000000","0","0.000514"
"Sample 15","B24567/S03467","10","Expanding","","500","100","0.240","true","7359","0.735900","0.455700","0.734056","0.458110","10000","1.000000","0.006045","0.000000","0","0.000483"
"Sample 16","B1245/S2358","1","Disordered","","500","100","0.240","true","5310","0.531000","0.559300","0.535596","0.558214","10000","1.000000","-0.000318","0.000000","0","0.000517"
"Sample 16","B1245/S2358","2","Disordered","","500","100","0.240","true","5359","0.535900","0.556900","0.535295","0.557621","10000","1.000000","-0.000553","0.000000","0","0.000161"
"Sample 16","B1245/S2358","3","Disordered","","500","100","0.240","true","5272","0.527200","0.560100","0.535875","0.557557","10000","1.000000","-0.000383","0.000000","0","0.000233"
"Sample 16","B1245/S2358","4","Disordered","","500","100","0.240","true","5332","0.533200","0.563600","0.535225","0.558432","10000","1.000000","-0.000747","0.000000","0","0.000557"
"Sample 16","B1245/S2358","5","Disordered","","500","100","0.240","true","5448","0.544800","0.553500","0.535626","0.557324","10000","1.000000","-0.000134","0.000000","0","0.000172"
"Sample 16","B1245/S2358","6","Disordered","","500","100","0.240","true","5258","0.525800","0.558600","0.535202","0.557623","10000","1.000000","-0.000677","0.000000","0","0.000295"
"Sample 16","B1245/S2358","7","Disordered","","500","100","0.240","true","5385","0.538500","0.552000","0.535138","0.557727","10000","1.000000","-0.001198","0.000000","0","0.000358"
"Sample 16","B1245/S2358","8","Disordered","","500","100","0.240","true","5328","0.532800","0.555200","0.535582","0.557680","10000","1.000000","-0.000045","0.000000","0","0.000497"
"Sample 16","B1245/S2358","9","Disordered","","500","100","0.240","true","5394","0.539400","0.566800","0.535622","0.557279","10000","1.000000","-0.000341","0.000000","0","0.000361"
"Sample 16","B1245/S2358","10","Disordered","","500","100","0.240","true","5358","0.535800","0.556500","0.535806","0.557464","10000","1.000000","0.000285","0.000000","0","0.000213"
"Sample 17","B0123678/S035","1","Periodic","","500","100","0.240","true","241","0.024100","0.996500","0.500800","0.997000","10000","1.000000","-0.000305","0.000000","4","0.011680"
"Sample 17","B0123678/S035","2","Periodic","","500","100","0.240","true","245","0.024500","0.995900","0.500700","0.996800","10000","1.000000","-0.000424","0.000000","4","0.032498"
"Sample 17","B0123678/S035","3","Periodic","","500","100","0.240","true","287","0.028700","0.993600","0.501450","0.994600","10000","1.000000","0.000054","0.000000","4","0.056513"
"Sample 17","B0123678/S035","4","Periodic","","500","100","0.240","true","226","0.022600","0.995400","0.500775","0.996450","9900","0.995000","-0.000657","-0.003500","4","0.032246"
"Sample 17","B0123678/S035","5","Periodic","","500","100","0.240","true","221","0.022100","0.997100","0.500700","0.997400","10000","1.000000","-0.000498","0.000000","4","0.013398"
"Sample 17","B0123678/S035","6","Periodic","","500","100","0.240","true","281","0.028100","0.993800","0.501100","0.995000","9900","0.995000","-0.000204","-0.004400","4","0.018188"
"Sample 17","B0123678/S035","7","Periodic","","500","100","0.240","true","242","0.024200","0.994500","0.501100","0.995800","9900","0.995000","-0.000171","-0.004900","4","0.017058"
"Sample 17","B0123678/S035","8","Periodic","","500","100","0.240","true","275","0.027500","0.993800","0.501150","0.995300","10000","1.000000","0.000276","0.000000","4","0.034913"
"Sample 17","B0123678/S035","9","Periodic","","500","100","0.240","true","276","0.027600","0.994900","0.500900","0.995600","10000","1.000000","-0.000375","0.000000","4","0.014844"
"Sample 17","B0123678/S035","10","Periodic","","500","100","0.240","true","240","0.024000","0.997000","0.500650","0.997500","9800","0.990000","-0.000199","-0.010000","4","0.019241"
"Sample 18","B12457/S2367","1","Disordered","","500","100","0.240","true","5533","0.553300","0.582400","0.552143","0.588622","10000","1.000000","-0.001470","0.000000","0","0.000717"
"Sample 18","B12457/S2367","2","Disordered","","500","100","0.240","true","5567","0.556700","0.592400","0.552348","0.586986","10000","1.000000","-0.000546","0.000000","0","0.000192"
"Sample 18","B12457/S2367","3","Disordered","","500","100","0.240","true","5480","0.548000","0.594200","0.551886","0.588176","10000","1.000000","-0.001993","0.000000","0","0.000348"
"Sample 18","B12457/S2367","4","Disordered","","500","100","0.240","true","5473","0.547300","0.589300","0.552151","0.587424","10000","1.000000","-0.001226","0.000000","0","0.000313"
"Sample 18","B12457/S2367","5","Disordered","","500","100","0.240","true","5418","0.541800","0.594800","0.552625","0.587645","10000","1.000000","-0.000983","0.000000","0","0.000715"
"Sample 18","B12457/S2367","6","Disordered","","500","100","0.240","true","5525","0.552500","0.588800","0.552568","0.588719","10000","1.000000","-0.001208","0.000000","0","0.000187"
"Sample 18","B12457/S2367","7","Disordered","","500","100","0.240","true","5459","0.545900","0.585000","0.552417","0.588958","10000","1.000000","-0.000834","0.000000","0","0.000121"
"Sample 18","B12457/S2367","8","Disordered","","500","100","0.240","true","5464","0.546400","0.584600","0.552956","0.587602","10000","1.000000","0.000057","0.000000","0","0.000170"
"Sample 18","B12457/S2367","9","Disordered","","500","100","0.240","true","5467","0.546700","0.593700","0.552021","0.588199","10000","1.000000","-0.001369","0.000000","0","0.000185"
"Sample 18","B12457/S2367","10","Disordered","","500","100","0.240","true","5538","0.553800","0.584000","0.551870","0.588085","10000","1.000000","-0.001555","0.000000","0","0.000272"
"Sample 19","B03568/S4568","1","Expanding","","500","100","0.240","true","6894","0.689400","0.382500","0.692179","0.387827","10000","1.000000","0.020319","0.000000","0","0.000575"
"Sample 19","B03568/S4568","2","Expanding","","500","100","0.240","true","6936","0.693600","0.387300","0.692892","0.387078","10000","1.000000","0.022853","0.000000","0","0.000922"
"Sample 19","B03568/S4568","3","Expanding","","500","100","0.240","true","6894","0.689400","0.395400","0.692910","0.387075","10000","1.000000","0.021304","0.000000","0","0.001057"
"Sample 19","B03568/S4568","4","Expanding","","500","100","0.240","true","6859","0.685900","0.378500","0.693818","0.386983","10000","1.000000","0.023973","0.000000","0","0.001424"
"Sample 19","B03568/S4568","5","Expanding","","500","100","0.240","true","7006","0.700600","0.383300","0.693563","0.387228","10000","1.000000","0.020946","0.000000","0","0.000480"
"Sample 19","B03568/S4568","6","Expanding","","500","100","0.240","true","6893","0.689300","0.393700","0.691715","0.388681","10000","1.000000","0.018816","0.000000","0","0.000805"
"Sample 19","B03568/S4568","7","Expanding","","500","100","0.240","true","6973","0.697300","0.385400","0.693553","0.386177","10000","1.000000","0.021878","0.000000","0","0.000120"
"Sample 19","B03568/S4568","8","Expanding","","500","100","0.240","true","6934","0.693400","0.382700","0.693183","0.385895","10000","1.000000","0.023008","0.000000","0","0.001408"
"Sample 19","B03568/S4568","9","Expanding","","500","100","0.240","true","6991","0.699100","0.380200","0.692481","0.387311","10000","1.000000","0.024313","0.000000","0","0.001714"
"Sample 19","B03568/S4568","10","Expanding","","500","100","0.240","true","6986","0.698600","0.390100","0.692146","0.387526","10000","1.000000","0.022858","0.000000","0","0.001171"
"Sample 20","B378/S01678","1","Periodic","","500","100","0.240","true","755","0.075500","0.004000","0.075500","0.004000","10000","1.000000","-0.010474","0.000000","4","0.001465"
"Sample 20","B378/S01678","2","Periodic","","500","100","0.240","true","725","0.072500","0.003200","0.072500","0.003200","10000","1.000000","-0.010546","0.000000","2","0.003133"
"Sample 20","B378/S01678","3","Periodic","","500","100","0.240","true","769","0.076900","0.005000","0.076900","0.005000","10000","1.000000","-0.010579","0.000000","4","0.001766"
"Sample 20","B378/S01678","4","Periodic","","500","100","0.240","true","720","0.072000","0.004200","0.072000","0.004200","10000","1.000000","-0.010985","0.000000","2","0.001240"
"Sample 20","B378/S01678","5","Periodic","","500","100","0.240","true","731","0.073100","0.004800","0.073100","0.004800","10000","1.000000","-0.010416","0.000000","4","0.001881"
"Sample 20","B378/S01678","6","Periodic","","500","100","0.240","true","706","0.070600","0.003600","0.070600","0.003600","10000","1.000000","-0.010734","0.000000","4","0.002245"
"Sample 20","B378/S01678","7","Periodic","","500","100","0.240","true","740","0.074000","0.004000","0.074000","0.004000","10000","1.000000","-0.012023","0.000000","2","0.003435"
"Sample 20","B378/S01678","8","Periodic","","500","100","0.240","true","720","0.072000","0.006200","0.072000","0.006200","10000","1.000000","-0.010568","0.000000","4","0.002781"
"Sample 20","B378/S01678","9","Periodic","","500","100","0.240","true","728","0.072800","0.004800","0.072800","0.004800","10000","1.000000","-0.011373","0.000000","2","0.003486"
"Sample 20","B378/S01678","10","Periodic","","500","100","0.240","true","722","0.072200","0.005400","0.072167","0.005268","10000","1.000000","-0.010797","0.000000","12","0.002469"
"Sample 21","B0268/S346","1","Disordered","","500","100","0.240","true","3893","0.389300","0.351100","0.388847","0.345301","10000","1.000000","0.000243","0.000000","0","0.001258"
"Sample 21","B0268/S346","2","Disordered","","500","100","0.240","true","3887","0.388700","0.345600","0.388785","0.344822","10000","1.000000","0.000171","0.000000","0","0.000563"
"Sample 21","B0268/S346","3","Disordered","","500","100","0.240","true","3886","0.388600","0.352100","0.389120","0.344508","10000","1.000000","-0.000119","0.000000","0","0.000911"
"Sample 21","B0268/S346","4","Disordered","","500","100","0.240","true","3763","0.376300","0.347900","0.387963","0.345496","10000","1.000000","0.000135","0.000000","0","0.001440"
"Sample 21","B0268/S346","5","Disordered","","500","100","0.240","true","3908","0.390800","0.331800","0.388978","0.345029","10000","1.000000","0.000399","0.000000","0","0.000342"
"Sample 21","B0268/S346","6","Disordered","","500","100","0.240","true","3786","0.378600","0.350300","0.388289","0.344848","10000","1.000000","-0.000086","0.000000","0","0.001574"
"Sample 21","B0268/S346","7","Disordered","","500","100","0.240","true","3892","0.389200","0.354300","0.388494","0.345493","10000","1.000000","0.000337","0.000000","0","0.000995"
"Sample 21","B0268/S346","8","Disordered","","500","100","0.240","true","3953","0.395300","0.345800","0.389383","0.344800","10000","1.000000","0.000348","0.000000","0","0.001109"
"Sample 21","B0268/S346","9","Disordered","","500","100","0.240","true","3811","0.381100","0.343500","0.388104","0.345686","10000","1.000000","-0.000373","0.000000","0","0.000260"
"Sample 21","B0268/S346","10","Disordered","","500","100","0.240","true","3934","0.393400","0.353200","0.389037","0.346678","10000","1.000000","0.000854","0.000000","0","0.000312"
"Sample 22","B02468/S0245678","1","Frozen","","500","100","0.240","true","9594","0.959400","0.000000","0.959400","0.000000","10000","1.000000","0.011952","0.000000","1","0.000228"
"Sample 22","B02468/S0245678","2","Frozen","","500","100","0.240","true","9672","0.967200","0.000000","0.967200","0.000000","10000","1.000000","0.012125","0.000000","1","0.000276"
"Sample 22","B02468/S0245678","3","Frozen","","500","100","0.240","true","9654","0.965400","0.000000","0.965400","0.000000","10000","1.000000","0.011730","0.000000","1","0.000093"
"Sample 22","B02468/S0245678","4","Frozen","","500","100","0.240","true","9592","0.959200","0.000000","0.959200","0.000000","10000","1.000000","0.011349","0.000000","1","0.000202"
"Sample 22","B02468/S0245678","5","Frozen","","500","100","0.240","true","9616","0.961600","0.000000","0.961600","0.000000","10000","1.000000","0.011649","0.000000","1","0.000122"
"Sample 22","B02468/S0245678","6","Periodic","","500","100","0.240","true","9616","0.961600","0.000400","0.961600","0.000400","10000","1.000000","0.011813","0.000000","2","0.000217"
"Sample 22","B02468/S0245678","7","Frozen","","500","100","0.240","true","9618","0.961800","0.000000","0.961800","0.000000","10000","1.000000","0.011878","0.000000","1","0.000080"
"Sample 22","B02468/S0245678","8","Frozen","","500","100","0.240","true","9644","0.964400","0.000000","0.964400","0.000000","10000","1.000000","0.011701","0.000000","1","0.000187"
"Sample 22","B02468/S0245678","9","Frozen","","500","100","0.240","true","9620","0.962000","0.000000","0.962000","0.000000","10000","1.000000","0.011802","0.000000","1","0.000169"
"Sample 22","B02468/S0245678","10","Frozen","","500","100","0.240","true","9634","0.963400","0.000000","0.963400","0.000000","10000","1.000000","0.011919","0.000000","1","0.000153"
"Sample 23","B056/S1278","1","Structured Dynamic","","500","100","0.240","true","2667","0.266700","0.033900","0.268952","0.034178","10000","1.000000","-0.000034","0.000000","0","0.000272"
"Sample 23","B056/S1278","2","Periodic","","500","100","0.240","true","2698","0.269800","0.030900","0.269917","0.030961","10000","1.000000","0.000122","0.000000","12","0.000206"
"Sample 23","B056/S1278","3","Periodic","","500","100","0.240","true","2678","0.267800","0.035800","0.267784","0.036436","10000","1.000000","-0.000085","0.000000","60","0.000361"
"Sample 23","B056/S1278","4","Periodic","","500","100","0.240","true","2691","0.269100","0.034300","0.267306","0.034098","10000","1.000000","0.000053","0.000000","60","0.000167"
"Sample 23","B056/S1278","5","Periodic","","500","100","0.240","true","2681","0.268100","0.033300","0.269207","0.033938","10000","1.000000","0.000149","0.000000","420","0.000035"
"Sample 23","B056/S1278","6","Structured Dynamic","","500","100","0.240","true","2701","0.270100","0.034900","0.269137","0.034263","10000","1.000000","-0.000030","0.000000","0","0.000226"
"Sample 23","B056/S1278","7","Periodic","","500","100","0.240","true","2685","0.268500","0.034000","0.269575","0.033944","10000","1.000000","0.000220","0.000000","120","0.000431"
"Sample 23","B056/S1278","8","Periodic","","500","100","0.240","true","2695","0.269500","0.032200","0.272347","0.032552","10000","1.000000","0.000363","0.000000","60","0.000176"
"Sample 23","B056/S1278","9","Periodic","","500","100","0.240","true","2712","0.271200","0.033000","0.270599","0.033023","10000","1.000000","-0.000172","0.000000","84","0.000222"
"Sample 23","B056/S1278","10","Periodic","","500","100","0.240","true","2679","0.267900","0.034600","0.268529","0.035254","10000","1.000000","0.000344","0.000000","12","0.000375"
"Sample 24","B13678/S03458","1","Disordered","","500","100","0.240","true","5528","0.552800","0.365200","0.556323","0.365955","10000","1.000000","0.001070","0.000000","0","0.000734"
"Sample 24","B13678/S03458","2","Disordered","","500","100","0.240","true","5509","0.550900","0.359200","0.555753","0.365417","10000","1.000000","0.000045","0.000000","0","0.000376"
"Sample 24","B13678/S03458","3","Disordered","","500","100","0.240","true","5603","0.560300","0.363000","0.555991","0.365288","10000","1.000000","0.000511","0.000000","0","0.000300"
"Sample 24","B13678/S03458","4","Disordered","","500","100","0.240","true","5637","0.563700","0.356900","0.556098","0.365718","10000","1.000000","0.000678","0.000000","0","0.000731"
"Sample 24","B13678/S03458","5","Disordered","","500","100","0.240","true","5702","0.570200","0.359400","0.556403","0.365256","10000","1.000000","0.001420","0.000000","0","0.000386"
"Sample 24","B13678/S03458","6","Disordered","","500","100","0.240","true","5389","0.538900","0.366900","0.556131","0.365416","10000","1.000000","0.000642","0.000000","0","0.000117"
"Sample 24","B13678/S03458","7","Disordered","","500","100","0.240","true","5546","0.554600","0.363000","0.555921","0.364300","10000","1.000000","0.000568","0.000000","0","0.000626"
"Sample 24","B13678/S03458","8","Disordered","","500","100","0.240","true","5518","0.551800","0.370900","0.556550","0.364991","10000","1.000000","0.001878","0.000000","0","0.000321"
"Sample 24","B13678/S03458","9","Disordered","","500","100","0.240","true","5451","0.545100","0.361600","0.556676","0.366619","10000","1.000000","0.002171","0.000000","0","0.000814"
"Sample 24","B13678/S03458","10","Disordered","","500","100","0.240","true","5557","0.555700","0.361000","0.556016","0.365473","10000","1.000000","0.000857","0.000000","0","0.000788"
"Sample 25","B234/S2345","1","Periodic","","500","100","0.240","true","5759","0.575900","0.022000","0.576192","0.021268","10000","1.000000","0.005746","0.000000","24","0.000652"
"Sample 25","B234/S2345","2","Periodic","","500","100","0.240","true","5786","0.578600","0.021700","0.576325","0.021900","10000","1.000000","0.005884","0.000000","4","0.000254"
"Sample 25","B234/S2345","3","Periodic","","500","100","0.240","true","5705","0.570500","0.023300","0.573032","0.023433","10000","1.000000","0.004861","0.000000","24","0.000317"
"Sample 25","B234/S2345","4","Periodic","","500","100","0.240","true","5740","0.574000","0.029400","0.574723","0.030713","10000","1.000000","0.005733","0.000000","24","0.000247"
"Sample 25","B234/S2345","5","Periodic","","500","100","0.240","true","5728","0.572800","0.024700","0.573470","0.024485","10000","1.000000","0.005288","0.000000","24","0.000146"
"Sample 25","B234/S2345","6","Periodic","","500","100","0.240","true","5755","0.575500","0.024900","0.574994","0.025576","10000","1.000000","0.005671","0.000000","60","0.000246"
"Sample 25","B234/S2345","7","Periodic","","500","100","0.240","true","5737","0.573700","0.023400","0.574815","0.022405","10000","1.000000","0.005148","0.000000","24","0.000552"
"Sample 25","B234/S2345","8","Periodic","","500","100","0.240","true","5780","0.578000","0.024000","0.576764","0.024770","10000","1.000000","0.005601","0.000000","120","0.000128"
"Sample 25","B234/S2345","9","Periodic","","500","100","0.240","true","5768","0.576800","0.019600","0.575075","0.019700","10000","1.000000","0.005675","0.000000","8","0.000201"
"Sample 25","B234/S2345","10","Periodic","","500","100","0.240","true","5753","0.575300","0.021400","0.576067","0.021668","10000","1.000000","0.006144","0.000000","24","0.000114"
"Sample 26","B24/S3456","1","Periodic","","500","100","0.240","true","6633","0.663300","0.002400","0.663480","0.002435","10000","1.000000","0.007189","0.000000","12","0.000155"
"Sample 26","B24/S3456","2","Periodic","","500","100","0.240","true","6654","0.665400","0.001700","0.665645","0.002096","10000","1.000000","0.006580","0.000000","6","0.000056"
"Sample 26","B24/S3456","3","Periodic","","500","100","0.240","true","6625","0.662500","0.001800","0.662600","0.001800","10000","1.000000","0.007023","0.000000","6","0.000127"
"Sample 26","B24/S3456","4","Periodic","","500","100","0.240","true","6618","0.661800","0.001400","0.662165","0.001765","10000","1.000000","0.006689","0.000000","12","0.000255"
"Sample 26","B24/S3456","5","Periodic","","500","100","0.240","true","6664","0.666400","0.001200","0.666667","0.001662","10000","1.000000","0.007478","0.000000","6","0.000221"
"Sample 26","B24/S3456","6","Periodic","","500","100","0.240","true","6624","0.662400","0.001100","0.662665","0.001265","10000","1.000000","0.007019","0.000000","6","0.000264"
"Sample 26","B24/S3456","7","Periodic","","500","100","0.240","true","6640","0.664000","0.000700","0.664529","0.001129","10000","1.000000","0.006948","0.000000","6","0.000170"
"Sample 26","B24/S3456","8","Periodic","","500","100","0.240","true","6665","0.666500","0.002000","0.666099","0.001899","10000","1.000000","0.006980","0.000000","12","0.000274"
"Sample 26","B24/S3456","9","Periodic","","500","100","0.240","true","6651","0.665100","0.000900","0.665115","0.000966","10000","1.000000","0.006931","0.000000","6","0.000108"
"Sample 26","B24/S3456","10","Periodic","","500","100","0.240","true","6624","0.662400","0.002800","0.662285","0.002635","10000","1.000000","0.007002","0.000000","6","0.000108"
"Sample 27","B01457/S0236","1","Disordered","","500","100","0.240","true","4916","0.491600","0.539200","0.493644","0.542997","10000","1.000000","-0.000037","0.000000","0","0.000092"
"Sample 27","B01457/S0236","2","Disordered","","500","100","0.240","true","4827","0.482700","0.553500","0.493584","0.542645","10000","1.000000","-0.000622","0.000000","0","0.000411"
"Sample 27","B01457/S0236","3","Disordered","","500","100","0.240","true","4953","0.495300","0.540600","0.493886","0.543163","10000","1.000000","-0.000617","0.000000","0","0.000332"
"Sample 27","B01457/S0236","4","Disordered","","500","100","0.240","true","4965","0.496500","0.541000","0.494249","0.543155","10000","1.000000","0.000646","0.000000","0","0.000562"
"Sample 27","B01457/S0236","5","Disordered","","500","100","0.240","true","4947","0.494700","0.550000","0.493822","0.542804","10000","1.000000","0.000107","0.000000","0","0.000599"
"Sample 27","B01457/S0236","6","Disordered","","500","100","0.240","true","4917","0.491700","0.540600","0.494028","0.542089","10000","1.000000","-0.000340","0.000000","0","0.000370"
"Sample 27","B01457/S0236","7","Disordered","","500","100","0.240","true","4973","0.497300","0.536400","0.494663","0.543528","10000","1.000000","0.000784","0.000000","0","0.000625"
"Sample 27","B01457/S0236","8","Disordered","","500","100","0.240","true","4861","0.486100","0.548900","0.493204","0.542253","10000","1.000000","-0.001087","0.000000","0","0.000292"
"Sample 27","B01457/S0236","9","Disordered","","500","100","0.240","true","4923","0.492300","0.539600","0.494418","0.543075","10000","1.000000","-0.001125","0.000000","0","0.000170"
"Sample 27","B01457/S0236","10","Disordered","","500","100","0.240","true","4900","0.490000","0.545300","0.494368","0.543576","10000","1.000000","0.000208","0.000000","0","0.000498"
"Sample 28","B134568/S12568","1","Expanding","","500","100","0.240","true","6779","0.677900","0.539000","0.673700","0.524064","10000","1.000000","0.001135","0.000000","0","0.000264"
"Sample 28","B134568/S12568","2","Expanding","","500","100","0.240","true","6685","0.668500","0.533800","0.674686","0.523777","10000","1.000000","0.001998","0.000000","0","0.000408"
"Sample 28","B134568/S12568","3","Expanding","","500","100","0.240","true","6741","0.674100","0.528400","0.673256","0.526055","10000","1.000000","0.000475","0.000000","0","0.000323"
"Sample 28","B134568/S12568","4","Expanding","","500","100","0.240","true","6758","0.675800","0.524200","0.672693","0.526871","10000","1.000000","-0.000139","0.000000","0","0.000199"
"Sample 28","B134568/S12568","5","Expanding","","500","100","0.240","true","6761","0.676100","0.520900","0.674629","0.522759","10000","1.000000","0.002152","0.000000","0","0.000152"
"Sample 28","B134568/S12568","6","Expanding","","500","100","0.240","true","6678","0.667800","0.524200","0.674151","0.523777","10000","1.000000","0.002207","0.000000","0","0.000462"
"Sample 28","B134568/S12568","7","Expanding","","500","100","0.240","true","6731","0.673100","0.522200","0.673135","0.526773","10000","1.000000","0.000877","0.000000","0","0.000273"
"Sample 28","B134568/S12568","8","Expanding","","500","100","0.240","true","6796","0.679600","0.522900","0.674113","0.523939","10000","1.000000","0.001428","0.000000","0","0.000417"
"Sample 28","B134568/S12568","9","Expanding","","500","100","0.240","true","6705","0.670500","0.524500","0.672656","0.527578","10000","1.000000","0.000755","0.000000","0","0.000356"
"Sample 28","B134568/S12568","10","Expanding","","500","100","0.240","true","6763","0.676300","0.527600","0.673601","0.524671","10000","1.000000","0.001244","0.000000","0","0.000374"
"Sample 29","B0568/S134","1","Structured Dynamic","","500","100","0.240","true","2879","0.287900","0.038300","0.285046","0.035751","10000","1.000000","0.002216","0.000000","0","0.004806"
"Sample 29","B0568/S134","2","Structured Dynamic","","500","100","0.240","true","2809","0.280900","0.060100","0.286142","0.061913","10000","1.000000","0.006170","0.000000","0","0.001483"
"Sample 29","B0568/S134","3","Structured Dynamic","","500","100","0.240","true","2787","0.278700","0.046400","0.279173","0.053945","10000","1.000000","-0.001579","0.000000","0","0.002293"
"Sample 29","B0568/S134","4","Structured Dynamic","","500","100","0.240","true","2823","0.282300","0.045100","0.280484","0.046927","10000","1.000000","-0.001334","0.000000","0","0.001302"
"Sample 29","B0568/S134","5","Structured Dynamic","","500","100","0.240","true","2816","0.281600","0.058900","0.278661","0.066980","10000","1.000000","-0.002882","0.000000","0","0.002442"
"Sample 29","B0568/S134","6","Structured Dynamic","","500","100","0.240","true","2866","0.286600","0.042800","0.284828","0.042672","10000","1.000000","0.003986","0.000000","0","0.004547"
"Sample 29","B0568/S134","7","Structured Dynamic","","500","100","0.240","true","2846","0.284600","0.038400","0.283081","0.041719","10000","1.000000","0.002591","0.000000","0","0.000846"
"Sample 29","B0568/S134","8","Structured Dynamic","","500","100","0.240","true","2787","0.278700","0.060600","0.280402","0.057300","10000","1.000000","-0.000754","0.000000","0","0.004655"
"Sample 29","B0568/S134","9","Structured Dynamic","","500","100","0.240","true","2744","0.274400","0.059400","0.280086","0.066426","10000","1.000000","-0.000107","0.000000","0","0.005465"
"Sample 29","B0568/S134","10","Structured Dynamic","","500","100","0.240","true","2807","0.280700","0.057000","0.283597","0.056050","10000","1.000000","0.004181","0.000000","0","0.001300"
"Sample 30","B6/S013678","1","Frozen","","500","100","0.240","true","1251","0.125100","0.000000","0.125100","0.000000","10000","1.000000","-0.000207","0.000000","1","0.000030"
"Sample 30","B6/S013678","2","Frozen","","500","100","0.240","true","1238","0.123800","0.000000","0.123800","0.000000","10000","1.000000","-0.000227","0.000000","1","0.000063"
"Sample 30","B6/S013678","3","Frozen","","500","100","0.240","true","1236","0.123600","0.000000","0.123600","0.000000","10000","1.000000","-0.000246","0.000000","1","0.000052"
"Sample 30","B6/S013678","4","Frozen","","500","100","0.240","true","1249","0.124900","0.000000","0.124900","0.000000","10000","1.000000","-0.000165","0.000000","1","0.000083"
"Sample 30","B6/S013678","5","Frozen","","500","100","0.240","true","1243","0.124300","0.000000","0.124300","0.000000","10000","1.000000","-0.000229","0.000000","1","0.000067"
"Sample 30","B6/S013678","6","Frozen","","500","100","0.240","true","1220","0.122000","0.000000","0.122000","0.000000","10000","1.000000","-0.000251","0.000000","1","0.000122"
"Sample 30","B6/S013678","7","Frozen","","500","100","0.240","true","1207","0.120700","0.000000","0.120700","0.000000","10000","1.000000","-0.000246","0.000000","1","0.000048"
"Sample 30","B6/S013678","8","Frozen","","500","100","0.240","true","1222","0.122200","0.000000","0.122200","0.000000","10000","1.000000","-0.000232","0.000000","1","0.000039"
"Sample 30","B6/S013678","9","Frozen","","500","100","0.240","true","1249","0.124900","0.000000","0.124900","0.000000","10000","1.000000","-0.000192","0.000000","1","0.000057"
"Sample 30","B6/S013678","10","Frozen","","500","100","0.240","true","1191","0.119100","0.000000","0.119100","0.000000","10000","1.000000","-0.000195","0.000000","1","0.000038"
"Sample 31","B0167/S012","1","Disordered","","500","100","0.240","true","3258","0.325800","0.527800","0.366513","0.524484","10000","1.000000","0.000258","0.000000","0","0.000326"
"Sample 31","B0167/S012","2","Periodic","","500","100","0.240","true","3225","0.322500","0.437400","0.355158","0.436912","10000","1.000000","-0.002811","0.000000","240","0.001357"
"Sample 31","B0167/S012","3","Periodic","","500","100","0.240","true","3404","0.340400","0.450000","0.355783","0.449845","10000","1.000000","-0.002240","0.000000","240","0.002977"
"Sample 31","B0167/S012","4","Disordered","","500","100","0.240","true","3445","0.344500","0.505500","0.361750","0.505807","10000","1.000000","-0.002467","0.000000","0","0.001728"
"Sample 31","B0167/S012","5","Disordered","","500","100","0.240","true","3525","0.352500","0.553700","0.368284","0.549697","10000","1.000000","-0.000050","0.000000","0","0.001913"
"Sample 31","B0167/S012","6","Disordered","","500","100","0.240","true","3243","0.324300","0.424500","0.353248","0.424826","10000","1.000000","-0.005864","0.000000","0","0.001325"
"Sample 31","B0167/S012","7","Disordered","","500","100","0.240","true","3270","0.327000","0.463100","0.356514","0.461468","10000","1.000000","-0.004735","0.000000","0","0.001117"
"Sample 31","B0167/S012","8","Disordered","","500","100","0.240","true","3255","0.325500","0.486700","0.359956","0.485413","10000","1.000000","-0.000868","0.000000","0","0.000950"
"Sample 31","B0167/S012","9","Disordered","","500","100","0.240","true","3314","0.331400","0.506100","0.362426","0.503392","10000","1.000000","0.000143","0.000000","0","0.002185"
"Sample 31","B0167/S012","10","Disordered","","500","100","0.240","true","3328","0.332800","0.499000","0.360831","0.497637","10000","1.000000","-0.001807","0.000000","0","0.001341"
"Sample 32","B123567/S012357","1","Disordered","","500","100","0.240","true","6222","0.622200","0.575700","0.620167","0.580134","10000","1.000000","-0.000390","0.000000","0","0.000220"
"Sample 32","B123567/S012357","2","Disordered","","500","100","0.240","true","6161","0.616100","0.580400","0.620156","0.579079","10000","1.000000","-0.000862","0.000000","0","0.000159"
"Sample 32","B123567/S012357","3","Disordered","","500","100","0.240","true","6254","0.625400","0.577100","0.619724","0.579346","10000","1.000000","-0.001040","0.000000","0","0.000472"
"Sample 32","B123567/S012357","4","Disordered","","500","100","0.240","true","6171","0.617100","0.593700","0.620415","0.579526","10000","1.000000","-0.001057","0.000000","0","0.000286"
"Sample 32","B123567/S012357","5","Disordered","","500","100","0.240","true","6247","0.624700","0.573100","0.620210","0.580370","10000","1.000000","-0.000024","0.000000","0","0.000162"
"Sample 32","B123567/S012357","6","Disordered","","500","100","0.240","true","6195","0.619500","0.577700","0.620117","0.580332","10000","1.000000","-0.000475","0.000000","0","0.000368"
"Sample 32","B123567/S012357","7","Disordered","","500","100","0.240","true","6280","0.628000","0.571600","0.620649","0.579253","10000","1.000000","-0.000456","0.000000","0","0.000436"
"Sample 32","B123567/S012357","8","Disordered","","500","100","0.240","true","6161","0.616100","0.583600","0.620339","0.579240","10000","1.000000","-0.001122","0.000000","0","0.000174"
"Sample 32","B123567/S012357","9","Disordered","","500","100","0.240","true","6270","0.627000","0.573000","0.621563","0.578947","10000","1.000000","0.000605","0.000000","0","0.000229"
"Sample 32","B123567/S012357","10","Disordered","","500","100","0.240","true","6180","0.618000","0.586900","0.620661","0.580504","10000","1.000000","-0.000013","0.000000","0","0.000365"
"Sample 33","B03/S3456","1","Periodic","","500","100","0.240","true","6320","0.632000","0.002700","0.632150","0.002800","10000","1.000000","0.010390","0.000000","4","0.000074"
"Sample 33","B03/S3456","2","Periodic","","500","100","0.240","true","6334","0.633400","0.003200","0.633300","0.003200","10000","1.000000","0.010226","0.000000","2","0.000193"
"Sample 33","B03/S3456","3","Periodic","","500","100","0.240","true","6323","0.632300","0.003700","0.632250","0.003400","10000","1.000000","0.010592","0.000000","4","0.000186"
"Sample 33","B03/S3456","4","Periodic","","500","100","0.240","true","6331","0.633100","0.004700","0.633050","0.004800","10000","1.000000","0.010439","0.000000","4","0.000112"
"Sample 33","B03/S3456","5","Periodic","","500","100","0.240","true","6319","0.631900","0.004500","0.631850","0.004500","10000","1.000000","0.010877","0.000000","2","0.000314"
"Sample 33","B03/S3456","6","Periodic","","500","100","0.240","true","6333","0.633300","0.003600","0.633300","0.003600","10000","1.000000","0.011513","0.000000","2","0.000656"
"Sample 33","B03/S3456","7","Periodic","","500","100","0.240","true","6328","0.632800","0.003700","0.632850","0.003600","10000","1.000000","0.010507","0.000000","4","0.000559"
"Sample 33","B03/S3456","8","Periodic","","500","100","0.240","true","6329","0.632900","0.003400","0.632800","0.003400","10000","1.000000","0.010595","0.000000","4","0.000264"
"Sample 33","B03/S3456","9","Periodic","","500","100","0.240","true","6308","0.630800","0.003800","0.630800","0.003800","10000","1.000000","0.010707","0.000000","4","0.000094"
"Sample 33","B03/S3456","10","Periodic","","500","100","0.240","true","6309","0.630900","0.002700","0.631050","0.002800","10000","1.000000","0.010376","0.000000","4","0.000169"
"Sample 34","B1367/S026","1","Disordered","","500","100","0.240","true","3764","0.376400","0.546800","0.376886","0.544162","10000","1.000000","-0.000485","0.000000","0","0.001118"
"Sample 34","B1367/S026","2","Disordered","","500","100","0.240","true","3802","0.380200","0.544100","0.376992","0.543702","10000","1.000000","-0.000415","0.000000","0","0.000195"
"Sample 34","B1367/S026","3","Disordered","","500","100","0.240","true","3732","0.373200","0.554300","0.377182","0.544052","10000","1.000000","-0.000468","0.000000","0","0.000622"
"Sample 34","B1367/S026","4","Disordered","","500","100","0.240","true","3822","0.382200","0.541500","0.377005","0.543937","10000","1.000000","-0.000405","0.000000","0","0.000228"
"Sample 34","B1367/S026","5","Disordered","","500","100","0.240","true","3858","0.385800","0.536300","0.376557","0.543377","10000","1.000000","-0.001025","0.000000","0","0.000335"
"Sample 34","B1367/S026","6","Disordered","","500","100","0.240","true","3656","0.365600","0.540000","0.376265","0.543188","10000","1.000000","-0.000848","0.000000","0","0.000272"
"Sample 34","B1367/S026","7","Disordered","","500","100","0.240","true","3820","0.382000","0.547100","0.376976","0.544343","10000","1.000000","0.000010","0.000000","0","0.000374"
"Sample 34","B1367/S026","8","Disordered","","500","100","0.240","true","3789","0.378900","0.548800","0.377157","0.544491","10000","1.000000","-0.000709","0.000000","0","0.000799"
"Sample 34","B1367/S026","9","Disordered","","500","100","0.240","true","3735","0.373500","0.542200","0.376495","0.544411","10000","1.000000","-0.001490","0.000000","0","0.000978"
"Sample 34","B1367/S026","10","Disordered","","500","100","0.240","true","3592","0.359200","0.551100","0.376755","0.544027","10000","1.000000","-0.000900","0.000000","0","0.000297"
"Sample 35","B1478/S1247","1","Disordered","","500","100","0.240","true","4000","0.400000","0.395100","0.413162","0.388826","10000","1.000000","-0.000199","0.000000","0","0.000317"
"Sample 35","B1478/S1247","2","Disordered","","500","100","0.240","true","4080","0.408000","0.386000","0.413398","0.389189","10000","1.000000","-0.000782","0.000000","0","0.000840"
"Sample 35","B1478/S1247","3","Disordered","","500","100","0.240","true","4165","0.416500","0.387900","0.413611","0.389180","10000","1.000000","-0.000102","0.000000","0","0.000880"
"Sample 35","B1478/S1247","4","Disordered","","500","100","0.240","true","4127","0.412700","0.382000","0.412841","0.388459","10000","1.000000","-0.000929","0.000000","0","0.001004"
"Sample 35","B1478/S1247","5","Disordered","","500","100","0.240","true","4194","0.419400","0.385000","0.412848","0.387937","10000","1.000000","-0.000861","0.000000","0","0.000854"
"Sample 35","B1478/S1247","6","Disordered","","500","100","0.240","true","4160","0.416000","0.388400","0.413403","0.389646","10000","1.000000","-0.000728","0.000000","0","0.000172"
"Sample 35","B1478/S1247","7","Disordered","","500","100","0.240","true","4040","0.404000","0.392200","0.414164","0.389417","10000","1.000000","0.000210","0.000000","0","0.000547"
"Sample 35","B1478/S1247","8","Disordered","","500","100","0.240","true","4133","0.413300","0.379000","0.413922","0.390039","10000","1.000000","0.000281","0.000000","0","0.000534"
"Sample 35","B1478/S1247","9","Disordered","","500","100","0.240","true","4131","0.413100","0.381700","0.412887","0.388354","10000","1.000000","-0.000635","0.000000","0","0.000461"
"Sample 35","B1478/S1247","10","Disordered","","500","100","0.240","true","4094","0.409400","0.390300","0.412605","0.387985","10000","1.000000","-0.001421","0.000000","0","0.000586"
"Sample 36","B123457/S01468","1","Disordered","","500","100","0.240","true","5956","0.595600","0.640200","0.597722","0.637969","10000","1.000000","-0.001864","0.000000","0","0.000387"
"Sample 36","B123457/S01468","2","Disordered","","500","100","0.240","true","5839","0.583900","0.623000","0.597660","0.637376","10000","1.000000","-0.002071","0.000000","0","0.000600"
"Sample 36","B123457/S01468","3","Disordered","","500","100","0.240","true","5952","0.595200","0.637100","0.597453","0.639123","10000","1.000000","-0.001549","0.000000","0","0.000377"
"Sample 36","B123457/S01468","4","Disordered","","500","100","0.240","true","6021","0.602100","0.631500","0.597992","0.637826","10000","1.000000","-0.001733","0.000000","0","0.000096"
"Sample 36","B123457/S01468","5","Disordered","","500","100","0.240","true","6044","0.604400","0.638500","0.597865","0.638454","10000","1.000000","-0.000961","0.000000","0","0.000254"
"Sample 36","B123457/S01468","6","Disordered","","500","100","0.240","true","5887","0.588700","0.633800","0.597316","0.638117","10000","1.000000","-0.001641","0.000000","0","0.000241"
"Sample 36","B123457/S01468","7","Disordered","","500","100","0.240","true","5856","0.585600","0.642700","0.597864","0.637989","10000","1.000000","-0.001146","0.000000","0","0.000150"
"Sample 36","B123457/S01468","8","Disordered","","500","100","0.240","true","5977","0.597700","0.634700","0.597506","0.639314","10000","1.000000","-0.001912","0.000000","0","0.000198"
"Sample 36","B123457/S01468","9","Disordered","","500","100","0.240","true","6011","0.601100","0.638500","0.597661","0.638167","10000","1.000000","-0.001837","0.000000","0","0.000277"
"Sample 36","B123457/S01468","10","Disordered","","500","100","0.240","true","5965","0.596500","0.638100","0.597212","0.638767","10000","1.000000","-0.002047","0.000000","0","0.000150"
"Sample 37","B25/S012678","1","Disordered","","500","100","0.240","true","3651","0.365100","0.415500","0.363467","0.427974","10000","1.000000","-0.000676","0.000000","0","0.000560"
"Sample 37","B25/S012678","2","Disordered","","500","100","0.240","true","3642","0.364200","0.420200","0.363068","0.427356","10000","1.000000","-0.001276","0.000000","0","0.000313"
"Sample 37","B25/S012678","3","Disordered","","500","100","0.240","true","3588","0.358800","0.424600","0.363691","0.427776","10000","1.000000","-0.001139","0.000000","0","0.000340"
"Sample 37","B25/S012678","4","Disordered","","500","100","0.240","true","3615","0.361500","0.433100","0.363549","0.427669","10000","1.000000","-0.000631","0.000000","0","0.001441"
"Sample 37","B25/S012678","5","Disordered","","500","100","0.240","true","3676","0.367600","0.427200","0.364571","0.427216","10000","1.000000","0.000423","0.000000","0","0.000686"
"Sample 37","B25/S012678","6","Disordered","","500","100","0.240","true","3688","0.368800","0.428600","0.363927","0.427920","10000","1.000000","-0.001018","0.000000","0","0.000420"
"Sample 37","B25/S012678","7","Disordered","","500","100","0.240","true","3578","0.357800","0.427500","0.364752","0.428887","10000","1.000000","0.001207","0.000000","0","0.000922"
"Sample 37","B25/S012678","8","Disordered","","500","100","0.240","true","3715","0.371500","0.417800","0.363388","0.427199","10000","1.000000","-0.000614","0.000000","0","0.000246"
"Sample 37","B25/S012678","9","Disordered","","500","100","0.240","true","3614","0.361400","0.444800","0.364108","0.427897","10000","1.000000","-0.000939","0.000000","0","0.000312"
"Sample 37","B25/S012678","10","Disordered","","500","100","0.240","true","3578","0.357800","0.431200","0.364303","0.427675","10000","1.000000","-0.000152","0.000000","0","0.000843"
"Sample 38","B267/S026","1","Structured Dynamic","","500","100","0.240","true","2925","0.292500","0.416600","0.305060","0.408072","10000","1.000000","0.000235","0.000000","0","0.001336"
"Sample 38","B267/S026","2","Structured Dynamic","","500","100","0.240","true","3039","0.303900","0.414300","0.304441","0.406041","10000","1.000000","0.000375","0.000000","0","0.000569"
"Sample 38","B267/S026","3","Structured Dynamic","","500","100","0.240","true","3032","0.303200","0.415100","0.303701","0.406027","10000","1.000000","-0.000286","0.000000","0","0.000657"
"Sample 38","B267/S026","4","Structured Dynamic","","500","100","0.240","true","3041","0.304100","0.399400","0.304335","0.406861","10000","1.000000","-0.000367","0.000000","0","0.000934"
"Sample 38","B267/S026","5","Structured Dynamic","","500","100","0.240","true","3058","0.305800","0.411000","0.304637","0.407542","10000","1.000000","-0.000222","0.000000","0","0.000771"
"Sample 38","B267/S026","6","Structured Dynamic","","500","100","0.240","true","3025","0.302500","0.394400","0.303894","0.405339","10000","1.000000","-0.001120","0.000000","0","0.000529"
"Sample 38","B267/S026","7","Structured Dynamic","","500","100","0.240","true","3096","0.309600","0.406600","0.303912","0.404899","10000","1.000000","-0.000320","0.000000","0","0.000756"
"Sample 38","B267/S026","8","Structured Dynamic","","500","100","0.240","true","3082","0.308200","0.399700","0.304859","0.406547","10000","1.000000","0.000523","0.000000","0","0.000682"
"Sample 38","B267/S026","9","Structured Dynamic","","500","100","0.240","true","2980","0.298000","0.409700","0.305009","0.407189","10000","1.000000","0.000386","0.000000","0","0.001772"
"Sample 38","B267/S026","10","Structured Dynamic","","500","100","0.240","true","3125","0.312500","0.413900","0.303723","0.407167","10000","1.000000","-0.000669","0.000000","0","0.000765"
"Sample 39","B01236/S1347","1","Disordered","","500","100","0.240","true","5260","0.526000","0.494900","0.517240","0.503614","10000","1.000000","-0.001872","0.000000","0","0.000380"
"Sample 39","B01236/S1347","2","Disordered","","500","100","0.240","true","5366","0.536600","0.497000","0.516858","0.503118","10000","1.000000","-0.002189","0.000000","0","0.000482"
"Sample 39","B01236/S1347","3","Disordered","","500","100","0.240","true","5156","0.515600","0.503700","0.517415","0.503941","10000","1.000000","-0.002075","0.000000","0","0.000127"
"Sample 39","B01236/S1347","4","Disordered","","500","100","0.240","true","5172","0.517200","0.502500","0.516859","0.503211","10000","1.000000","-0.002272","0.000000","0","0.000745"
"Sample 39","B01236/S1347","5","Disordered","","500","100","0.240","true","5215","0.521500","0.503100","0.516924","0.501421","10000","1.000000","-0.002684","0.000000","0","0.000370"
"Sample 39","B01236/S1347","6","Disordered","","500","100","0.240","true","5238","0.523800","0.501900","0.517039","0.503633","10000","1.000000","-0.001661","0.000000","0","0.000331"
"Sample 39","B01236/S1347","7","Disordered","","500","100","0.240","true","5157","0.515700","0.504000","0.516951","0.501955","10000","1.000000","-0.002279","0.000000","0","0.000272"
"Sample 39","B01236/S1347","8","Disordered","","500","100","0.240","true","4973","0.497300","0.501100","0.516160","0.500562","10000","1.000000","-0.002623","0.000000","0","0.000335"
"Sample 39","B01236/S1347","9","Disordered","","500","100","0.240","true","5077","0.507700","0.503400","0.516738","0.501809","10000","1.000000","-0.002616","0.000000","0","0.000408"
"Sample 39","B01236/S1347","10","Disordered","","500","100","0.240","true","5227","0.522700","0.515900","0.516385","0.502037","10000","1.000000","-0.003217","0.000000","0","0.000042"
"Sample 40","B034568/S012368","1","Disordered","","500","100","0.240","true","6008","0.600800","0.686500","0.599506","0.689678","10000","1.000000","0.000492","0.000000","0","0.000069"
"Sample 40","B034568/S012368","2","Disordered","","500","100","0.240","true","6008","0.600800","0.684500","0.599795","0.688866","10000","1.000000","0.000835","0.000000","0","0.000245"
"Sample 40","B034568/S012368","3","Disordered","","500","100","0.240","true","6047","0.604700","0.687400","0.599647","0.689967","10000","1.000000","0.000735","0.000000","0","0.000269"
"Sample 40","B034568/S012368","4","Disordered","","500","100","0.240","true","6074","0.607400","0.690800","0.599663","0.691170","10000","1.000000","0.000673","0.000000","0","0.000257"
"Sample 40","B034568/S012368","5","Disordered","","500","100","0.240","true","5907","0.590700","0.693100","0.599484","0.690267","10000","1.000000","-0.000097","0.000000","0","0.000051"
"Sample 40","B034568/S012368","6","Disordered","","500","100","0.240","true","6054","0.605400","0.680500","0.600061","0.689739","10000","1.000000","0.001436","0.000000","0","0.000178"
"Sample 40","B034568/S012368","7","Disordered","","500","100","0.240","true","6084","0.608400","0.692000","0.599882","0.689212","10000","1.000000","0.001139","0.000000","0","0.000074"
"Sample 40","B034568/S012368","8","Disordered","","500","100","0.240","true","6028","0.602800","0.682100","0.599355","0.689364","10000","1.000000","-0.000294","0.000000","0","0.000316"
"Sample 40","B034568/S012368","9","Disordered","","500","100","0.240","true","5971","0.597100","0.695500","0.599810","0.689646","10000","1.000000","0.000641","0.000000","0","0.000400"
"Sample 40","B034568/S012368","10","Disordered","","500","100","0.240","true","6016","0.601600","0.680600","0.600052","0.689629","10000","1.000000","0.001098","0.000000","0","0.000233"
"Sample 41","B1378/S0357","1","Disordered","","500","100","0.240","true","4028","0.402800","0.447600","0.397271","0.457397","10000","1.000000","-0.000006","0.000000","0","0.000511"
"Sample 41","B1378/S0357","2","Disordered","","500","100","0.240","true","4045","0.404500","0.454200","0.397317","0.457320","10000","1.000000","-0.000525","0.000000","0","0.001001"
"Sample 41","B1378/S0357","3","Disordered","","500","100","0.240","true","4090","0.409000","0.451600","0.396711","0.457034","10000","1.000000","-0.000009","0.000000","0","0.000394"
"Sample 41","B1378/S0357","4","Disordered","","500","100","0.240","true","4015","0.401500","0.458900","0.396731","0.457111","10000","1.000000","0.000020","0.000000","0","0.000737"
"Sample 41","B1378/S0357","5","Disordered","","500","100","0.240","true","3961","0.396100","0.452100","0.396665","0.456700","10000","1.000000","-0.000406","0.000000","0","0.000181"
"Sample 41","B1378/S0357","6","Disordered","","500","100","0.240","true","3978","0.397800","0.451200","0.397207","0.456935","10000","1.000000","0.000472","0.000000","0","0.000150"
"Sample 41","B1378/S0357","7","Disordered","","500","100","0.240","true","4087","0.408700","0.454700","0.397555","0.456901","10000","1.000000","0.000165","0.000000","0","0.000656"
"Sample 41","B1378/S0357","8","Disordered","","500","100","0.240","true","3906","0.390600","0.452200","0.397081","0.456931","10000","1.000000","-0.000435","0.000000","0","0.000288"
"Sample 41","B1378/S0357","9","Disordered","","500","100","0.240","true","3989","0.398900","0.453900","0.396892","0.458205","10000","1.000000","-0.000125","0.000000","0","0.000526"
"Sample 41","B1378/S0357","10","Disordered","","500","100","0.240","true","4009","0.400900","0.456600","0.397199","0.457291","10000","1.000000","-0.000345","0.000000","0","0.000679"
"Sample 42","B047/S37","1","Structured Dynamic","","500","100","0.240","true","2624","0.262400","0.412000","0.263753","0.413189","10000","1.000000","-0.000201","0.000000","0","0.000453"
"Sample 42","B047/S37","2","Structured Dynamic","","500","100","0.240","true","2711","0.271100","0.415200","0.263970","0.414309","10000","1.000000","-0.000141","0.000000","0","0.000504"
"Sample 42","B047/S37","3","Structured Dynamic","","500","100","0.240","true","2509","0.250900","0.414400","0.263513","0.413250","10000","1.000000","-0.000023","0.000000","0","0.001081"
"Sample 42","B047/S37","4","Structured Dynamic","","500","100","0.240","true","2701","0.270100","0.412800","0.263887","0.414391","10000","1.000000","0.000190","0.000000","0","0.000312"
"Sample 42","B047/S37","5","Structured Dynamic","","500","100","0.240","true","2604","0.260400","0.419200","0.263632","0.413174","10000","1.000000","0.000199","0.000000","0","0.000696"
"Sample 42","B047/S37","6","Structured Dynamic","","500","100","0.240","true","2823","0.282300","0.425700","0.264323","0.413940","10000","1.000000","0.001103","0.000000","0","0.000617"
"Sample 42","B047/S37","7","Structured Dynamic","","500","100","0.240","true","2613","0.261300","0.414100","0.263600","0.413716","10000","1.000000","-0.000034","0.000000","0","0.001032"
"Sample 42","B047/S37","8","Structured Dynamic","","500","100","0.240","true","2639","0.263900","0.412400","0.264243","0.414452","10000","1.000000","0.000745","0.000000","0","0.000485"
"Sample 42","B047/S37","9","Structured Dynamic","","500","100","0.240","true","2691","0.269100","0.418600","0.263731","0.412571","10000","1.000000","0.000292","0.000000","0","0.000802"
"Sample 42","B047/S37","10","Structured Dynamic","","500","100","0.240","true","2732","0.273200","0.418900","0.263968","0.414172","10000","1.000000","0.000370","0.000000","0","0.000330"
"Sample 43","B01257/S02368","1","Disordered","","500","100","0.240","true","4551","0.455100","0.457800","0.457523","0.455784","10000","1.000000","-0.002865","0.000000","0","0.000249"
"Sample 43","B01257/S02368","2","Disordered","","500","100","0.240","true","4451","0.445100","0.452300","0.457328","0.454287","10000","1.000000","-0.002791","0.000000","0","0.000128"
"Sample 43","B01257/S02368","3","Disordered","","500","100","0.240","true","4528","0.452800","0.451700","0.457699","0.455763","10000","1.000000","-0.001781","0.000000","0","0.000272"
"Sample 43","B01257/S02368","4","Disordered","","500","100","0.240","true","4516","0.451600","0.459800","0.457267","0.455658","10000","1.000000","-0.002844","0.000000","0","0.000077"
"Sample 43","B01257/S02368","5","Disordered","","500","100","0.240","true","4619","0.461900","0.464600","0.456611","0.453771","10000","1.000000","-0.003549","0.000000","0","0.000174"
"Sample 43","B01257/S02368","6","Disordered","","500","100","0.240","true","4614","0.461400","0.463400","0.457280","0.456110","10000","1.000000","-0.002910","0.000000","0","0.000242"
"Sample 43","B01257/S02368","7","Disordered","","500","100","0.240","true","4451","0.445100","0.451100","0.457159","0.455841","10000","1.000000","-0.003712","0.000000","0","0.000818"
"Sample 43","B01257/S02368","8","Disordered","","500","100","0.240","true","4547","0.454700","0.455300","0.457776","0.455828","10000","1.000000","-0.001999","0.000000","0","0.000328"
"Sample 43","B01257/S02368","9","Disordered","","500","100","0.240","true","4643","0.464300","0.467400","0.457373","0.454976","10000","1.000000","-0.002642","0.000000","0","0.000482"
"Sample 43","B01257/S02368","10","Disordered","","500","100","0.240","true","4562","0.456200","0.448800","0.456944","0.454633","10000","1.000000","-0.002920","0.000000","0","0.000496"
"Sample 44","B04567/S1238","1","Disordered","","500","100","0.240","true","4220","0.422000","0.432900","0.415348","0.442994","10000","1.000000","0.000180","0.000000","0","0.000544"
"Sample 44","B04567/S1238","2","Disordered","","500","100","0.240","true","4077","0.407700","0.435100","0.416288","0.445385","10000","1.000000","0.000134","0.000000","0","0.001720"
"Sample 44","B04567/S1238","3","Disordered","","500","100","0.240","true","4203","0.420300","0.439500","0.416871","0.446069","10000","1.000000","0.002897","0.000000","0","0.001206"
"Sample 44","B04567/S1238","4","Disordered","","500","100","0.240","true","4223","0.422300","0.454100","0.416000","0.444041","10000","1.000000","0.000417","0.000000","0","0.000418"
"Sample 44","B04567/S1238","5","Disordered","","500","100","0.240","true","4143","0.414300","0.445500","0.415460","0.442376","10000","1.000000","0.001126","0.000000","0","0.000613"
"Sample 44","B04567/S1238","6","Disordered","","500","100","0.240","true","4242","0.424200","0.436800","0.415614","0.443827","10000","1.000000","0.000607","0.000000","0","0.001553"
"Sample 44","B04567/S1238","7","Disordered","","500","100","0.240","true","4155","0.415500","0.444500","0.415884","0.444217","10000","1.000000","0.000408","0.000000","0","0.001197"
"Sample 44","B04567/S1238","8","Disordered","","500","100","0.240","true","4129","0.412900","0.469700","0.415814","0.444002","10000","1.000000","0.000674","0.000000","0","0.000963"
"Sample 44","B04567/S1238","9","Disordered","","500","100","0.240","true","4084","0.408400","0.447300","0.417004","0.445989","10000","1.000000","0.002577","0.000000","0","0.000954"
"Sample 44","B04567/S1238","10","Disordered","","500","100","0.240","true","4191","0.419100","0.462800","0.415281","0.441852","10000","1.000000","-0.001684","0.000000","0","0.000318"
"Sample 45","B0134/S124678","1","Disordered","","500","100","0.240","true","5357","0.535700","0.455700","0.545107","0.441462","10000","1.000000","-0.001897","0.000000","0","0.000205"
"Sample 45","B0134/S124678","2","Disordered","","500","100","0.240","true","5524","0.552400","0.434300","0.544233","0.441538","10000","1.000000","-0.002114","0.000000","0","0.000342"
"Sample 45","B0134/S124678","3","Disordered","","500","100","0.240","true","5460","0.546000","0.439500","0.545201","0.441012","10000","1.000000","-0.001602","0.000000","0","0.000663"
"Sample 45","B0134/S124678","4","Disordered","","500","100","0.240","true","5425","0.542500","0.447000","0.544139","0.441714","10000","1.000000","-0.002052","0.000000","0","0.000231"
"Sample 45","B0134/S124678","5","Disordered","","500","100","0.240","true","5518","0.551800","0.435500","0.544769","0.441852","10000","1.000000","-0.002038","0.000000","0","0.000371"
"Sample 45","B0134/S124678","6","Disordered","","500","100","0.240","true","5537","0.553700","0.451900","0.544959","0.440903","10000","1.000000","-0.001056","0.000000","0","0.000175"
"Sample 45","B0134/S124678","7","Disordered","","500","100","0.240","true","5485","0.548500","0.435300","0.545286","0.440313","10000","1.000000","-0.000718","0.000000","0","0.000358"
"Sample 45","B0134/S124678","8","Disordered","","500","100","0.240","true","5436","0.543600","0.448900","0.545174","0.441090","10000","1.000000","-0.001421","0.000000","0","0.000269"
"Sample 45","B0134/S124678","9","Disordered","","500","100","0.240","true","5473","0.547300","0.433400","0.545512","0.439539","10000","1.000000","-0.000778","0.000000","0","0.000457"
"Sample 45","B0134/S124678","10","Disordered","","500","100","0.240","true","5534","0.553400","0.443600","0.544779","0.440779","10000","1.000000","-0.002479","0.000000","0","0.000381"
"Sample 46","B03468/S3578","1","Disordered","","500","100","0.240","true","5461","0.546100","0.558900","0.540023","0.553401","10000","1.000000","0.003140","0.000000","0","0.000748"
"Sample 46","B03468/S3578","2","Disordered","","500","100","0.240","true","5434","0.543400","0.558100","0.540768","0.552606","10000","1.000000","0.004185","0.000000","0","0.000727"
"Sample 46","B03468/S3578","3","Disordered","","500","100","0.240","true","5481","0.548100","0.560500","0.540918","0.552588","10000","1.000000","0.002842","0.000000","0","0.000692"
"Sample 46","B03468/S3578","4","Disordered","","500","100","0.240","true","5383","0.538300","0.559500","0.540423","0.553527","10000","1.000000","0.003273","0.000000","0","0.000654"
"Sample 46","B03468/S3578","5","Disordered","","500","100","0.240","true","5463","0.546300","0.549800","0.541905","0.552136","10000","1.000000","0.004919","0.000000","0","0.000564"
"Sample 46","B03468/S3578","6","Disordered","","500","100","0.240","true","5380","0.538000","0.546700","0.540754","0.552430","10000","1.000000","0.003875","0.000000","0","0.000164"
"Sample 46","B03468/S3578","7","Disordered","","500","100","0.240","true","5418","0.541800","0.548900","0.540677","0.552986","10000","1.000000","0.003344","0.000000","0","0.000299"
"Sample 46","B03468/S3578","8","Disordered","","500","100","0.240","true","5328","0.532800","0.553300","0.540218","0.552907","10000","1.000000","0.002601","0.000000","0","0.000539"
"Sample 46","B03468/S3578","9","Disordered","","500","100","0.240","true","5460","0.546000","0.553200","0.540200","0.552579","10000","1.000000","0.002518","0.000000","0","0.000480"
"Sample 46","B03468/S3578","10","Disordered","","500","100","0.240","true","5400","0.540000","0.555100","0.541247","0.551438","10000","1.000000","0.003581","0.000000","0","0.000306"
"Sample 47","B015678/S0123567","1","Expanding","","500","100","0.240","true","6751","0.675100","0.350000","0.659083","0.344228","10000","1.000000","-0.002034","0.000000","0","0.002002"
"Sample 47","B015678/S0123567","2","Expanding","","500","100","0.240","true","6519","0.651900","0.360200","0.663263","0.346307","10000","1.000000","0.005749","0.000000","0","0.001554"
"Sample 47","B015678/S0123567","3","Expanding","","500","100","0.240","true","6611","0.661100","0.341100","0.661984","0.346210","10000","1.000000","0.001801","0.000000","0","0.001680"
"Sample 47","B015678/S0123567","4","Expanding","","500","100","0.240","true","6626","0.662600","0.338600","0.663619","0.347508","10000","1.000000","0.003282","0.000000","0","0.001078"
"Sample 47","B015678/S0123567","5","Expanding","","500","100","0.240","true","6472","0.647200","0.353700","0.660059","0.345313","10000","1.000000","-0.000768","0.000000","0","0.000733"
"Sample 47","B015678/S0123567","6","Expanding","","500","100","0.240","true","6745","0.674500","0.344600","0.664704","0.347304","10000","1.000000","0.003522","0.000000","0","0.002108"
"Sample 47","B015678/S0123567","7","Expanding","","500","100","0.240","true","6701","0.670100","0.346700","0.664371","0.348798","10000","1.000000","0.007431","0.000000","0","0.000884"
"Sample 47","B015678/S0123567","8","Expanding","","500","100","0.240","true","6712","0.671200","0.349200","0.667796","0.348812","10000","1.000000","0.008070","0.000000","0","0.001211"
"Sample 47","B015678/S0123567","9","Expanding","","500","100","0.240","true","6678","0.667800","0.349800","0.665280","0.347736","10000","1.000000","0.005323","0.000000","0","0.000839"
"Sample 47","B015678/S0123567","10","Expanding","","500","100","0.240","true","6451","0.645100","0.349300","0.662506","0.346511","10000","1.000000","0.001903","0.000000","0","0.000981"
"Sample 48","B034678/S0137","1","Disordered","","500","100","0.240","true","4658","0.465800","0.649000","0.468188","0.650775","10000","1.000000","-0.000091","0.000000","0","0.000357"
"Sample 48","B034678/S0137","2","Disordered","","500","100","0.240","true","4623","0.462300","0.650500","0.469290","0.650805","10000","1.000000","0.001020","0.000000","0","0.000786"
"Sample 48","B034678/S0137","3","Disordered","","500","100","0.240","true","4797","0.479700","0.656100","0.468830","0.651261","10000","1.000000","0.000357","0.000000","0","0.000396"
"Sample 48","B034678/S0137","4","Disordered","","500","100","0.240","true","4722","0.472200","0.658600","0.469287","0.651810","10000","1.000000","0.000877","0.000000","0","0.000297"
"Sample 48","B034678/S0137","5","Disordered","","500","100","0.240","true","4722","0.472200","0.649400","0.468513","0.651273","10000","1.000000","-0.000674","0.000000","0","0.000602"
"Sample 48","B034678/S0137","6","Disordered","","500","100","0.240","true","4778","0.477800","0.641700","0.468031","0.650577","10000","1.000000","-0.000383","0.000000","0","0.000644"
"Sample 48","B034678/S0137","7","Disordered","","500","100","0.240","true","4733","0.473300","0.657800","0.468924","0.651054","10000","1.000000","0.000925","0.000000","0","0.000353"
"Sample 48","B034678/S0137","8","Disordered","","500","100","0.240","true","4641","0.464100","0.647300","0.468623","0.650807","10000","1.000000","0.000126","0.000000","0","0.000090"
"Sample 48","B034678/S0137","9","Disordered","","500","100","0.240","true","4648","0.464800","0.670700","0.468828","0.651539","10000","1.000000","-0.000008","0.000000","0","0.000606"
"Sample 48","B034678/S0137","10","Disordered","","500","100","0.240","true","4755","0.475500","0.653200","0.468056","0.650363","10000","1.000000","-0.000238","0.000000","0","0.000422"
"Sample 49","B2/S014678","1","Structured Dynamic","","500","100","0.240","true","3213","0.321300","0.368500","0.318016","0.373118","10000","1.000000","-0.000229","0.000000","0","0.000808"
"Sample 49","B2/S014678","2","Structured Dynamic","","500","100","0.240","true","3185","0.318500","0.383400","0.317498","0.373932","10000","1.000000","0.000030","0.000000","0","0.000550"
"Sample 49","B2/S014678","3","Structured Dynamic","","500","100","0.240","true","3192","0.319200","0.385600","0.317548","0.373389","10000","1.000000","-0.000572","0.000000","0","0.000798"
"Sample 49","B2/S014678","4","Structured Dynamic","","500","100","0.240","true","3180","0.318000","0.373900","0.317322","0.373456","10000","1.000000","-0.000979","0.000000","0","0.000658"
"Sample 49","B2/S014678","5","Structured Dynamic","","500","100","0.240","true","3089","0.308900","0.365800","0.317506","0.373280","10000","1.000000","-0.001093","0.000000","0","0.000501"
"Sample 49","B2/S014678","6","Structured Dynamic","","500","100","0.240","true","3151","0.315100","0.371500","0.316737","0.373654","10000","1.000000","-0.000856","0.000000","0","0.000304"
"Sample 49","B2/S014678","7","Structured Dynamic","","500","100","0.240","true","3083","0.308300","0.361700","0.317291","0.373983","10000","1.000000","-0.000996","0.000000","0","0.000650"
"Sample 49","B2/S014678","8","Structured Dynamic","","500","100","0.240","true","3260","0.326000","0.377700","0.317392","0.373224","10000","1.000000","0.000351","0.000000","0","0.000745"
"Sample 49","B2/S014678","9","Structured Dynamic","","500","100","0.240","true","3155","0.315500","0.371600","0.317604","0.373500","10000","1.000000","0.000017","0.000000","0","0.001066"
"Sample 49","B2/S014678","10","Structured Dynamic","","500","100","0.240","true","3193","0.319300","0.372800","0.317665","0.373853","10000","1.000000","-0.000842","0.000000","0","0.000705"
"Sample 50","B023678/S123578","1","Disordered","","500","100","0.240","true","5365","0.536500","0.439100","0.541513","0.438136","10000","1.000000","-0.001367","0.000000","0","0.000318"
"Sample 50","B023678/S123578","2","Disordered","","500","100","0.240","true","5454","0.545400","0.437900","0.541444","0.437574","10000","1.000000","-0.001687","0.000000","0","0.000455"
"Sample 50","B023678/S123578","3","Disordered","","500","100","0.240","true","5343","0.534300","0.435900","0.541179","0.436864","10000","1.000000","-0.000921","0.000000","0","0.000356"
"Sample 50","B023678/S123578","4","Disordered","","500","100","0.240","true","5387","0.538700","0.438400","0.541862","0.438317","10000","1.000000","-0.001258","0.000000","0","0.000254"
"Sample 50","B023678/S123578","5","Disordered","","500","100","0.240","true","5344","0.534400","0.439000","0.541387","0.438785","10000","1.000000","-0.001808","0.000000","0","0.000627"
"Sample 50","B023678/S123578","6","Disordered","","500","100","0.240","true","5374","0.537400","0.431400","0.542618","0.437713","10000","1.000000","-0.000306","0.000000","0","0.000202"
"Sample 50","B023678/S123578","7","Disordered","","500","100","0.240","true","5410","0.541000","0.429500","0.542020","0.437683","10000","1.000000","-0.000612","0.000000","0","0.000286"
"Sample 50","B023678/S123578","8","Disordered","","500","100","0.240","true","5408","0.540800","0.442600","0.541723","0.437475","10000","1.000000","-0.001538","0.000000","0","0.000426"
"Sample 50","B023678/S123578","9","Disordered","","500","100","0.240","true","5343","0.534300","0.436500","0.540565","0.437678","10000","1.000000","-0.002092","0.000000","0","0.000539"
"Sample 50","B023678/S123578","10","Disordered","","500","100","0.240","true","5457","0.545700","0.432400","0.541558","0.437163","10000","1.000000","-0.001390","0.000000","0","0.000235"
"Sample 51","B12/S023478","1","Disordered","","500","100","0.240","true","4758","0.475800","0.026900","0.476595","0.026392","10000","1.000000","0.003308","0.000000","0","0.000389"
"Sample 51","B12/S023478","2","Disordered","","500","100","0.240","true","4773","0.477300","0.028000","0.477200","0.028698","10000","1.000000","0.003100","0.000000","0","0.000118"
"Sample 51","B12/S023478","3","Periodic","","500","100","0.240","true","4782","0.478200","0.020700","0.478076","0.020295","10000","1.000000","0.003424","0.000000","84","0.000380"
"Sample 51","B12/S023478","4","Disordered","","500","100","0.240","true","4792","0.479200","0.021800","0.479507","0.022159","10000","1.000000","0.003446","0.000000","0","0.000133"
"Sample 51","B12/S023478","5","Disordered","","500","100","0.240","true","4821","0.482100","0.021700","0.482181","0.022176","10000","1.000000","0.003600","0.000000","0","0.000221"
"Sample 51","B12/S023478","6","Disordered","","500","100","0.240","true","4763","0.476300","0.022900","0.476107","0.023075","10000","1.000000","0.003279","0.000000","0","0.000283"
"Sample 51","B12/S023478","7","Disordered","","500","100","0.240","true","4775","0.477500","0.024400","0.477284","0.024645","10000","1.000000","0.003402","0.000000","0","0.000177"
"Sample 51","B12/S023478","8","Periodic","","500","100","0.240","true","4791","0.479100","0.023800","0.478648","0.024624","10000","1.000000","0.003105","0.000000","420","0.000296"
"Sample 51","B12/S023478","9","Disordered","","500","100","0.240","true","4791","0.479100","0.023700","0.479775","0.024028","10000","1.000000","0.003353","0.000000","0","0.000296"
"Sample 51","B12/S023478","10","Periodic","","500","100","0.240","true","4769","0.476900","0.022900","0.477161","0.023422","10000","1.000000","0.003061","0.000000","420","0.000234"
"Sample 52","B12578/S023567","1","Disordered","","500","100","0.240","true","6444","0.644400","0.311700","0.642373","0.313662","10000","1.000000","-0.000876","0.000000","0","0.000449"
"Sample 52","B12578/S023567","2","Disordered","","500","100","0.240","true","6513","0.651300","0.313000","0.641604","0.313221","10000","1.000000","-0.002923","0.000000","0","0.001063"
"Sample 52","B12578/S023567","3","Disordered","","500","100","0.240","true","6437","0.643700","0.317200","0.643827","0.314372","10000","1.000000","0.004118","0.000000","0","0.000538"
"Sample 52","B12578/S023567","4","Disordered","","500","100","0.240","true","6384","0.638400","0.321900","0.642193","0.313949","10000","1.000000","0.000041","0.000000","0","0.001034"
"Sample 52","B12578/S023567","5","Disordered","","500","100","0.240","true","6368","0.636800","0.317400","0.643151","0.313406","10000","1.000000","0.000990","0.000000","0","0.001276"
"Sample 52","B12578/S023567","6","Disordered","","500","100","0.240","true","6370","0.637000","0.305000","0.642941","0.312965","10000","1.000000","-0.000157","0.000000","0","0.000957"
"Sample 52","B12578/S023567","7","Disordered","","500","100","0.240","true","6425","0.642500","0.309000","0.640907","0.313052","10000","1.000000","-0.001137","0.000000","0","0.001037"
"Sample 52","B12578/S023567","8","Disordered","","500","100","0.240","true","6334","0.633400","0.312200","0.642722","0.313406","10000","1.000000","0.000682","0.000000","0","0.000675"
"Sample 52","B12578/S023567","9","Disordered","","500","100","0.240","true","6403","0.640300","0.320000","0.642132","0.314433","10000","1.000000","0.001056","0.000000","0","0.000326"
"Sample 52","B12578/S023567","10","Disordered","","500","100","0.240","true","6342","0.634200","0.320300","0.641791","0.314283","10000","1.000000","-0.001028","0.000000","0","0.000315"
"Sample 53","B0147/S03578","1","Disordered","","500","100","0.240","true","3868","0.386800","0.443800","0.390547","0.443782","10000","1.000000","-0.002552","0.000000","0","0.001007"
"Sample 53","B0147/S03578","2","Disordered","","500","100","0.240","true","3946","0.394600","0.442500","0.391273","0.444393","10000","1.000000","-0.000013","0.000000","0","0.000265"
"Sample 53","B0147/S03578","3","Disordered","","500","100","0.240","true","3912","0.391200","0.444800","0.390931","0.443621","10000","1.000000","-0.001670","0.000000","0","0.000353"
"Sample 53","B0147/S03578","4","Disordered","","500","100","0.240","true","3938","0.393800","0.446300","0.391908","0.444345","10000","1.000000","-0.001754","0.000000","0","0.001063"
"Sample 53","B0147/S03578","5","Disordered","","500","100","0.240","true","3897","0.389700","0.441200","0.391308","0.444462","10000","1.000000","-0.000744","0.000000","0","0.001610"
"Sample 53","B0147/S03578","6","Disordered","","500","100","0.240","true","3939","0.393900","0.443500","0.390628","0.443550","10000","1.000000","-0.002267","0.000000","0","0.000472"
"Sample 53","B0147/S03578","7","Disordered","","500","100","0.240","true","3892","0.389200","0.441700","0.391022","0.444233","10000","1.000000","-0.000585","0.000000","0","0.000658"
"Sample 53","B0147/S03578","8","Disordered","","500","100","0.240","true","3849","0.384900","0.439200","0.391185","0.444729","10000","1.000000","-0.001255","0.000000","0","0.000215"
"Sample 53","B0147/S03578","9","Disordered","","500","100","0.240","true","3917","0.391700","0.454300","0.391034","0.444354","10000","1.000000","-0.000192","0.000000","0","0.000559"
"Sample 53","B0147/S03578","10","Disordered","","500","100","0.240","true","3874","0.387400","0.442100","0.392472","0.444365","10000","1.000000","0.000013","0.000000","0","0.000401"
"Sample 54","B12467/S024567","1","Expanding","","500","100","0.240","true","7678","0.767800","0.162700","0.762222","0.181616","10000","1.000000","0.010795","0.000000","0","0.001143"
"Sample 54","B12467/S024567","2","Expanding","","500","100","0.240","true","7574","0.757400","0.192500","0.763911","0.171700","10000","1.000000","0.012649","0.000000","0","0.001661"
"Sample 54","B12467/S024567","3","Expanding","","500","100","0.240","true","7681","0.768100","0.180900","0.761455","0.173003","10000","1.000000","0.010910","0.000000","0","0.001052"
"Sample 54","B12467/S024567","4","Expanding","","500","100","0.240","true","7686","0.768600","0.182200","0.760388","0.185701","10000","1.000000","0.009565","0.000000","0","0.002101"
"Sample 54","B12467/S024567","5","Expanding","","500","100","0.240","true","7688","0.768800","0.163400","0.765658","0.166667","10000","1.000000","0.014147","0.000000","0","0.001700"
"Sample 54","B12467/S024567","6","Expanding","","500","100","0.240","true","7652","0.765200","0.176100","0.762416","0.175401","10000","1.000000","0.012657","0.000000","0","0.000695"
"Sample 54","B12467/S024567","7","Expanding","","500","100","0.240","true","7684","0.768400","0.173500","0.763794","0.168017","10000","1.000000","0.014028","0.000000","0","0.001219"
"Sample 54","B12467/S024567","8","Expanding","","500","100","0.240","true","7583","0.758300","0.166600","0.761934","0.169621","10000","1.000000","0.010860","0.000000","0","0.000307"
"Sample 54","B12467/S024567","9","Expanding","","500","100","0.240","true","7689","0.768900","0.181600","0.759085","0.189933","10000","1.000000","0.008726","0.000000","0","0.001089"
"Sample 54","B12467/S024567","10","Expanding","","500","100","0.240","true","7714","0.771400","0.156200","0.763295","0.168973","10000","1.000000","0.011781","0.000000","0","0.001789"
"Sample 55","B123457/S23467","1","Expanding","","500","100","0.240","true","6809","0.680900","0.443300","0.685701","0.439562","10000","1.000000","-0.000977","0.000000","0","0.000232"
"Sample 55","B123457/S23467","2","Expanding","","500","100","0.240","true","6854","0.685400","0.440100","0.685736","0.439729","10000","1.000000","-0.001052","0.000000","0","0.000150"
"Sample 55","B123457/S23467","3","Expanding","","500","100","0.240","true","6877","0.687700","0.435900","0.686120","0.438942","10000","1.000000","-0.000605","0.000000","0","0.000432"
"Sample 55","B123457/S23467","4","Expanding","","500","100","0.240","true","6941","0.694100","0.437500","0.686046","0.439444","10000","1.000000","-0.000400","0.000000","0","0.000276"
"Sample 55","B123457/S23467","5","Expanding","","500","100","0.240","true","6893","0.689300","0.443200","0.685473","0.440157","10000","1.000000","-0.001061","0.000000","0","0.000531"
"Sample 55","B123457/S23467","6","Expanding","","500","100","0.240","true","6825","0.682500","0.448000","0.685676","0.439744","10000","1.000000","-0.000997","0.000000","0","0.000211"
"Sample 55","B123457/S23467","7","Expanding","","500","100","0.240","true","6835","0.683500","0.433400","0.685898","0.439868","10000","1.000000","-0.000205","0.000000","0","0.000176"
"Sample 55","B123457/S23467","8","Expanding","","500","100","0.240","true","6954","0.695400","0.437300","0.685972","0.439473","10000","1.000000","-0.000731","0.000000","0","0.000103"
"Sample 55","B123457/S23467","9","Expanding","","500","100","0.240","true","6775","0.677500","0.442200","0.685746","0.440167","10000","1.000000","-0.001113","0.000000","0","0.000098"
"Sample 55","B123457/S23467","10","Expanding","","500","100","0.240","true","6900","0.690000","0.447800","0.686180","0.439020","10000","1.000000","-0.000776","0.000000","0","0.000440"
"Sample 56","B13568/S1468","1","Disordered","","500","100","0.240","true","4954","0.495400","0.586700","0.500970","0.584724","10000","1.000000","0.003322","0.000000","0","0.000506"
"Sample 56","B13568/S1468","2","Disordered","","500","100","0.240","true","5037","0.503700","0.579800","0.499962","0.585268","10000","1.000000","-0.000211","0.000000","0","0.000939"
"Sample 56","B13568/S1468","3","Disordered","","500","100","0.240","true","4977","0.497700","0.592000","0.499669","0.585176","10000","1.000000","0.000588","0.000000","0","0.000629"
"Sample 56","B13568/S1468","4","Disordered","","500","100","0.240","true","4966","0.496600","0.584200","0.498609","0.584520","10000","1.000000","-0.001037","0.000000","0","0.000267"
"Sample 56","B13568/S1468","5","Disordered","","500","100","0.240","true","4986","0.498600","0.592600","0.500250","0.585913","10000","1.000000","0.001200","0.000000","0","0.001633"
"Sample 56","B13568/S1468","6","Disordered","","500","100","0.240","true","4990","0.499000","0.579600","0.499261","0.585443","10000","1.000000","-0.000247","0.000000","0","0.001060"
"Sample 56","B13568/S1468","7","Disordered","","500","100","0.240","true","5009","0.500900","0.583900","0.498618","0.585164","10000","1.000000","-0.000483","0.000000","0","0.000700"
"Sample 56","B13568/S1468","8","Disordered","","500","100","0.240","true","5047","0.504700","0.581600","0.499286","0.585014","10000","1.000000","-0.000540","0.000000","0","0.000768"
"Sample 56","B13568/S1468","9","Disordered","","500","100","0.240","true","4986","0.498600","0.578400","0.499373","0.583627","10000","1.000000","-0.000312","0.000000","0","0.000317"
"Sample 56","B13568/S1468","10","Disordered","","500","100","0.240","true","4963","0.496300","0.580100","0.500096","0.584530","10000","1.000000","0.001295","0.000000","0","0.000485"
"Sample 57","B01368/S13568","1","Disordered","","500","100","0.240","true","4814","0.481400","0.401000","0.477526","0.404407","10000","1.000000","-0.002951","0.000000","0","0.000665"
"Sample 57","B01368/S13568","2","Disordered","","500","100","0.240","true","4721","0.472100","0.401900","0.478264","0.404302","10000","1.000000","-0.002142","0.000000","0","0.000711"
"Sample 57","B01368/S13568","3","Disordered","","500","100","0.240","true","4794","0.479400","0.393600","0.477924","0.404250","10000","1.000000","-0.002055","0.000000","0","0.000601"
"Sample 57","B01368/S13568","4","Disordered","","500","100","0.240","true","4787","0.478700","0.400500","0.478065","0.403482","10000","1.000000","-0.001801","0.000000","0","0.001072"
"Sample 57","B01368/S13568","5","Disordered","","500","100","0.240","true","4698","0.469800","0.397800","0.478586","0.404242","10000","1.000000","0.000074","0.000000","0","0.000632"
"Sample 57","B01368/S13568","6","Disordered","","500","100","0.240","true","4814","0.481400","0.408400","0.477748","0.404459","10000","1.000000","-0.001944","0.000000","0","0.000246"
"Sample 57","B01368/S13568","7","Disordered","","500","100","0.240","true","4707","0.470700","0.410400","0.478363","0.403532","10000","1.000000","-0.001733","0.000000","0","0.000829"
"Sample 57","B01368/S13568","8","Disordered","","500","100","0.240","true","4727","0.472700","0.393800","0.478319","0.403929","10000","1.000000","-0.001241","0.000000","0","0.000290"
"Sample 57","B01368/S13568","9","Disordered","","500","100","0.240","true","4792","0.479200","0.401000","0.478913","0.403065","10000","1.000000","0.000510","0.000000","0","0.000613"
"Sample 57","B01368/S13568","10","Disordered","","500","100","0.240","true","4765","0.476500","0.411200","0.479100","0.403419","10000","1.000000","-0.001367","0.000000","0","0.002016"
"Sample 58","B148/S0368","1","Structured Dynamic","","500","100","0.240","true","3324","0.332400","0.449700","0.330067","0.445270","10000","1.000000","0.001739","0.000000","0","0.000986"
"Sample 58","B148/S0368","2","Structured Dynamic","","500","100","0.240","true","3278","0.327800","0.446500","0.327796","0.443411","10000","1.000000","-0.001829","0.000000","0","0.000724"
"Sample 58","B148/S0368","3","Structured Dynamic","","500","100","0.240","true","3283","0.328300","0.443400","0.329294","0.444451","10000","1.000000","-0.000352","0.000000","0","0.000390"
"Sample 58","B148/S0368","4","Structured Dynamic","","500","100","0.240","true","3295","0.329500","0.441900","0.327735","0.443542","10000","1.000000","-0.001467","0.000000","0","0.000634"
"Sample 58","B148/S0368","5","Structured Dynamic","","500","100","0.240","true","3234","0.323400","0.446400","0.328834","0.444672","10000","1.000000","0.000627","0.000000","0","0.000333"
"Sample 58","B148/S0368","6","Structured Dynamic","","500","100","0.240","true","3241","0.324100","0.441200","0.328909","0.444876","10000","1.000000","-0.000030","0.000000","0","0.000257"
"Sample 58","B148/S0368","7","Structured Dynamic","","500","100","0.240","true","3277","0.327700","0.448800","0.328719","0.443952","10000","1.000000","0.000091","0.000000","0","0.000999"
"Sample 58","B148/S0368","8","Structured Dynamic","","500","100","0.240","true","3384","0.338400","0.445900","0.329269","0.444327","10000","1.000000","0.000467","0.000000","0","0.000841"
"Sample 58","B148/S0368","9","Structured Dynamic","","500","100","0.240","true","3274","0.327400","0.444000","0.328529","0.443463","10000","1.000000","-0.000615","0.000000","0","0.000913"
"Sample 58","B148/S0368","10","Structured Dynamic","","500","100","0.240","true","3276","0.327600","0.433800","0.328408","0.443611","10000","1.000000","-0.000195","0.000000","0","0.000164"
"Sample 59","B01236/S012578","1","Disordered","","500","100","0.240","true","5115","0.511500","0.524000","0.522928","0.527764","10000","1.000000","-0.009322","0.000000","0","0.000307"
"Sample 59","B01236/S012578","2","Disordered","","500","100","0.240","true","5163","0.516300","0.522300","0.523446","0.527390","10000","1.000000","-0.009655","0.000000","0","0.000902"
"Sample 59","B01236/S012578","3","Disordered","","500","100","0.240","true","5396","0.539600","0.538600","0.523632","0.527287","10000","1.000000","-0.009317","0.000000","0","0.001341"
"Sample 59","B01236/S012578","4","Disordered","","500","100","0.240","true","5231","0.523100","0.524600","0.523681","0.527252","10000","1.000000","-0.008984","0.000000","0","0.000131"
"Sample 59","B01236/S012578","5","Disordered","","500","100","0.240","true","5445","0.544500","0.530500","0.523817","0.527424","10000","1.000000","-0.008240","0.000000","0","0.000482"
"Sample 59","B01236/S012578","6","Disordered","","500","100","0.240","true","5250","0.525000","0.531800","0.523606","0.526843","10000","1.000000","-0.009243","0.000000","0","0.000754"
"Sample 59","B01236/S012578","7","Disordered","","500","100","0.240","true","5285","0.528500","0.530800","0.523648","0.527166","10000","1.000000","-0.007898","0.000000","0","0.000519"
"Sample 59","B01236/S012578","8","Disordered","","500","100","0.240","true","5011","0.501100","0.531000","0.523272","0.528013","10000","1.000000","-0.008755","0.000000","0","0.000469"
"Sample 59","B01236/S012578","9","Disordered","","500","100","0.240","true","5290","0.529000","0.507300","0.523908","0.527443","10000","1.000000","-0.008770","0.000000","0","0.000420"
"Sample 59","B01236/S012578","10","Disordered","","500","100","0.240","true","5220","0.522000","0.514300","0.523284","0.526379","10000","1.000000","-0.010142","0.000000","0","0.000874"
"Sample 60","B348/S023468","1","Disordered","","500","100","0.240","true","5642","0.564200","0.337600","0.550997","0.339263","10000","1.000000","0.003354","0.000000","0","0.000681"
"Sample 60","B348/S023468","2","Disordered","","500","100","0.240","true","5462","0.546200","0.348400","0.551660","0.342615","10000","1.000000","0.004080","0.000000","0","0.000393"
"Sample 60","B348/S023468","3","Disordered","","500","100","0.240","true","5547","0.554700","0.352400","0.552292","0.346071","10000","1.000000","0.005545","0.000000","0","0.000284"
"Sample 60","B348/S023468","4","Disordered","","500","100","0.240","true","5509","0.550900","0.338900","0.550824","0.342473","10000","1.000000","0.003329","0.000000","0","0.000330"
"Sample 60","B348/S023468","5","Disordered","","500","100","0.240","true","5426","0.542600","0.334500","0.550830","0.341049","10000","1.000000","0.003947","0.000000","0","0.000808"
"Sample 60","B348/S023468","6","Disordered","","500","100","0.240","true","5540","0.554000","0.347500","0.551325","0.345898","10000","1.000000","0.004605","0.000000","0","0.000674"
"Sample 60","B348/S023468","7","Disordered","","500","100","0.240","true","5522","0.552200","0.326400","0.550772","0.340335","10000","1.000000","0.003660","0.000000","0","0.000701"
"Sample 60","B348/S023468","8","Disordered","","500","100","0.240","true","5519","0.551900","0.344600","0.550245","0.340804","10000","1.000000","0.002747","0.000000","0","0.000453"
"Sample 60","B348/S023468","9","Disordered","","500","100","0.240","true","5557","0.555700","0.336100","0.550753","0.338149","10000","1.000000","0.003650","0.000000","0","0.000570"
"Sample 60","B348/S023468","10","Disordered","","500","100","0.240","true","5534","0.553400","0.339000","0.550861","0.340320","10000","1.000000","0.004165","0.000000","0","0.000503"
"Sample 61","B1457/S01567","1","Disordered","","500","100","0.240","true","4206","0.420600","0.519400","0.431580","0.531073","10000","1.000000","0.009968","0.000000","0","0.001328"
"Sample 61","B1457/S01567","2","Disordered","","500","100","0.240","true","4407","0.440700","0.532200","0.428947","0.528948","10000","1.000000","0.008641","0.000000","0","0.002342"
"Sample 61","B1457/S01567","3","Disordered","","500","100","0.240","true","4336","0.433600","0.527400","0.430423","0.530521","10000","1.000000","0.010498","0.000000","0","0.007972"
"Sample 61","B1457/S01567","4","Disordered","","500","100","0.240","true","4311","0.431100","0.544500","0.422809","0.533681","10000","1.000000","0.000142","0.000000","0","0.003507"
"Sample 61","B1457/S01567","5","Disordered","","500","100","0.240","true","4453","0.445300","0.525200","0.435264","0.531886","10000","1.000000","0.018145","0.000000","0","0.002139"
"Sample 61","B1457/S01567","6","Disordered","","500","100","0.240","true","4228","0.422800","0.523000","0.430238","0.529378","10000","1.000000","0.008499","0.000000","0","0.003699"
"Sample 61","B1457/S01567","7","Disordered","","500","100","0.240","true","4329","0.432900","0.518000","0.427654","0.531019","10000","1.000000","0.008004","0.000000","0","0.001370"
"Sample 61","B1457/S01567","8","Disordered","","500","100","0.240","true","4314","0.431400","0.537000","0.435433","0.531363","10000","1.000000","0.014640","0.000000","0","0.004161"
"Sample 61","B1457/S01567","9","Disordered","","500","100","0.240","true","4451","0.445100","0.523600","0.434270","0.529510","10000","1.000000","0.011883","0.000000","0","0.004040"
"Sample 61","B1457/S01567","10","Disordered","","500","100","0.240","true","4183","0.418300","0.548800","0.426187","0.531665","10000","1.000000","0.004843","0.000000","0","0.000941"
"Sample 62","B237/S0134567","1","Periodic","","500","100","0.240","true","7051","0.705100","0.016200","0.704515","0.016233","10000","1.000000","0.001596","0.000000","6","0.000068"
"Sample 62","B237/S0134567","2","Periodic","","500","100","0.240","true","7025","0.702500","0.016300","0.702106","0.016425","10000","1.000000","0.001191","0.000000","84","0.000164"
"Sample 62","B237/S0134567","3","Periodic","","500","100","0.240","true","7058","0.705800","0.014400","0.704805","0.015258","10000","1.000000","0.001614","0.000000","6","0.000092"
"Sample 62","B237/S0134567","4","Periodic","","500","100","0.240","true","7042","0.704200","0.016000","0.704914","0.015478","10000","1.000000","0.001448","0.000000","84","0.000043"
"Sample 62","B237/S0134567","5","Periodic","","500","100","0.240","true","7033","0.703300","0.015600","0.703442","0.015236","10000","1.000000","0.001290","0.000000","12","0.000038"
"Sample 62","B237/S0134567","6","Periodic","","500","100","0.240","true","7001","0.700100","0.014800","0.699581","0.015048","10000","1.000000","0.001340","0.000000","12","0.000058"
"Sample 62","B237/S0134567","7","Periodic","","500","100","0.240","true","7016","0.701600","0.017000","0.701468","0.016985","10000","1.000000","0.001348","0.000000","12","0.000092"
"Sample 62","B237/S0134567","8","Periodic","","500","100","0.240","true","7064","0.706400","0.017700","0.705965","0.017569","10000","1.000000","0.001462","0.000000","12","0.000062"
"Sample 62","B237/S0134567","9","Periodic","","500","100","0.240","true","6990","0.699000","0.016500","0.700505","0.016716","10000","1.000000","0.001523","0.000000","12","0.000089"
"Sample 62","B237/S0134567","10","Periodic","","500","100","0.240","true","7048","0.704800","0.020000","0.706163","0.019565","10000","1.000000","0.001656","0.000000","12","0.000176"
"Sample 63","B014568/S2467","1","Expanding","","500","100","0.240","true","6543","0.654300","0.516700","0.656284","0.510761","10000","1.000000","0.004725","0.000000","0","0.000319"
"Sample 63","B014568/S2467","2","Expanding","","500","100","0.240","true","6587","0.658700","0.502700","0.656253","0.511226","10000","1.000000","0.005427","0.000000","0","0.000119"
"Sample 63","B014568/S2467","3","Expanding","","500","100","0.240","true","6469","0.646900","0.516300","0.655532","0.511173","10000","1.000000","0.003045","0.000000","0","0.000690"
"Sample 63","B014568/S2467","4","Expanding","","500","100","0.240","true","6440","0.644000","0.514100","0.654952","0.512525","10000","1.000000","0.003040","0.000000","0","0.000410"
"Sample 63","B014568/S2467","5","Expanding","","500","100","0.240","true","6532","0.653200","0.512100","0.654934","0.512347","10000","1.000000","0.003333","0.000000","0","0.000249"
"Sample 63","B014568/S2467","6","Expanding","","500","100","0.240","true","6591","0.659100","0.503200","0.655934","0.511005","10000","1.000000","0.003305","0.000000","0","0.000090"
"Sample 63","B014568/S2467","7","Expanding","","500","100","0.240","true","6519","0.651900","0.515700","0.656158","0.510512","10000","1.000000","0.003874","0.000000","0","0.000155"
"Sample 63","B014568/S2467","8","Expanding","","500","100","0.240","true","6513","0.651300","0.508300","0.654660","0.512051","10000","1.000000","0.003741","0.000000","0","0.000225"
"Sample 63","B014568/S2467","9","Expanding","","500","100","0.240","true","6558","0.655800","0.512200","0.655236","0.512437","10000","1.000000","0.004571","0.000000","0","0.001221"
"Sample 63","B014568/S2467","10","Expanding","","500","100","0.240","true","6576","0.657600","0.508000","0.655143","0.513354","10000","1.000000","0.003238","0.000000","0","0.000580"
"Sample 64","B0123578/S0145","1","Periodic","","500","100","0.240","true","168","0.016800","0.992700","0.501750","0.994300","10000","1.000000","-0.002460","0.000000","8","0.040757"
"Sample 64","B0123578/S0145","2","Periodic","","500","100","0.240","true","87","0.008700","0.997600","0.500450","0.998100","9700","0.985000","-0.002069","-0.004700","8","0.023751"
"Sample 64","B0123578/S0145","3","Periodic","","500","100","0.240","true","99","0.009900","0.997000","0.500500","0.998000","9500","0.975000","-0.002957","-0.019500","4","0.029019"
"Sample 64","B0123578/S0145","4","Periodic","","500","100","0.240","true","112","0.011200","0.995900","0.501050","0.996900","9700","0.985000","-0.002178","-0.008100","4","0.032982"
"Sample 64","B0123578/S0145","5","Periodic","","500","100","0.240","true","160","0.016000","0.994200","0.500950","0.995900","9600","0.980000","-0.001690","-0.005200","8","0.011434"
"Sample 64","B0123578/S0145","6","Periodic","","500","100","0.240","true","115","0.011500","0.995900","0.501250","0.996700","9600","0.980000","-0.002235","-0.007600","4","0.065067"
"Sample 64","B0123578/S0145","7","Periodic","","500","100","0.240","true","116","0.011600","0.995800","0.500900","0.997006","7396","0.869800","-0.003081","-0.051681","12","0.065133"
"Sample 64","B0123578/S0145","8","Periodic","","500","100","0.240","true","148","0.014800","0.995000","0.501300","0.995800","9600","0.980000","-0.002204","-0.007500","8","0.022769"
"Sample 64","B0123578/S0145","9","Periodic","","500","100","0.240","true","112","0.011200","0.998200","0.500546","0.998100","9300","0.965000","-0.003317","-0.025500","24","0.067795"
"Sample 64","B0123578/S0145","10","Periodic","","500","100","0.240","true","123","0.012300","0.995600","0.500996","0.996600","8100","0.905000","-0.002723","-0.056700","12","0.013676"
"Sample 65","B1268/S34","1","Disordered","","500","100","0.240","true","4059","0.405900","0.429500","0.411327","0.426534","10000","1.000000","-0.001670","0.000000","0","0.000370"
"Sample 65","B1268/S34","2","Disordered","","500","100","0.240","true","4067","0.406700","0.419900","0.412137","0.424197","10000","1.000000","-0.001315","0.000000","0","0.000356"
"Sample 65","B1268/S34","3","Disordered","","500","100","0.240","true","4106","0.410600","0.428500","0.411502","0.426035","10000","1.000000","-0.001469","0.000000","0","0.000278"
"Sample 65","B1268/S34","4","Disordered","","500","100","0.240","true","4165","0.416500","0.428100","0.412242","0.422885","10000","1.000000","-0.000205","0.000000","0","0.000653"
"Sample 65","B1268/S34","5","Disordered","","500","100","0.240","true","4232","0.423200","0.428400","0.411633","0.424932","10000","1.000000","-0.000753","0.000000","0","0.000145"
"Sample 65","B1268/S34","6","Disordered","","500","100","0.240","true","4238","0.423800","0.432500","0.411951","0.425807","10000","1.000000","-0.000740","0.000000","0","0.000302"
"Sample 65","B1268/S34","7","Disordered","","500","100","0.240","true","4011","0.401100","0.417800","0.411817","0.426267","10000","1.000000","-0.000939","0.000000","0","0.000385"
"Sample 65","B1268/S34","8","Disordered","","500","100","0.240","true","4055","0.405500","0.418200","0.412293","0.424591","10000","1.000000","-0.000556","0.000000","0","0.000466"
"Sample 65","B1268/S34","9","Disordered","","500","100","0.240","true","4088","0.408800","0.430500","0.411479","0.424228","10000","1.000000","-0.001591","0.000000","0","0.000623"
"Sample 65","B1268/S34","10","Disordered","","500","100","0.240","true","4185","0.418500","0.423900","0.411901","0.424862","10000","1.000000","-0.001332","0.000000","0","0.000506"
"Sample 66","B3458/S0347","1","Disordered","","500","100","0.240","true","5348","0.534800","0.587600","0.537695","0.582115","10000","1.000000","0.006889","0.000000","0","0.000365"
"Sample 66","B3458/S0347","2","Disordered","","500","100","0.240","true","5441","0.544100","0.573000","0.538583","0.582414","10000","1.000000","0.009263","0.000000","0","0.001200"
"Sample 66","B3458/S0347","3","Disordered","","500","100","0.240","true","5439","0.543900","0.583600","0.538422","0.583274","10000","1.000000","0.008751","0.000000","0","0.000519"
"Sample 66","B3458/S0347","4","Disordered","","500","100","0.240","true","5382","0.538200","0.580900","0.537729","0.582725","10000","1.000000","0.007013","0.000000","0","0.001273"
"Sample 66","B3458/S0347","5","Disordered","","500","100","0.240","true","5364","0.536400","0.580000","0.537801","0.581721","10000","1.000000","0.007558","0.000000","0","0.000645"
"Sample 66","B3458/S0347","6","Disordered","","500","100","0.240","true","5405","0.540500","0.577900","0.538378","0.582860","10000","1.000000","0.008679","0.000000","0","0.000665"
"Sample 66","B3458/S0347","7","Disordered","","500","100","0.240","true","5482","0.548200","0.594400","0.537877","0.582872","10000","1.000000","0.009415","0.000000","0","0.000269"
"Sample 66","B3458/S0347","8","Disordered","","500","100","0.240","true","5272","0.527200","0.583900","0.538218","0.582681","10000","1.000000","0.006885","0.000000","0","0.000745"
"Sample 66","B3458/S0347","9","Disordered","","500","100","0.240","true","5462","0.546200","0.581000","0.537868","0.581912","10000","1.000000","0.008210","0.000000","0","0.000854"
"Sample 66","B3458/S0347","10","Disordered","","500","100","0.240","true","5473","0.547300","0.582600","0.538155","0.582222","10000","1.000000","0.008643","0.000000","0","0.000939"
"Sample 67","B56/S7","1","Extinct","","500","100","0.240","true","0","0.000000","0.000000","0.000000","0.000000","0","0.000000","-0.000183","-0.009601","1","0.000000"
"Sample 67","B56/S7","2","Extinct","","500","100","0.240","true","0","0.000000","0.000000","0.000000","0.000000","0","0.000000","-0.000166","-0.009700","1","0.000000"
"Sample 67","B56/S7","3","Extinct","","500","100","0.240","true","0","0.000000","0.000000","0.000000","0.000000","0","0.000000","-0.000137","-0.009405","1","0.000000"
"Sample 67","B56/S7","4","Extinct","","500","100","0.240","true","0","0.000000","0.000000","0.000000","0.000000","0","0.000000","-0.000178","-0.009601","1","0.000000"
"Sample 67","B56/S7","5","Extinct","","500","100","0.240","true","0","0.000000","0.000000","0.000000","0.000000","0","0.000000","-0.000145","-0.009900","1","0.000000"
"Sample 67","B56/S7","6","Extinct","","500","100","0.240","true","0","0.000000","0.000000","0.000000","0.000000","0","0.000000","-0.000188","-0.009801","1","0.000000"
"Sample 67","B56/S7","7","Extinct","","500","100","0.240","true","0","0.000000","0.000000","0.000000","0.000000","0","0.000000","-0.000156","-0.009600","1","0.000000"
"Sample 67","B56/S7","8","Extinct","","500","100","0.240","true","0","0.000000","0.000000","0.000000","0.000000","0","0.000000","-0.000160","-0.010002","1","0.000000"
"Sample 67","B56/S7","9","Extinct","","500","100","0.240","true","0","0.000000","0.000000","0.000000","0.000000","0","0.000000","-0.000181","-0.009702","1","0.000000"
"Sample 67","B56/S7","10","Extinct","","500","100","0.240","true","0","0.000000","0.000000","0.000000","0.000000","0","0.000000","-0.000169","-0.009900","1","0.000000"
"Sample 68","B3478/S067","1","Periodic","","500","100","0.240","true","340","0.034000","0.009200","0.034050","0.009250","10000","1.000000","-0.015495","0.000000","4","0.005580"
"Sample 68","B3478/S067","2","Periodic","","500","100","0.240","true","338","0.033800","0.012000","0.033800","0.012000","10000","1.000000","-0.015121","0.000000","4","0.005142"
"Sample 68","B3478/S067","3","Periodic","","500","100","0.240","true","381","0.038100","0.015000","0.038100","0.015000","10000","1.000000","-0.013683","0.000000","4","0.006928"
"Sample 68","B3478/S067","4","Periodic","","500","100","0.240","true","334","0.033400","0.008800","0.033200","0.009200","9900","0.990000","-0.015495","-0.001800","4","0.002369"
"Sample 68","B3478/S067","5","Periodic","","500","100","0.240","true","334","0.033400","0.010800","0.033700","0.010200","10000","1.000000","-0.011980","0.000000","4","0.007124"
"Sample 68","B3478/S067","6","Periodic","","500","100","0.240","true","344","0.034400","0.011600","0.034200","0.012000","10000","1.000000","-0.013882","0.000000","4","0.005322"
"Sample 68","B3478/S067","7","Periodic","","500","100","0.240","true","330","0.033000","0.007400","0.032900","0.007600","10000","1.000000","-0.015584","0.000000","4","0.003923"
"Sample 68","B3478/S067","8","Periodic","","500","100","0.240","true","372","0.037200","0.014400","0.037400","0.014000","10000","1.000000","-0.013073","0.000000","4","0.003234"
"Sample 68","B3478/S067","9","Periodic","","500","100","0.240","true","332","0.033200","0.011000","0.033100","0.011200","10000","1.000000","-0.013006","0.000000","4","0.004173"
"Sample 68","B3478/S067","10","Periodic","","500","100","0.240","true","337","0.033700","0.010400","0.033900","0.010000","9900","0.990000","-0.013360","-0.001700","4","0.006632"
"Sample 69","B023467/S05","1","Disordered","","500","100","0.240","true","5063","0.506300","0.765000","0.492645","0.758664","10000","1.000000","-0.001042","0.000000","0","0.000104"
"Sample 69","B023467/S05","2","Disordered","","500","100","0.240","true","4961","0.496100","0.758200","0.493457","0.757988","10000","1.000000","0.000032","0.000000","0","0.000479"
"Sample 69","B023467/S05","3","Disordered","","500","100","0.240","true","4894","0.489400","0.757500","0.493072","0.757969","10000","1.000000","-0.000563","0.000000","0","0.000252"
"Sample 69","B023467/S05","4","Disordered","","500","100","0.240","true","4876","0.487600","0.765600","0.493209","0.758201","10000","1.000000","0.000102","0.000000","0","0.000406"
"Sample 69","B023467/S05","5","Disordered","","500","100","0.240","true","5019","0.501900","0.755700","0.492896","0.758754","10000","1.000000","-0.000760","0.000000","0","0.000490"
"Sample 69","B023467/S05","6","Disordered","","500","100","0.240","true","4922","0.492200","0.750300","0.493244","0.757560","10000","1.000000","-0.000500","0.000000","0","0.000381"
"Sample 69","B023467/S05","7","Disordered","","500","100","0.240","true","4939","0.493900","0.766800","0.492943","0.758609","10000","1.000000","0.000283","0.000000","0","0.000580"
"Sample 69","B023467/S05","8","Disordered","","500","100","0.240","true","4858","0.485800","0.759300","0.492550","0.758758","10000","1.000000","-0.001126","0.000000","0","0.000503"
"Sample 69","B023467/S05","9","Disordered","","500","100","0.240","true","4952","0.495200","0.756700","0.493172","0.758031","10000","1.000000","-0.000296","0.000000","0","0.000164"
"Sample 69","B023467/S05","10","Disordered","","500","100","0.240","true","4923","0.492300","0.761700","0.492906","0.758115","10000","1.000000","-0.000430","0.000000","0","0.000284"
"Sample 70","B1457/S2457","1","Disordered","","500","100","0.240","true","6223","0.622300","0.464200","0.615341","0.457317","10000","1.000000","0.005625","0.000000","0","0.000618"
"Sample 70","B1457/S2457","2","Disordered","","500","100","0.240","true","6105","0.610500","0.460200","0.615308","0.457397","10000","1.000000","0.004676","0.000000","0","0.000281"
"Sample 70","B1457/S2457","3","Disordered","","500","100","0.240","true","6130","0.613000","0.452900","0.615468","0.456732","10000","1.000000","0.004912","0.000000","0","0.000546"
"Sample 70","B1457/S2457","4","Disordered","","500","100","0.240","true","6196","0.619600","0.459000","0.615645","0.457634","10000","1.000000","0.004994","0.000000","0","0.000210"
"Sample 70","B1457/S2457","5","Disordered","","500","100","0.240","true","6213","0.621300","0.453900","0.614776","0.458386","10000","1.000000","0.005220","0.000000","0","0.000523"
"Sample 70","B1457/S2457","6","Disordered","","500","100","0.240","true","6129","0.612900","0.462700","0.615948","0.457509","10000","1.000000","0.005854","0.000000","0","0.000892"
"Sample 70","B1457/S2457","7","Disordered","","500","100","0.240","true","6221","0.622100","0.458600","0.614321","0.457459","10000","1.000000","0.003773","0.000000","0","0.000217"
"Sample 70","B1457/S2457","8","Disordered","","500","100","0.240","true","6212","0.621200","0.452100","0.616034","0.457485","10000","1.000000","0.005875","0.000000","0","0.000519"
"Sample 70","B1457/S2457","9","Disordered","","500","100","0.240","true","6178","0.617800","0.455200","0.615896","0.457980","10000","1.000000","0.005863","0.000000","0","0.000578"
"Sample 70","B1457/S2457","10","Disordered","","500","100","0.240","true","6182","0.618200","0.449300","0.615041","0.457410","10000","1.000000","0.003839","0.000000","0","0.000853"
"Sample 71","B12357/S456","1","Disordered","","500","100","0.240","true","6409","0.640900","0.406600","0.640882","0.401007","10000","1.000000","-0.000269","0.000000","0","0.000308"
"Sample 71","B12357/S456","2","Disordered","","500","100","0.240","true","6403","0.640300","0.392100","0.641280","0.400040","10000","1.000000","0.000147","0.000000","0","0.000315"
"Sample 71","B12357/S456","3","Disordered","","500","100","0.240","true","6440","0.644000","0.406200","0.640672","0.401052","10000","1.000000","0.000032","0.000000","0","0.000427"
"Sample 71","B12357/S456","4","Disordered","","500","100","0.240","true","6345","0.634500","0.412300","0.639991","0.401219","10000","1.000000","-0.001176","0.000000","0","0.000164"
"Sample 71","B12357/S456","5","Disordered","","500","100","0.240","true","6463","0.646300","0.402700","0.640058","0.401433","10000","1.000000","-0.000975","0.000000","0","0.000387"
"Sample 71","B12357/S456","6","Disordered","","500","100","0.240","true","6333","0.633300","0.398200","0.640122","0.402223","10000","1.000000","-0.000690","0.000000","0","0.000307"
"Sample 71","B12357/S456","7","Disordered","","500","100","0.240","true","6409","0.640900","0.397400","0.640319","0.400959","10000","1.000000","-0.000451","0.000000","0","0.000510"
"Sample 71","B12357/S456","8","Disordered","","500","100","0.240","true","6480","0.648000","0.392200","0.641056","0.399741","10000","1.000000","-0.000117","0.000000","0","0.000300"
"Sample 71","B12357/S456","9","Disordered","","500","100","0.240","true","6483","0.648300","0.399200","0.640679","0.401594","10000","1.000000","-0.000111","0.000000","0","0.000417"
"Sample 71","B12357/S456","10","Disordered","","500","100","0.240","true","6318","0.631800","0.395400","0.640887","0.401046","10000","1.000000","0.000177","0.000000","0","0.000247"
"Sample 72","B028/S1234578","1","Frozen","","500","100","0.240","true","5058","0.505800","0.000000","0.505800","0.000000","10000","1.000000","-0.000336","0.000000","1","0.000016"
"Sample 72","B028/S1234578","2","Frozen","","500","100","0.240","true","5027","0.502700","0.000000","0.502700","0.000000","10000","1.000000","-0.000384","0.000000","1","0.000085"
"Sample 72","B028/S1234578","3","Frozen","","500","100","0.240","true","5008","0.500800","0.000000","0.500800","0.000000","10000","1.000000","-0.000478","0.000000","1","0.000021"
"Sample 72","B028/S1234578","4","Frozen","","500","100","0.240","true","5064","0.506400","0.000000","0.506400","0.000000","10000","1.000000","-0.000199","0.000000","1","0.000021"
"Sample 72","B028/S1234578","5","Frozen","","500","100","0.240","true","5045","0.504500","0.000000","0.504500","0.000000","10000","1.000000","-0.000349","0.000000","1","0.000025"
"Sample 72","B028/S1234578","6","Frozen","","500","100","0.240","true","5035","0.503500","0.000000","0.503500","0.000000","10000","1.000000","-0.000326","0.000000","1","0.000010"
"Sample 72","B028/S1234578","7","Frozen","","500","100","0.240","true","5039","0.503900","0.000000","0.503900","0.000000","10000","1.000000","-0.000298","0.000000","1","0.000082"
"Sample 72","B028/S1234578","8","Frozen","","500","100","0.240","true","5047","0.504700","0.000000","0.504700","0.000000","10000","1.000000","-0.000259","0.000000","1","0.000059"
"Sample 72","B028/S1234578","9","Frozen","","500","100","0.240","true","5038","0.503800","0.000000","0.503800","0.000000","10000","1.000000","-0.000339","0.000000","1","0.000018"
"Sample 72","B028/S1234578","10","Frozen","","500","100","0.240","true","5056","0.505600","0.000000","0.505600","0.000000","10000","1.000000","-0.000401","0.000000","1","0.000051"
"Sample 73","B3678/S2348","1","Disordered","","500","100","0.240","true","4942","0.494200","0.356100","0.483254","0.366188","10000","1.000000","0.007704","0.000000","0","0.000292"
"Sample 73","B3678/S2348","2","Disordered","","500","100","0.240","true","4799","0.479900","0.351700","0.483830","0.366372","10000","1.000000","0.009810","0.000000","0","0.000762"
"Sample 73","B3678/S2348","3","Disordered","","500","100","0.240","true","4923","0.492300","0.372900","0.483630","0.367916","10000","1.000000","0.009336","0.000000","0","0.000444"
"Sample 73","B3678/S2348","4","Disordered","","500","100","0.240","true","4851","0.485100","0.369100","0.482840","0.365453","10000","1.000000","0.009262","0.000000","0","0.000942"
"Sample 73","B3678/S2348","5","Disordered","","500","100","0.240","true","4845","0.484500","0.357700","0.483490","0.367558","10000","1.000000","0.010086","0.000000","0","0.000765"
"Sample 73","B3678/S2348","6","Disordered","","500","100","0.240","true","4826","0.482600","0.367500","0.483782","0.367903","10000","1.000000","0.011102","0.000000","0","0.000715"
"Sample 73","B3678/S2348","7","Disordered","","500","100","0.240","true","4872","0.487200","0.362800","0.483608","0.366958","10000","1.000000","0.007892","0.000000","0","0.001331"
"Sample 73","B3678/S2348","8","Disordered","","500","100","0.240","true","4867","0.486700","0.385600","0.483594","0.367123","10000","1.000000","0.009444","0.000000","0","0.000906"
"Sample 73","B3678/S2348","9","Disordered","","500","100","0.240","true","4802","0.480200","0.357300","0.483058","0.366987","10000","1.000000","0.009670","0.000000","0","0.001817"
"Sample 73","B3678/S2348","10","Disordered","","500","100","0.240","true","4804","0.480400","0.368400","0.483775","0.365532","10000","1.000000","0.010978","0.000000","0","0.001750"
"Sample 74","B047/S02378","1","Structured Dynamic","","500","100","0.240","true","3036","0.303600","0.259100","0.297167","0.253734","10000","1.000000","0.000548","0.000000","0","0.001616"
"Sample 74","B047/S02378","2","Structured Dynamic","","500","100","0.240","true","3056","0.305600","0.267700","0.296436","0.253278","10000","1.000000","-0.001585","0.000000","0","0.003115"
"Sample 74","B047/S02378","3","Structured Dynamic","","500","100","0.240","true","2978","0.297800","0.255100","0.295902","0.252479","10000","1.000000","-0.002608","0.000000","0","0.000222"
"Sample 74","B047/S02378","4","Structured Dynamic","","500","100","0.240","true","2904","0.290400","0.258600","0.298379","0.254918","10000","1.000000","-0.000530","0.000000","0","0.002458"
"Sample 74","B047/S02378","5","Structured Dynamic","","500","100","0.240","true","3001","0.300100","0.265800","0.297438","0.255030","10000","1.000000","0.001254","0.000000","0","0.000911"
"Sample 74","B047/S02378","6","Structured Dynamic","","500","100","0.240","true","2973","0.297300","0.250300","0.295564","0.252147","10000","1.000000","-0.001558","0.000000","0","0.000424"
"Sample 74","B047/S02378","7","Structured Dynamic","","500","100","0.240","true","3008","0.300800","0.251400","0.297412","0.254245","10000","1.000000","0.000106","0.000000","0","0.004719"
"Sample 74","B047/S02378","8","Structured Dynamic","","500","100","0.240","true","3004","0.300400","0.255700","0.296400","0.252380","10000","1.000000","-0.000836","0.000000","0","0.001344"
"Sample 74","B047/S02378","9","Structured Dynamic","","500","100","0.240","true","2920","0.292000","0.246000","0.295942","0.251409","10000","1.000000","-0.000685","0.000000","0","0.000184"
"Sample 74","B047/S02378","10","Structured Dynamic","","500","100","0.240","true","2906","0.290600","0.252900","0.295771","0.252839","10000","1.000000","-0.000961","0.000000","0","0.003127"
"Sample 75","B2457/S1235678","1","Frozen","","500","100","0.240","true","9477","0.947700","0.000000","0.947700","0.000000","10000","1.000000","0.010792","0.000000","1","0.000033"
"Sample 75","B2457/S1235678","2","Periodic","","500","100","0.240","true","9427","0.942700","0.000800","0.942700","0.000800","10000","1.000000","0.010720","0.000000","2","0.000058"
"Sample 75","B2457/S1235678","3","Frozen","","500","100","0.240","true","9507","0.950700","0.000000","0.950700","0.000000","10000","1.000000","0.011468","0.000000","1","0.000267"
"Sample 75","B2457/S1235678","4","Frozen","","500","100","0.240","true","9436","0.943600","0.000000","0.943600","0.000000","10000","1.000000","0.010496","0.000000","1","0.000126"
"Sample 75","B2457/S1235678","5","Frozen","","500","100","0.240","true","9428","0.942800","0.000000","0.942800","0.000000","10000","1.000000","0.010977","0.000000","1","0.000237"
"Sample 75","B2457/S1235678","6","Frozen","","500","100","0.240","true","9449","0.944900","0.000000","0.944900","0.000000","10000","1.000000","0.010553","0.000000","1","0.000052"
"Sample 75","B2457/S1235678","7","Frozen","","500","100","0.240","true","9491","0.949100","0.000000","0.949100","0.000000","10000","1.000000","0.010740","0.000000","1","0.000153"
"Sample 75","B2457/S1235678","8","Frozen","","500","100","0.240","true","9454","0.945400","0.000000","0.945400","0.000000","10000","1.000000","0.009990","0.000000","1","0.000066"
"Sample 75","B2457/S1235678","9","Frozen","","500","100","0.240","true","9439","0.943900","0.000000","0.943900","0.000000","10000","1.000000","0.011332","0.000000","1","0.000183"
"Sample 75","B2457/S1235678","10","Frozen","","500","100","0.240","true","9465","0.946500","0.000000","0.946500","0.000000","10000","1.000000","0.011293","0.000000","1","0.000226"
"Sample 76","B01346/S013568","1","Disordered","","500","100","0.240","true","6171","0.617100","0.426400","0.611423","0.437227","10000","1.000000","-0.000820","0.000000","0","0.000893"
"Sample 76","B01346/S013568","2","Disordered","","500","100","0.240","true","6208","0.620800","0.440100","0.611809","0.436914","10000","1.000000","-0.000456","0.000000","0","0.000634"
"Sample 76","B01346/S013568","3","Disordered","","500","100","0.240","true","6164","0.616400","0.441300","0.612129","0.436111","10000","1.000000","-0.000214","0.000000","0","0.000556"
"Sample 76","B01346/S013568","4","Disordered","","500","100","0.240","true","6025","0.602500","0.434900","0.611505","0.437005","10000","1.000000","-0.000027","0.000000","0","0.000142"
"Sample 76","B01346/S013568","5","Disordered","","500","100","0.240","true","6226","0.622600","0.437000","0.611278","0.436663","10000","1.000000","-0.001632","0.000000","0","0.000191"
"Sample 76","B01346/S013568","6","Disordered","","500","100","0.240","true","6089","0.608900","0.439300","0.611763","0.436289","10000","1.000000","0.000372","0.000000","0","0.000770"
"Sample 76","B01346/S013568","7","Disordered","","500","100","0.240","true","6142","0.614200","0.438400","0.611314","0.437136","10000","1.000000","-0.000464","0.000000","0","0.000495"
"Sample 76","B01346/S013568","8","Disordered","","500","100","0.240","true","6140","0.614000","0.439700","0.611626","0.437691","10000","1.000000","0.000116","0.000000","0","0.000161"
"Sample 76","B01346/S013568","9","Disordered","","500","100","0.240","true","6053","0.605300","0.441900","0.610996","0.437085","10000","1.000000","-0.000728","0.000000","0","0.000731"
"Sample 76","B01346/S013568","10","Disordered","","500","100","0.240","true","6078","0.607800","0.444600","0.611773","0.437173","10000","1.000000","-0.000288","0.000000","0","0.000285"
"Sample 77","B0347/S2567","1","Disordered","","500","100","0.240","true","5405","0.540500","0.453000","0.541608","0.454056","10000","1.000000","0.007384","0.000000","0","0.001281"
"Sample 77","B0347/S2567","2","Disordered","","500","100","0.240","true","5433","0.543300","0.438300","0.541274","0.453969","10000","1.000000","0.005978","0.000000","0","0.001890"
"Sample 77","B0347/S2567","3","Disordered","","500","100","0.240","true","5504","0.550400","0.455000","0.536264","0.460320","10000","1.000000","0.000187","0.000000","0","0.001789"
"Sample 77","B0347/S2567","4","Disordered","","500","100","0.240","true","5304","0.530400","0.459200","0.537782","0.458813","10000","1.000000","0.002717","0.000000","0","0.001043"
"Sample 77","B0347/S2567","5","Disordered","","500","100","0.240","true","5402","0.540200","0.446300","0.537920","0.457709","10000","1.000000","0.005831","0.000000","0","0.001410"
"Sample 77","B0347/S2567","6","Disordered","","500","100","0.240","true","5548","0.554800","0.443900","0.542669","0.452473","10000","1.000000","0.012515","0.000000","0","0.000753"
"Sample 77","B0347/S2567","7","Disordered","","500","100","0.240","true","5436","0.543600","0.459000","0.536659","0.459191","10000","1.000000","0.005122","0.000000","0","0.001781"
"Sample 77","B0347/S2567","8","Disordered","","500","100","0.240","true","5492","0.549200","0.464700","0.540599","0.455192","10000","1.000000","0.008923","0.000000","0","0.001262"
"Sample 77","B0347/S2567","9","Disordered","","500","100","0.240","true","5277","0.527700","0.477100","0.538887","0.457182","10000","1.000000","0.005848","0.000000","0","0.003496"
"Sample 77","B0347/S2567","10","Disordered","","500","100","0.240","true","5399","0.539900","0.450400","0.537645","0.457786","10000","1.000000","0.003568","0.000000","0","0.001650"
"Sample 78","B134/S123578","1","Disordered","","500","100","0.240","true","5553","0.555300","0.425900","0.544359","0.430024","10000","1.000000","-0.000634","0.000000","0","0.000333"
"Sample 78","B134/S123578","2","Disordered","","500","100","0.240","true","5308","0.530800","0.426800","0.543823","0.431052","10000","1.000000","-0.001256","0.000000","0","0.000568"
"Sample 78","B134/S123578","3","Disordered","","500","100","0.240","true","5500","0.550000","0.436200","0.544466","0.430402","10000","1.000000","-0.000320","0.000000","0","0.000322"
"Sample 78","B134/S123578","4","Disordered","","500","100","0.240","true","5518","0.551800","0.432700","0.544454","0.430716","10000","1.000000","-0.000136","0.000000","0","0.000678"
"Sample 78","B134/S123578","5","Disordered","","500","100","0.240","true","5517","0.551700","0.430700","0.544510","0.431356","10000","1.000000","-0.000676","0.000000","0","0.000330"
"Sample 78","B134/S123578","6","Disordered","","500","100","0.240","true","5378","0.537800","0.430300","0.543992","0.429496","10000","1.000000","-0.001222","0.000000","0","0.000363"
"Sample 78","B134/S123578","7","Disordered","","500","100","0.240","true","5457","0.545700","0.429900","0.543988","0.431102","10000","1.000000","-0.001390","0.000000","0","0.000253"
"Sample 78","B134/S123578","8","Disordered","","500","100","0.240","true","5328","0.532800","0.420100","0.544398","0.430916","10000","1.000000","-0.000104","0.000000","0","0.000427"
"Sample 78","B134/S123578","9","Disordered","","500","100","0.240","true","5466","0.546600","0.426100","0.543870","0.431707","10000","1.000000","-0.001570","0.000000","0","0.000336"
"Sample 78","B134/S123578","10","Disordered","","500","100","0.240","true","5417","0.541700","0.423900","0.543969","0.430894","10000","1.000000","-0.001116","0.000000","0","0.000338"
"Sample 79","B0234678/S12567","1","Expanding","","500","100","0.240","true","7110","0.711000","0.440400","0.711843","0.437450","10000","1.000000","0.000239","0.000000","0","0.000246"
"Sample 79","B0234678/S12567","2","Expanding","","500","100","0.240","true","7192","0.719200","0.425100","0.712418","0.437775","10000","1.000000","0.000181","0.000000","0","0.000288"
"Sample 79","B0234678/S12567","3","Expanding","","500","100","0.240","true","7094","0.709400","0.437900","0.713216","0.436153","10000","1.000000","0.001410","0.000000","0","0.000216"
"Sample 79","B0234678/S12567","4","Expanding","","500","100","0.240","true","7055","0.705500","0.442000","0.712594","0.437193","10000","1.000000","0.000217","0.000000","0","0.000415"
"Sample 79","B0234678/S12567","5","Expanding","","500","100","0.240","true","7114","0.711400","0.439600","0.712369","0.437224","10000","1.000000","0.000529","0.000000","0","0.000425"
"Sample 79","B0234678/S12567","6","Expanding","","500","100","0.240","true","7182","0.718200","0.428300","0.712275","0.437246","10000","1.000000","0.000478","0.000000","0","0.000120"
"Sample 79","B0234678/S12567","7","Expanding","","500","100","0.240","true","7070","0.707000","0.439400","0.711907","0.437465","10000","1.000000","-0.001097","0.000000","0","0.000291"
"Sample 79","B0234678/S12567","8","Expanding","","500","100","0.240","true","7075","0.707500","0.439000","0.712534","0.437112","10000","1.000000","0.000996","0.000000","0","0.000287"
"Sample 79","B0234678/S12567","9","Expanding","","500","100","0.240","true","7037","0.703700","0.445700","0.712059","0.437923","10000","1.000000","-0.000442","0.000000","0","0.000224"
"Sample 79","B0234678/S12567","10","Expanding","","500","100","0.240","true","7117","0.711700","0.435500","0.712137","0.436308","10000","1.000000","0.001238","0.000000","0","0.000529"
"Sample 80","B2568/S0156","1","Structured Dynamic","","500","100","0.240","true","3362","0.336200","0.469700","0.339677","0.472447","10000","1.000000","-0.000752","0.000000","0","0.001044"
"Sample 80","B2568/S0156","2","Structured Dynamic","","500","100","0.240","true","3456","0.345600","0.476700","0.340084","0.472726","10000","1.000000","0.000623","0.000000","0","0.000265"
"Sample 80","B2568/S0156","3","Structured Dynamic","","500","100","0.240","true","3368","0.336800","0.477200","0.341207","0.473603","10000","1.000000","0.000431","0.000000","0","0.000349"
"Sample 80","B2568/S0156","4","Structured Dynamic","","500","100","0.240","true","3382","0.338200","0.477400","0.339495","0.472162","10000","1.000000","-0.000296","0.000000","0","0.000247"
"Sample 80","B2568/S0156","5","Structured Dynamic","","500","100","0.240","true","3450","0.345000","0.469700","0.340474","0.471984","10000","1.000000","0.000891","0.000000","0","0.001639"
"Sample 80","B2568/S0156","6","Structured Dynamic","","500","100","0.240","true","3420","0.342000","0.467900","0.340655","0.473737","10000","1.000000","-0.000812","0.000000","0","0.001211"
"Sample 80","B2568/S0156","7","Structured Dynamic","","500","100","0.240","true","3353","0.335300","0.458300","0.339485","0.472035","10000","1.000000","-0.000975","0.000000","0","0.000432"
"Sample 80","B2568/S0156","8","Structured Dynamic","","500","100","0.240","true","3385","0.338500","0.463800","0.340106","0.471863","10000","1.000000","-0.000687","0.000000","0","0.000830"
"Sample 80","B2568/S0156","9","Structured Dynamic","","500","100","0.240","true","3428","0.342800","0.461700","0.340331","0.472547","10000","1.000000","-0.000358","0.000000","0","0.000720"
"Sample 80","B2568/S0156","10","Structured Dynamic","","500","100","0.240","true","3402","0.340200","0.470900","0.340300","0.472976","10000","1.000000","-0.000042","0.000000","0","0.000185"
"Sample 81","B17/S2348","1","Disordered","","500","100","0.240","true","4254","0.425400","0.023900","0.424579","0.022721","10000","1.000000","0.004074","0.000000","0","0.000182"
"Sample 81","B17/S2348","2","Periodic","","500","100","0.240","true","4235","0.423500","0.020100","0.423713","0.019614","10000","1.000000","0.004332","0.000000","60","0.000489"
"Sample 81","B17/S2348","3","Periodic","","500","100","0.240","true","4279","0.427900","0.021600","0.428750","0.020924","10000","1.000000","0.004377","0.000000","60","0.000197"
"Sample 81","B17/S2348","4","Periodic","","500","100","0.240","true","4241","0.424100","0.022200","0.425042","0.022646","10000","1.000000","0.004155","0.000000","420","0.000087"
"Sample 81","B17/S2348","5","Disordered","","500","100","0.240","true","4267","0.426700","0.021100","0.426571","0.021507","10000","1.000000","0.004403","0.000000","0","0.000595"
"Sample 81","B17/S2348","6","Periodic","","500","100","0.240","true","4263","0.426300","0.020700","0.426742","0.020026","10000","1.000000","0.004328","0.000000","60","0.000075"
"Sample 81","B17/S2348","7","Periodic","","500","100","0.240","true","4265","0.426500","0.021400","0.426763","0.021318","10000","1.000000","0.003978","0.000000","60","0.000268"
"Sample 81","B17/S2348","8","Periodic","","500","100","0.240","true","4242","0.424200","0.022100","0.425432","0.021822","10000","1.000000","0.003686","0.000000","60","0.000437"
"Sample 81","B17/S2348","9","Periodic","","500","100","0.240","true","4255","0.425500","0.021400","0.425939","0.021596","10000","1.000000","0.004034","0.000000","60","0.000073"
"Sample 81","B17/S2348","10","Periodic","","500","100","0.240","true","4311","0.431100","0.019500","0.429848","0.019095","10000","1.000000","0.004236","0.000000","180","0.000161"
"Sample 82","B012/S02457","1","Disordered","","500","100","0.240","true","4291","0.429100","0.375200","0.426435","0.359616","10000","1.000000","-0.002244","0.000000","0","0.000589"
"Sample 82","B012/S02457","2","Disordered","","500","100","0.240","true","4477","0.447700","0.381000","0.426504","0.358803","10000","1.000000","-0.001821","0.000000","0","0.000220"
"Sample 82","B012/S02457","3","Disordered","","500","100","0.240","true","4244","0.424400","0.349600","0.427010","0.358541","10000","1.000000","-0.001182","0.000000","0","0.000977"
"Sample 82","B012/S02457","4","Disordered","","500","100","0.240","true","4285","0.428500","0.361300","0.426642","0.359387","10000","1.000000","-0.001974","0.000000","0","0.000185"
"Sample 82","B012/S02457","5","Disordered","","500","100","0.240","true","4422","0.442200","0.372200","0.426880","0.360425","10000","1.000000","-0.002036","0.000000","0","0.000085"
"Sample 82","B012/S02457","6","Disordered","","500","100","0.240","true","4253","0.425300","0.363600","0.426552","0.359194","10000","1.000000","-0.001710","0.000000","0","0.000909"
"Sample 82","B012/S02457","7","Disordered","","500","100","0.240","true","4278","0.427800","0.363300","0.426576","0.359392","10000","1.000000","-0.002404","0.000000","0","0.000208"
"Sample 82","B012/S02457","8","Disordered","","500","100","0.240","true","4303","0.430300","0.357000","0.426645","0.359181","10000","1.000000","-0.002598","0.000000","0","0.000308"
"Sample 82","B012/S02457","9","Disordered","","500","100","0.240","true","4188","0.418800","0.353600","0.426998","0.358280","10000","1.000000","-0.002230","0.000000","0","0.000521"
"Sample 82","B012/S02457","10","Disordered","","500","100","0.240","true","4201","0.420100","0.351900","0.426820","0.359031","10000","1.000000","-0.001408","0.000000","0","0.000453"
"Sample 83","B0123468/S145","1","Periodic","","500","100","0.240","true","302","0.030200","0.992700","0.500750","0.994150","9900","0.995000","-0.000922","-0.001000","4","0.003298"
"Sample 83","B0123468/S145","2","Periodic","","500","100","0.240","true","328","0.032800","0.993300","0.500750","0.994700","10000","1.000000","-0.000825","0.000000","4","0.006422"
"Sample 83","B0123468/S145","3","Periodic","","500","100","0.240","true","309","0.030900","0.994300","0.500650","0.995500","10000","1.000000","-0.000840","0.000000","4","0.001159"
"Sample 83","B0123468/S145","4","Periodic","","500","100","0.240","true","354","0.035400","0.993300","0.500750","0.995100","10000","1.000000","-0.000916","0.000000","4","0.005167"
"Sample 83","B0123468/S145","5","Periodic","","500","100","0.240","true","324","0.032400","0.996800","0.500500","0.997250","10000","1.000000","-0.000977","0.000000","4","0.005298"
"Sample 83","B0123468/S145","6","Periodic","","500","100","0.240","true","323","0.032300","0.993400","0.500800","0.994650","10000","1.000000","-0.000893","0.000000","4","0.004786"
"Sample 83","B0123468/S145","7","Periodic","","500","100","0.240","true","312","0.031200","0.993900","0.500650","0.995100","9800","0.990000","-0.001207","-0.001700","4","0.028445"
"Sample 83","B0123468/S145","8","Periodic","","500","100","0.240","true","352","0.035200","0.990800","0.501000","0.993100","10000","1.000000","-0.001220","0.000000","4","0.002938"
"Sample 83","B0123468/S145","9","Periodic","","500","100","0.240","true","295","0.029500","0.995300","0.500550","0.996300","10000","1.000000","-0.000697","0.000000","4","0.003764"
"Sample 83","B0123468/S145","10","Periodic","","500","100","0.240","true","309","0.030900","0.994400","0.500600","0.995400","10000","1.000000","-0.000770","0.000000","4","0.004847"
"Sample 84","B012357/S023467","1","Disordered","","500","100","0.240","true","6266","0.626600","0.394600","0.632243","0.390826","10000","1.000000","-0.001754","0.000000","0","0.000489"
"Sample 84","B012357/S023467","2","Disordered","","500","100","0.240","true","6338","0.633800","0.401200","0.632651","0.390581","10000","1.000000","-0.001587","0.000000","0","0.000525"
"Sample 84","B012357/S023467","3","Disordered","","500","100","0.240","true","6376","0.637600","0.383200","0.632714","0.390745","10000","1.000000","-0.001821","0.000000","0","0.000102"
"Sample 84","B012357/S023467","4","Disordered","","500","100","0.240","true","6326","0.632600","0.391200","0.632801","0.390702","10000","1.000000","-0.001278","0.000000","0","0.000489"
"Sample 84","B012357/S023467","5","Disordered","","500","100","0.240","true","6343","0.634300","0.395000","0.632238","0.390554","10000","1.000000","-0.002193","0.000000","0","0.000327"
"Sample 84","B012357/S023467","6","Disordered","","500","100","0.240","true","6391","0.639100","0.393700","0.631950","0.391512","10000","1.000000","-0.001832","0.000000","0","0.000206"
"Sample 84","B012357/S023467","7","Disordered","","500","100","0.240","true","6428","0.642800","0.395600","0.633428","0.390048","10000","1.000000","-0.001693","0.000000","0","0.000282"
"Sample 84","B012357/S023467","8","Disordered","","500","100","0.240","true","6302","0.630200","0.388400","0.633651","0.390756","10000","1.000000","-0.001189","0.000000","0","0.000340"
"Sample 84","B012357/S023467","9","Disordered","","500","100","0.240","true","6380","0.638000","0.385700","0.632319","0.390560","10000","1.000000","-0.002757","0.000000","0","0.000092"
"Sample 84","B012357/S023467","10","Disordered","","500","100","0.240","true","6378","0.637800","0.387000","0.632562","0.390314","10000","1.000000","-0.001271","0.000000","0","0.000305"
"Sample 85","B01248/S0358","1","Disordered","","500","100","0.240","true","4533","0.453300","0.530700","0.461260","0.533309","10000","1.000000","-0.002435","0.000000","0","0.000134"
"Sample 85","B01248/S0358","2","Disordered","","500","100","0.240","true","4707","0.470700","0.529500","0.461563","0.533557","10000","1.000000","-0.001645","0.000000","0","0.000361"
"Sample 85","B01248/S0358","3","Disordered","","500","100","0.240","true","4519","0.451900","0.527800","0.461341","0.533443","10000","1.000000","-0.002611","0.000000","0","0.000449"
"Sample 85","B01248/S0358","4","Disordered","","500","100","0.240","true","4557","0.455700","0.528000","0.461465","0.533862","10000","1.000000","-0.002291","0.000000","0","0.000321"
"Sample 85","B01248/S0358","5","Disordered","","500","100","0.240","true","4486","0.448600","0.528800","0.461196","0.532879","10000","1.000000","-0.002419","0.000000","0","0.000192"
"Sample 85","B01248/S0358","6","Disordered","","500","100","0.240","true","4633","0.463300","0.527400","0.461587","0.533057","10000","1.000000","-0.001952","0.000000","0","0.000276"
"Sample 85","B01248/S0358","7","Disordered","","500","100","0.240","true","4675","0.467500","0.546500","0.461432","0.535100","10000","1.000000","-0.001927","0.000000","0","0.000377"
"Sample 85","B01248/S0358","8","Disordered","","500","100","0.240","true","4576","0.457600","0.522800","0.461778","0.533986","10000","1.000000","-0.002234","0.000000","0","0.000563"
"Sample 85","B01248/S0358","9","Disordered","","500","100","0.240","true","4622","0.462200","0.529700","0.461705","0.533338","10000","1.000000","-0.002088","0.000000","0","0.000595"
"Sample 85","B01248/S0358","10","Disordered","","500","100","0.240","true","4605","0.460500","0.528900","0.461315","0.532939","10000","1.000000","-0.002565","0.000000","0","0.000360"
"Sample 86","B568/S016","1","Frozen","","500","100","0.240","true","1060","0.106000","0.000000","0.106000","0.000000","10000","1.000000","-0.000103","0.000000","1","0.000089"
"Sample 86","B568/S016","2","Frozen","","500","100","0.240","true","1055","0.105500","0.000000","0.105500","0.000000","10000","1.000000","-0.000078","0.000000","1","0.000007"
"Sample 86","B568/S016","3","Frozen","","500","100","0.240","true","1037","0.103700","0.000000","0.103700","0.000000","10000","1.000000","-0.000080","0.000000","1","0.000064"
"Sample 86","B568/S016","4","Frozen","","500","100","0.240","true","1107","0.110700","0.000000","0.110700","0.000000","10000","1.000000","-0.000055","0.000000","1","0.000028"
"Sample 86","B568/S016","5","Frozen","","500","100","0.240","true","1064","0.106400","0.000000","0.106400","0.000000","10000","1.000000","-0.000049","0.000000","1","0.000015"
"Sample 86","B568/S016","6","Frozen","","500","100","0.240","true","1026","0.102600","0.000000","0.102600","0.000000","10000","1.000000","-0.000079","0.000000","1","0.000120"
"Sample 86","B568/S016","7","Frozen","","500","100","0.240","true","1046","0.104600","0.000000","0.104600","0.000000","10000","1.000000","-0.000069","0.000000","1","0.000037"
"Sample 86","B568/S016","8","Frozen","","500","100","0.240","true","1003","0.100300","0.000000","0.100300","0.000000","10000","1.000000","-0.000072","0.000000","1","0.000028"
"Sample 86","B568/S016","9","Frozen","","500","100","0.240","true","1031","0.103100","0.000000","0.103100","0.000000","10000","1.000000","-0.000075","0.000000","1","0.000044"
"Sample 86","B568/S016","10","Frozen","","500","100","0.240","true","1040","0.104000","0.000000","0.104000","0.000000","10000","1.000000","-0.000084","0.000000","1","0.000069"
"Sample 87","B012456/S0137","1","Disordered","","500","100","0.240","true","5083","0.508300","0.725900","0.505200","0.724884","10000","1.000000","-0.001973","0.000000","0","0.000380"
"Sample 87","B012456/S0137","2","Disordered","","500","100","0.240","true","5001","0.500100","0.732200","0.505338","0.724348","10000","1.000000","-0.002261","0.000000","0","0.000332"
"Sample 87","B012456/S0137","3","Disordered","","500","100","0.240","true","5137","0.513700","0.719200","0.505624","0.725618","10000","1.000000","-0.001318","0.000000","0","0.000171"
"Sample 87","B012456/S0137","4","Disordered","","500","100","0.240","true","5071","0.507100","0.715300","0.505576","0.725156","10000","1.000000","-0.001952","0.000000","0","0.000329"
"Sample 87","B012456/S0137","5","Disordered","","500","100","0.240","true","5057","0.505700","0.725400","0.505467","0.725182","10000","1.000000","-0.002242","0.000000","0","0.000293"
"Sample 87","B012456/S0137","6","Disordered","","500","100","0.240","true","5072","0.507200","0.720200","0.505487","0.725419","10000","1.000000","-0.001866","0.000000","0","0.000685"
"Sample 87","B012456/S0137","7","Disordered","","500","100","0.240","true","5029","0.502900","0.726900","0.505759","0.724460","10000","1.000000","-0.001508","0.000000","0","0.000095"
"Sample 87","B012456/S0137","8","Disordered","","500","100","0.240","true","5060","0.506000","0.722200","0.505727","0.725020","10000","1.000000","-0.001408","0.000000","0","0.000488"
"Sample 87","B012456/S0137","9","Disordered","","500","100","0.240","true","5159","0.515900","0.732700","0.505642","0.725161","10000","1.000000","-0.001844","0.000000","0","0.000423"
"Sample 87","B012456/S0137","10","Disordered","","500","100","0.240","true","5118","0.511800","0.721300","0.505923","0.725324","10000","1.000000","-0.001565","0.000000","0","0.000418"
"Sample 88","B016/S128","1","Disordered","","500","100","0.240","true","3580","0.358000","0.443000","0.353929","0.442167","10000","1.000000","-0.001102","0.000000","0","0.000990"
"Sample 88","B016/S128","2","Disordered","","500","100","0.240","true","3621","0.362100","0.449100","0.354521","0.445525","10000","1.000000","-0.000235","0.000000","0","0.000991"
"Sample 88","B016/S128","3","Disordered","","500","100","0.240","true","3547","0.354700","0.449800","0.355312","0.457534","10000","1.000000","0.000341","0.000000","0","0.000491"
"Sample 88","B016/S128","4","Disordered","","500","100","0.240","true","3498","0.349800","0.429500","0.353656","0.440789","10000","1.000000","-0.000086","0.000000","0","0.001304"
"Sample 88","B016/S128","5","Disordered","","500","100","0.240","true","3530","0.353000","0.435300","0.354473","0.447762","10000","1.000000","0.000264","0.000000","0","0.000147"
"Sample 88","B016/S128","6","Disordered","","500","100","0.240","true","3621","0.362100","0.452900","0.354684","0.445017","10000","1.000000","0.000000","0.000000","0","0.000527"
"Sample 88","B016/S128","7","Disordered","","500","100","0.240","true","3548","0.354800","0.442200","0.353955","0.451034","10000","1.000000","-0.000448","0.000000","0","0.000820"
"Sample 88","B016/S128","8","Disordered","","500","100","0.240","true","3585","0.358500","0.449200","0.354605","0.447175","10000","1.000000","0.000000","0.000000","0","0.000204"
"Sample 88","B016/S128","9","Disordered","","500","100","0.240","true","3627","0.362700","0.408500","0.353611","0.438855","10000","1.000000","-0.001344","0.000000","0","0.000368"
"Sample 88","B016/S128","10","Disordered","","500","100","0.240","true","3525","0.352500","0.454400","0.354280","0.444993","10000","1.000000","-0.000053","0.000000","0","0.000013"
"Sample 89","B012348/S2346","1","Periodic","","500","100","0.240","true","324","0.032400","0.991300","0.501421","0.993498","10000","1.000000","-0.007610","0.000200","16","0.012520"
"Sample 89","B012348/S2346","2","Periodic","","500","100","0.240","true","368","0.036800","0.981900","0.502521","0.985798","10000","1.000000","-0.007666","0.000000","16","0.008336"
"Sample 89","B012348/S2346","3","Periodic","","500","100","0.240","true","348","0.034800","0.989700","0.501850","0.992200","10000","1.000000","-0.008108","0.000000","4","0.011434"
"Sample 89","B012348/S2346","4","Periodic","","500","100","0.240","true","292","0.029200","0.994400","0.501000","0.995900","10000","1.000000","-0.008545","0.000000","4","0.017802"
"Sample 89","B012348/S2346","5","Periodic","","500","100","0.240","true","354","0.035400","0.987900","0.502630","0.988540","10000","1.000000","-0.009174","0.000000","20","0.008022"
"Sample 89","B012348/S2346","6","Periodic","","500","100","0.240","true","367","0.036700","0.986100","0.502550","0.987700","10000","1.000000","-0.006430","0.000000","4","0.028709"
"Sample 89","B012348/S2346","7","Periodic","","500","100","0.240","true","311","0.031100","0.990200","0.501717","0.992018","10000","1.000000","-0.007092","0.001199","16","0.018885"
"Sample 89","B012348/S2346","8","Periodic","","500","100","0.240","true","361","0.036100","0.987600","0.502316","0.990112","9900","0.995000","-0.007753","-0.005000","16","0.013717"
"Sample 89","B012348/S2346","9","Periodic","","500","100","0.240","true","330","0.033000","0.990700","0.501750","0.992800","10000","1.000000","-0.007531","0.000000","4","0.011554"
"Sample 89","B012348/S2346","10","Periodic","","500","100","0.240","true","316","0.031600","0.990600","0.501417","0.993218","9900","0.995000","-0.009100","-0.004000","16","0.012280"
"Sample 90","B345678/S012368","1","Disordered","","500","100","0.240","true","6274","0.627400","0.728900","0.627577","0.728756","10000","1.000000","0.004407","0.000000","0","0.000118"
"Sample 90","B345678/S012368","2","Disordered","","500","100","0.240","true","6221","0.622100","0.735000","0.627546","0.727995","10000","1.000000","0.003772","0.000000","0","0.000271"
"Sample 90","B345678/S012368","3","Disordered","","500","100","0.240","true","6297","0.629700","0.734500","0.627531","0.728170","10000","1.000000","0.003763","0.000000","0","0.000572"
"Sample 90","B345678/S012368","4","Disordered","","500","100","0.240","true","6367","0.636700","0.719000","0.627953","0.727658","10000","1.000000","0.003496","0.000000","0","0.000023"
"Sample 90","B345678/S012368","5","Disordered","","500","100","0.240","true","6308","0.630800","0.723600","0.627528","0.728076","10000","1.000000","0.003811","0.000000","0","0.000087"
"Sample 90","B345678/S012368","6","Disordered","","500","100","0.240","true","6319","0.631900","0.722100","0.627837","0.727645","10000","1.000000","0.004427","0.000000","0","0.000617"
"Sample 90","B345678/S012368","7","Disordered","","500","100","0.240","true","6250","0.625000","0.735100","0.627786","0.728196","10000","1.000000","0.004368","0.000000","0","0.000215"
"Sample 90","B345678/S012368","8","Disordered","","500","100","0.240","true","6264","0.626400","0.722000","0.627706","0.728075","10000","1.000000","0.004632","0.000000","0","0.000158"
"Sample 90","B345678/S012368","9","Disordered","","500","100","0.240","true","6254","0.625400","0.727800","0.627655","0.728477","10000","1.000000","0.004238","0.000000","0","0.000277"
"Sample 90","B345678/S012368","10","Disordered","","500","100","0.240","true","6330","0.633000","0.715700","0.628312","0.726901","10000","1.000000","0.004785","0.000000","0","0.000322"
"Sample 91","B013578/S147","1","Disordered","","500","100","0.240","true","4298","0.429800","0.581800","0.433565","0.579715","10000","1.000000","-0.000779","0.000000","0","0.000484"
"Sample 91","B013578/S147","2","Disordered","","500","100","0.240","true","4401","0.440100","0.587200","0.434235","0.580856","10000","1.000000","-0.000930","0.000000","0","0.000319"
"Sample 91","B013578/S147","3","Disordered","","500","100","0.240","true","4302","0.430200","0.583700","0.433861","0.580382","10000","1.000000","-0.001226","0.000000","0","0.000668"
"Sample 91","B013578/S147","4","Disordered","","500","100","0.240","true","4327","0.432700","0.588800","0.434442","0.580628","10000","1.000000","-0.000193","0.000000","0","0.000392"
"Sample 91","B013578/S147","5","Disordered","","500","100","0.240","true","4414","0.441400","0.579700","0.434521","0.579702","10000","1.000000","-0.000822","0.000000","0","0.000750"
"Sample 91","B013578/S147","6","Disordered","","500","100","0.240","true","4350","0.435000","0.571300","0.433637","0.579404","10000","1.000000","-0.001429","0.000000","0","0.000222"
"Sample 91","B013578/S147","7","Disordered","","500","100","0.240","true","4257","0.425700","0.587000","0.433935","0.579878","10000","1.000000","-0.000829","0.000000","0","0.000843"
"Sample 91","B013578/S147","8","Disordered","","500","100","0.240","true","4346","0.434600","0.575900","0.434238","0.579796","10000","1.000000","-0.000560","0.000000","0","0.000128"
"Sample 91","B013578/S147","9","Disordered","","500","100","0.240","true","4376","0.437600","0.578100","0.434573","0.579831","10000","1.000000","0.000328","0.000000","0","0.000430"
"Sample 91","B013578/S147","10","Disordered","","500","100","0.240","true","4327","0.432700","0.576800","0.434205","0.579770","10000","1.000000","-0.001215","0.000000","0","0.000760"
"Sample 92","B127/S14568","1","Disordered","","500","100","0.240","true","4589","0.458900","0.343100","0.455359","0.321608","10000","1.000000","-0.001320","0.000000","0","0.000885"
"Sample 92","B127/S14568","2","Disordered","","500","100","0.240","true","4547","0.454700","0.326500","0.455810","0.322256","10000","1.000000","-0.003190","0.000000","0","0.001792"
"Sample 92","B127/S14568","3","Disordered","","500","100","0.240","true","4647","0.464700","0.315500","0.454808","0.322047","10000","1.000000","-0.003621","0.000000","0","0.001183"
"Sample 92","B127/S14568","4","Disordered","","500","100","0.240","true","4474","0.447400","0.313800","0.455952","0.321450","10000","1.000000","0.002222","0.000000","0","0.001128"
"Sample 92","B127/S14568","5","Disordered","","500","100","0.240","true","4582","0.458200","0.312000","0.454938","0.322102","10000","1.000000","-0.001824","0.000000","0","0.001001"
"Sample 92","B127/S14568","6","Disordered","","500","100","0.240","true","4563","0.456300","0.326800","0.457279","0.319029","10000","1.000000","0.000327","0.000000","0","0.000991"
"Sample 92","B127/S14568","7","Disordered","","500","100","0.240","true","4573","0.457300","0.312100","0.455524","0.321523","10000","1.000000","-0.001579","0.000000","0","0.000348"
"Sample 92","B127/S14568","8","Disordered","","500","100","0.240","true","4514","0.451400","0.311400","0.457749","0.317920","10000","1.000000","0.000257","0.000000","0","0.000500"
"Sample 92","B127/S14568","9","Disordered","","500","100","0.240","true","4492","0.449200","0.339600","0.455356","0.321979","10000","1.000000","-0.002183","0.000000","0","0.001075"
"Sample 92","B127/S14568","10","Disordered","","500","100","0.240","true","4538","0.453800","0.315300","0.455650","0.321951","10000","1.000000","-0.001363","0.000000","0","0.000914"
"Sample 93","B13568/S015678","1","Periodic","","500","100","0.240","true","9858","0.985800","0.000800","0.985800","0.000800","10000","1.000000","0.044977","0.000000","2","0.001337"
"Sample 93","B13568/S015678","2","Frozen","","500","100","0.240","true","9854","0.985400","0.000000","0.985400","0.000000","10000","1.000000","0.047706","0.000000","1","0.001089"
"Sample 93","B13568/S015678","3","Frozen","","500","100","0.240","true","9864","0.986400","0.000000","0.986400","0.000000","10000","1.000000","0.048335","0.000000","1","0.000831"
"Sample 93","B13568/S015678","4","Frozen","","500","100","0.240","true","9862","0.986200","0.000000","0.986200","0.000000","10000","1.000000","0.050122","0.000000","1","0.001948"
"Sample 93","B13568/S015678","5","Frozen","","500","100","0.240","true","9855","0.985500","0.000000","0.985500","0.000000","10000","1.000000","0.047761","0.000000","1","0.000676"
"Sample 93","B13568/S015678","6","Frozen","","500","100","0.240","true","9852","0.985200","0.000000","0.985200","0.000000","10000","1.000000","0.045283","0.000000","1","0.000924"
"Sample 93","B13568/S015678","7","Frozen","","500","100","0.240","true","9828","0.982800","0.000000","0.982800","0.000000","10000","1.000000","0.045614","0.000000","1","0.001557"
"Sample 93","B13568/S015678","8","Frozen","","500","100","0.240","true","9858","0.985800","0.000000","0.985800","0.000000","10000","1.000000","0.047049","0.000000","1","0.000392"
"Sample 93","B13568/S015678","9","Frozen","","500","100","0.240","true","9878","0.987800","0.000000","0.987800","0.000000","10000","1.000000","0.046916","0.000000","1","0.000671"
"Sample 93","B13568/S015678","10","Periodic","","500","100","0.240","true","9824","0.982400","0.000400","0.982400","0.000400","10000","1.000000","0.047338","0.000000","2","0.000251"
"Sample 94","B0235/S0123","1","Periodic","","500","100","0.240","true","32","0.003200","0.974600","0.490575","0.974850","9212","0.960600","0.007802","-0.011384","4","0.015803"
"Sample 94","B0235/S0123","2","Periodic","","500","100","0.240","true","31","0.003100","0.973300","0.489675","0.973050","9024","0.951200","0.009423","-0.016077","4","0.023794"
"Sample 94","B0235/S0123","3","Periodic","","500","100","0.240","true","36","0.003600","0.969800","0.488500","0.969800","9801","0.990050","0.008722","-0.002383","4","0.016850"
"Sample 94","B0235/S0123","4","Periodic","","500","100","0.240","true","42","0.004200","0.967900","0.487950","0.968000","8280","0.914000","0.007548","-0.024254","4","0.064895"
"Sample 94","B0235/S0123","5","Periodic","","500","100","0.240","true","35","0.003500","0.969900","0.488450","0.969900","9207","0.960350","0.008387","-0.010739","2","0.005292"
"Sample 94","B0235/S0123","6","Periodic","","500","100","0.240","true","41","0.004100","0.969800","0.488875","0.970150","9200","0.960000","0.007873","-0.011000","4","0.030529"
"Sample 94","B0235/S0123","7","Periodic","","500","100","0.240","true","32","0.003200","0.974000","0.490275","0.974250","9310","0.965500","0.008043","-0.008742","4","0.039084"
"Sample 94","B0235/S0123","8","Periodic","","500","100","0.240","true","28","0.002800","0.976600","0.491100","0.976600","9200","0.960000","0.008345","-0.014500","2","0.076929"
"Sample 94","B0235/S0123","9","Periodic","","500","100","0.240","true","28","0.002800","0.975600","0.490675","0.975850","8556","0.927800","0.007508","-0.018070","4","0.020650"
"Sample 94","B0235/S0123","10","Periodic","","500","100","0.240","true","43","0.004300","0.966800","0.487575","0.967150","9506","0.975300","0.007743","-0.004725","4","0.008378"
"Sample 95","B568/S0135","1","Frozen","","500","100","0.240","true","1154","0.115400","0.000000","0.115400","0.000000","10000","1.000000","-0.000688","0.000000","1","0.000194"
"Sample 95","B568/S0135","2","Frozen","","500","100","0.240","true","1149","0.114900","0.000000","0.114900","0.000000","10000","1.000000","-0.000589","0.000000","1","0.000164"
"Sample 95","B568/S0135","3","Frozen","","500","100","0.240","true","1177","0.117700","0.000000","0.117700","0.000000","10000","1.000000","-0.000618","0.000000","1","0.000095"
"Sample 95","B568/S0135","4","Frozen","","500","100","0.240","true","1216","0.121600","0.000000","0.121600","0.000000","10000","1.000000","-0.000586","0.000000","1","0.000271"
"Sample 95","B568/S0135","5","Frozen","","500","100","0.240","true","1201","0.120100","0.000000","0.120100","0.000000","10000","1.000000","-0.000623","0.000000","1","0.000180"
"Sample 95","B568/S0135","6","Frozen","","500","100","0.240","true","1154","0.115400","0.000000","0.115400","0.000000","10000","1.000000","-0.000688","0.000000","1","0.000246"
"Sample 95","B568/S0135","7","Frozen","","500","100","0.240","true","1178","0.117800","0.000000","0.117800","0.000000","10000","1.000000","-0.000660","0.000000","1","0.000205"
"Sample 95","B568/S0135","8","Frozen","","500","100","0.240","true","1146","0.114600","0.000000","0.114600","0.000000","10000","1.000000","-0.000775","0.000000","1","0.000150"
"Sample 95","B568/S0135","9","Frozen","","500","100","0.240","true","1194","0.119400","0.000000","0.119400","0.000000","10000","1.000000","-0.000627","0.000000","1","0.000090"
"Sample 95","B568/S0135","10","Frozen","","500","100","0.240","true","1192","0.119200","0.000000","0.119200","0.000000","10000","1.000000","-0.000556","0.000000","1","0.000102"
"Sample 96","B01567/S17","1","Structured Dynamic","","500","100","0.240","true","3408","0.340800","0.557400","0.337129","0.547541","10000","1.000000","-0.000789","0.000000","0","0.000316"
"Sample 96","B01567/S17","2","Structured Dynamic","","500","100","0.240","true","3395","0.339500","0.547800","0.337558","0.547269","10000","1.000000","-0.000705","0.000000","0","0.001160"
"Sample 96","B01567/S17","3","Structured Dynamic","","500","100","0.240","true","3443","0.344300","0.560900","0.337930","0.547083","10000","1.000000","-0.000599","0.000000","0","0.000928"
"Sample 96","B01567/S17","4","Structured Dynamic","","500","100","0.240","true","3478","0.347800","0.542300","0.337810","0.547967","10000","1.000000","-0.000174","0.000000","0","0.000446"
"Sample 96","B01567/S17","5","Structured Dynamic","","500","100","0.240","true","3521","0.352100","0.563400","0.337679","0.547125","10000","1.000000","-0.000347","0.000000","0","0.000642"
"Sample 96","B01567/S17","6","Structured Dynamic","","500","100","0.240","true","3560","0.356000","0.556900","0.337333","0.548526","10000","1.000000","-0.000690","0.000000","0","0.000654"
"Sample 96","B01567/S17","7","Structured Dynamic","","500","100","0.240","true","3454","0.345400","0.557200","0.337047","0.547530","10000","1.000000","-0.000717","0.000000","0","0.000535"
"Sample 96","B01567/S17","8","Structured Dynamic","","500","100","0.240","true","3436","0.343600","0.547200","0.337333","0.547937","10000","1.000000","-0.000565","0.000000","0","0.000686"
"Sample 96","B01567/S17","9","Structured Dynamic","","500","100","0.240","true","3385","0.338500","0.551600","0.338700","0.547207","10000","1.000000","0.000656","0.000000","0","0.000512"
"Sample 96","B01567/S17","10","Structured Dynamic","","500","100","0.240","true","3327","0.332700","0.547500","0.336932","0.547880","10000","1.000000","-0.001050","0.000000","0","0.000527"
"Sample 97","B01357/S0148","1","Disordered","","500","100","0.240","true","4396","0.439600","0.580700","0.433072","0.584551","10000","1.000000","-0.001008","0.000000","0","0.000718"
"Sample 97","B01357/S0148","2","Disordered","","500","100","0.240","true","4416","0.441600","0.592100","0.433680","0.584058","10000","1.000000","-0.000754","0.000000","0","0.000442"
"Sample 97","B01357/S0148","3","Disordered","","500","100","0.240","true","4208","0.420800","0.583900","0.433473","0.584047","10000","1.000000","-0.001248","0.000000","0","0.000169"
"Sample 97","B01357/S0148","4","Disordered","","500","100","0.240","true","4350","0.435000","0.592300","0.432703","0.583235","10000","1.000000","-0.001779","0.000000","0","0.000668"
"Sample 97","B01357/S0148","5","Disordered","","500","100","0.240","true","4277","0.427700","0.586100","0.433400","0.584766","10000","1.000000","-0.000786","0.000000","0","0.000619"
"Sample 97","B01357/S0148","6","Disordered","","500","100","0.240","true","4379","0.437900","0.580400","0.433558","0.584634","10000","1.000000","-0.000862","0.000000","0","0.000536"
"Sample 97","B01357/S0148","7","Disordered","","500","100","0.240","true","4405","0.440500","0.582900","0.432642","0.583098","10000","1.000000","-0.001879","0.000000","0","0.000462"
"Sample 97","B01357/S0148","8","Disordered","","500","100","0.240","true","4263","0.426300","0.585000","0.433170","0.583777","10000","1.000000","-0.001026","0.000000","0","0.000811"
"Sample 97","B01357/S0148","9","Disordered","","500","100","0.240","true","4264","0.426400","0.590000","0.433513","0.584530","10000","1.000000","-0.000797","0.000000","0","0.000441"
"Sample 97","B01357/S0148","10","Disordered","","500","100","0.240","true","4320","0.432000","0.579200","0.433443","0.584502","10000","1.000000","-0.001079","0.000000","0","0.000325"
"Sample 98","B1258/S03678","1","Disordered","","500","100","0.240","true","4118","0.411800","0.533200","0.413906","0.520029","10000","1.000000","-0.001937","0.000000","0","0.000630"
"Sample 98","B1258/S03678","2","Disordered","","500","100","0.240","true","4137","0.413700","0.517400","0.413337","0.520276","10000","1.000000","-0.001843","0.000000","0","0.000617"
"Sample 98","B1258/S03678","3","Disordered","","500","100","0.240","true","4169","0.416900","0.522800","0.413410","0.520609","10000","1.000000","-0.001226","0.000000","0","0.000334"
"Sample 98","B1258/S03678","4","Disordered","","500","100","0.240","true","4077","0.407700","0.516900","0.412822","0.519887","10000","1.000000","-0.001974","0.000000","0","0.000589"
"Sample 98","B1258/S03678","5","Disordered","","500","100","0.240","true","4154","0.415400","0.518500","0.413408","0.519618","10000","1.000000","-0.002033","0.000000","0","0.000822"
"Sample 98","B1258/S03678","6","Disordered","","500","100","0.240","true","4259","0.425900","0.525700","0.413743","0.520853","10000","1.000000","-0.001704","0.000000","0","0.000894"
"Sample 98","B1258/S03678","7","Disordered","","500","100","0.240","true","4127","0.412700","0.527900","0.413451","0.520691","10000","1.000000","-0.001773","0.000000","0","0.000170"
"Sample 98","B1258/S03678","8","Disordered","","500","100","0.240","true","4216","0.421600","0.525600","0.413848","0.520764","10000","1.000000","-0.001432","0.000000","0","0.001028"
"Sample 98","B1258/S03678","9","Disordered","","500","100","0.240","true","4160","0.416000","0.516000","0.412977","0.521221","10000","1.000000","-0.002197","0.000000","0","0.000451"
"Sample 98","B1258/S03678","10","Disordered","","500","100","0.240","true","4118","0.411800","0.524000","0.413633","0.520488","10000","1.000000","-0.001237","0.000000","0","0.000572"
