noise,ruleLabel,rule,trial,primaryClass,tags,steps,gridSize,initialDensity,wrap,finalLive,finalDensity,finalActivity,avgLastDensity,avgLastActivity,finalBoundingBoxArea,avgLastArea,densityTrend,areaTrend,repeatPeriod,centerShift
0.000,"Conway Life","B3/S23",1,"Structured Dynamic","",500,500,0.240,true,13566,0.054264,0.032644,0.057639,0.035980,250000,1.000000,-0.073939,0.000000,0,0.014038
0.000,"HighLife","B36/S23",1,"Structured Dynamic","",500,500,0.240,true,10932,0.043728,0.028248,0.047876,0.031805,250000,1.000000,-0.110651,0.000000,0,0.021491
0.000,"Sample 01","B23678/S348",1,"Disordered","",500,500,0.240,true,122948,0.491792,0.503660,0.490235,0.504266,250000,1.000000,0.000381,0.000000,0,0.000071
0.000,"Sample 02","B0467/S02356",1,"Disordered","",500,500,0.240,true,132329,0.529316,0.377172,0.531099,0.377911,250000,1.000000,0.012008,0.000000,0,0.000192
0.000,"Sample 03","B01348/S018",1,"Disordered","",500,500,0.240,true,103037,0.412148,0.741620,0.411910,0.739564,250000,1.000000,-0.001786,0.000000,0,0.000051
0.000,"Sample 04","B234/S0135",1,"Disordered","",500,500,0.240,true,123669,0.494676,0.569712,0.494270,0.569135,250000,1.000000,-0.000251,0.000000,0,0.000080
0.000,"Sample 05","B045678/S678",1,"Structured Dynamic","",500,500,0.240,true,70794,0.283176,0.475552,0.283847,0.476329,250000,1.000000,-0.000794,0.000000,0,0.000096
0.000,"Sample 06","B3467/S0356",1,"Disordered","",500,500,0.240,true,153775,0.615100,0.494796,0.615511,0.494829,250000,1.000000,0.020298,0.000000,0,0.000640
0.000,"Sample 07","B0378/S12368",1,"Disordered","",500,500,0.240,true,106746,0.426984,0.296012,0.426457,0.295368,250000,1.000000,0.001128,0.000000,0,0.000089
0.000,"Sample 08","B36/S06",1,"Periodic","",500,500,0.240,true,9833,0.039332,0.002208,0.039332,0.002208,250000,1.000000,-0.003418,0.000000,4,0.000097
0.000,"Sample 09","B1234567/S56",1,"Disordered","",500,500,0.240,true,126529,0.506116,0.987248,0.514305,0.968805,250000,1.000000,-0.141872,0.000000,0,0.000950
0.000,"Sample 10","B13568/S13567",1,"Expanding","",500,500,0.240,true,181693,0.726772,0.330028,0.726758,0.333566,250000,1.000000,0.004433,0.000000,0,0.000084
0.000,"Sample 11","B01467/S0134",1,"Disordered","",500,500,0.240,true,117455,0.469820,0.453336,0.470696,0.453242,250000,1.000000,-0.000044,0.000000,0,0.000123
0.000,"Sample 12","B1578/S035678",1,"Periodic","",500,500,0.240,true,248632,0.994528,0.000088,0.994512,0.000088,250000,1.000000,0.581734,0.000000,2,0.002905
0.000,"Sample 13","B1235678/S013578",1,"Disordered","",500,500,0.240,true,156448,0.625792,0.598816,0.627179,0.598590,250000,1.000000,-0.003316,0.000000,0,0.000112
0.000,"Sample 14","B0346/S1235",1,"Disordered","",500,500,0.240,true,131380,0.525520,0.528848,0.525800,0.530291,250000,1.000000,0.000268,0.000000,0,0.000071
0.000,"Sample 15","B24567/S03467",1,"Expanding","",500,500,0.240,true,183835,0.735340,0.458060,0.733404,0.459324,250000,1.000000,0.005439,0.000000,0,0.000116
0.000,"Sample 16","B1245/S2358",1,"Disordered","",500,500,0.240,true,133887,0.535548,0.557720,0.535597,0.557735,250000,1.000000,-0.000333,0.000000,0,0.000084
0.000,"Sample 17","B0123678/S035",1,"Periodic","",500,500,0.240,true,6614,0.026456,0.994556,0.501062,0.995466,250000,1.000000,-0.000150,0.000000,24,0.005986
0.000,"Sample 18","B12457/S2367",1,"Disordered","",500,500,0.240,true,138163,0.552652,0.586696,0.552199,0.588155,250000,1.000000,-0.001162,0.000000,0,0.000189
0.000,"Sample 19","B03568/S4568",1,"Expanding","",500,500,0.240,true,172747,0.690988,0.386824,0.692490,0.387684,250000,1.000000,0.021783,0.000000,0,0.000050
0.000,"Sample 20","B378/S01678",1,"Periodic","",500,500,0.240,true,18655,0.074620,0.004588,0.074627,0.004579,250000,1.000000,-0.010730,0.000000,12,0.000391
0.000,"Sample 21","B0268/S346",1,"Disordered","",500,500,0.240,true,97117,0.388468,0.345584,0.388408,0.345121,250000,1.000000,-0.000104,0.000000,0,0.000152
0.000,"Sample 22","B02468/S0245678",1,"Frozen","",500,500,0.240,true,240642,0.962568,0.000000,0.962568,0.000000,250000,1.000000,0.011693,0.000000,1,0.000026
0.000,"Sample 23","B056/S1278",1,"Structured Dynamic","",500,500,0.240,true,67437,0.269748,0.033056,0.269438,0.032960,250000,1.000000,0.000082,0.000000,0,0.000058
0.000,"Sample 24","B13678/S03458",1,"Disordered","",500,500,0.240,true,139436,0.557744,0.365476,0.556215,0.365447,250000,1.000000,0.001236,0.000000,0,0.000141
0.000,"Sample 25","B234/S2345",1,"Disordered","",500,500,0.240,true,143817,0.575268,0.023624,0.574724,0.023841,250000,1.000000,0.005441,0.000000,0,0.000084
0.000,"Sample 26","B24/S3456",1,"Periodic","",500,500,0.240,true,165808,0.663232,0.001380,0.663227,0.001426,250000,1.000000,0.006928,0.000000,60,0.000057
0.000,"Sample 27","B01457/S0236",1,"Disordered","",500,500,0.240,true,123769,0.495076,0.540504,0.494219,0.543295,250000,1.000000,0.000055,0.000000,0,0.000221
0.000,"Sample 28","B134568/S12568",1,"Expanding","",500,500,0.240,true,168401,0.673604,0.524772,0.673694,0.524903,250000,1.000000,0.001001,0.000000,0,0.000006
0.000,"Sample 29","B0568/S134",1,"Structured Dynamic","",500,500,0.240,true,70369,0.281476,0.047440,0.281659,0.049367,250000,1.000000,0.000684,0.000000,0,0.000636
0.000,"Sample 30","B6/S013678",1,"Frozen","",500,500,0.240,true,31237,0.124948,0.000000,0.124948,0.000000,250000,1.000000,-0.000240,0.000000,1,0.000034
0.000,"Sample 31","B0167/S012",1,"Disordered","",500,500,0.240,true,83046,0.332184,0.475252,0.358669,0.473156,250000,1.000000,-0.002095,0.000000,0,0.000189
0.000,"Sample 32","B123567/S012357",1,"Disordered","",500,500,0.240,true,155089,0.620356,0.579872,0.620313,0.579887,250000,1.000000,-0.000759,0.000000,0,0.000076
0.000,"Sample 33","B03/S3456",1,"Periodic","",500,500,0.240,true,158395,0.633580,0.003688,0.633595,0.003651,250000,1.000000,0.010832,0.000000,12,0.000092
0.000,"Sample 34","B1367/S026",1,"Disordered","",500,500,0.240,true,93933,0.375732,0.542756,0.376921,0.544016,250000,1.000000,-0.000541,0.000000,0,0.000045
0.000,"Sample 35","B1478/S1247",1,"Disordered","",500,500,0.240,true,103340,0.413360,0.389908,0.413518,0.389139,250000,1.000000,0.000008,0.000000,0,0.000048
0.000,"Sample 36","B123457/S01468",1,"Disordered","",500,500,0.240,true,149393,0.597572,0.637396,0.597712,0.637994,250000,1.000000,-0.001478,0.000000,0,0.000048
0.000,"Sample 37","B25/S012678",1,"Disordered","",500,500,0.240,true,91339,0.365356,0.428284,0.363998,0.427926,250000,1.000000,-0.000241,0.000000,0,0.000103
0.000,"Sample 38","B267/S026",1,"Structured Dynamic","",500,500,0.240,true,75827,0.303308,0.405344,0.304358,0.406465,250000,1.000000,-0.000350,0.000000,0,0.000218
0.000,"Sample 39","B01236/S1347",1,"Disordered","",500,500,0.240,true,130068,0.520272,0.501580,0.516679,0.503318,250000,1.000000,-0.002610,0.000000,0,0.000095
0.000,"Sample 40","B034568/S012368",1,"Disordered","",500,500,0.240,true,149876,0.599504,0.690820,0.599755,0.689759,250000,1.000000,0.000614,0.000000,0,0.000084
0.000,"Sample 41","B1378/S0357",1,"Disordered","",500,500,0.240,true,99461,0.397844,0.459400,0.397016,0.457438,250000,1.000000,-0.000321,0.000000,0,0.000076
0.000,"Sample 42","B047/S37",1,"Structured Dynamic","",500,500,0.240,true,66460,0.265840,0.415084,0.263750,0.413494,250000,1.000000,0.000097,0.000000,0,0.000121
0.000,"Sample 43","B01257/S02368",1,"Disordered","",500,500,0.240,true,114023,0.456092,0.455616,0.457391,0.455033,250000,1.000000,-0.002609,0.000000,0,0.000077
0.000,"Sample 44","B04567/S1238",1,"Disordered","",500,500,0.240,true,103701,0.414804,0.437472,0.416130,0.444553,250000,1.000000,0.000436,0.000000,0,0.000106
0.000,"Sample 45","B0134/S124678",1,"Disordered","",500,500,0.240,true,136469,0.545876,0.440844,0.544899,0.440971,250000,1.000000,-0.001673,0.000000,0,0.000089
0.000,"Sample 46","B03468/S3578",1,"Disordered","",500,500,0.240,true,135022,0.540088,0.552692,0.540484,0.552597,250000,1.000000,0.002985,0.000000,0,0.000206
0.000,"Sample 47","B015678/S0123567",1,"Expanding","",500,500,0.240,true,165648,0.662592,0.345808,0.663167,0.346770,250000,1.000000,0.003300,0.000000,0,0.000223
0.000,"Sample 48","B034678/S0137",1,"Disordered","",500,500,0.240,true,117361,0.469444,0.649764,0.468809,0.651507,250000,1.000000,0.000220,0.000000,0,0.000161
0.000,"Sample 49","B2/S014678",1,"Structured Dynamic","",500,500,0.240,true,79899,0.319596,0.375648,0.317626,0.373596,250000,1.000000,-0.000026,0.000000,0,0.000268
0.000,"Sample 50","B023678/S123578",1,"Disordered","",500,500,0.240,true,135440,0.541760,0.437616,0.541329,0.437652,250000,1.000000,-0.001712,0.000000,0,0.000096
0.000,"Sample 51","B12/S023478",1,"Disordered","",500,500,0.240,true,119437,0.477748,0.026084,0.477740,0.025898,250000,1.000000,0.003251,0.000000,0,0.000018
0.000,"Sample 52","B12578/S023567",1,"Disordered","",500,500,0.240,true,160760,0.643040,0.313492,0.641952,0.313762,250000,1.000000,0.000375,0.000000,0,0.000139
0.000,"Sample 53","B0147/S03578",1,"Disordered","",500,500,0.240,true,97900,0.391600,0.442884,0.391241,0.443911,250000,1.000000,-0.000839,0.000000,0,0.000072
0.000,"Sample 54","B12467/S024567",1,"Expanding","",500,500,0.240,true,190480,0.761920,0.171596,0.762125,0.173450,250000,1.000000,0.010821,0.000000,0,0.000221
0.000,"Sample 55","B123457/S23467",1,"Expanding","",500,500,0.240,true,171058,0.684232,0.437636,0.685811,0.439454,250000,1.000000,-0.000819,0.000000,0,0.000048
0.000,"Sample 56","B13568/S1468",1,"Disordered","",500,500,0.240,true,124994,0.499976,0.583268,0.499799,0.584509,250000,1.000000,0.000166,0.000000,0,0.000294
0.000,"Sample 57","B01368/S13568",1,"Disordered","",500,500,0.240,true,119757,0.479028,0.404600,0.478564,0.403480,250000,1.000000,-0.001176,0.000000,0,0.000072
0.000,"Sample 58","B148/S0368",1,"Structured Dynamic","",500,500,0.240,true,82352,0.329408,0.445256,0.328986,0.444082,250000,1.000000,-0.000202,0.000000,0,0.000294
0.000,"Sample 59","B01236/S012578",1,"Disordered","",500,500,0.240,true,131228,0.524912,0.528204,0.523266,0.527731,250000,1.000000,-0.009958,0.000000,0,0.000077
0.000,"Sample 60","B348/S023468",1,"Disordered","",500,500,0.240,true,137176,0.548704,0.341528,0.550770,0.340687,250000,1.000000,0.003475,0.000000,0,0.000084
0.000,"Sample 61","B1457/S01567",1,"Disordered","",500,500,0.240,true,107462,0.429848,0.530072,0.430281,0.531852,250000,1.000000,0.008039,0.000000,0,0.001056
0.000,"Sample 62","B237/S0134567",1,"Disordered","",500,500,0.240,true,175645,0.702580,0.016560,0.702717,0.016455,250000,1.000000,0.001414,0.000000,0,0.000011
0.000,"Sample 63","B014568/S2467",1,"Expanding","",500,500,0.240,true,164084,0.656336,0.511676,0.655730,0.511610,250000,1.000000,0.004020,0.000000,0,0.000021
0.000,"Sample 64","B0123578/S0145",1,"Periodic","",500,500,0.240,true,2907,0.011628,0.995688,0.500971,0.996683,250000,1.000000,-0.002630,0.000000,120,0.005100
0.000,"Sample 65","B1268/S34",1,"Disordered","",500,500,0.240,true,103156,0.412624,0.425236,0.411795,0.425286,250000,1.000000,-0.000751,0.000000,0,0.000025
0.000,"Sample 66","B3458/S0347",1,"Disordered","",500,500,0.240,true,134929,0.539716,0.582640,0.538239,0.582448,250000,1.000000,0.008248,0.000000,0,0.000057
0.000,"Sample 67","B56/S7",1,"Extinct","",500,500,0.240,true,0,0.000000,0.000000,0.000000,0.000000,0,0.000000,-0.000171,-0.016368,1,0.000000
0.000,"Sample 68","B3478/S067",1,"Periodic","",500,500,0.240,true,8650,0.034600,0.011992,0.034558,0.012066,250000,1.000000,-0.014020,0.000000,4,0.001418
0.000,"Sample 69","B023467/S05",1,"Disordered","",500,500,0.240,true,123373,0.493492,0.757804,0.493088,0.758538,250000,1.000000,-0.000480,0.000000,0,0.000063
0.000,"Sample 70","B1457/S2457",1,"Disordered","",500,500,0.240,true,153793,0.615172,0.456872,0.615119,0.457257,250000,1.000000,0.004488,0.000000,0,0.000097
0.000,"Sample 71","B12357/S456",1,"Disordered","",500,500,0.240,true,160619,0.642476,0.400328,0.640422,0.401072,250000,1.000000,-0.000497,0.000000,0,0.000036
0.000,"Sample 72","B028/S1234578",1,"Frozen","",500,500,0.240,true,126008,0.504032,0.000004,0.504034,0.000004,250000,1.000000,-0.000324,0.000000,2,0.000003
0.000,"Sample 73","B3678/S2348",1,"Disordered","",500,500,0.240,true,120753,0.483012,0.365360,0.483161,0.366438,250000,1.000000,0.009410,0.000000,0,0.000176
0.000,"Sample 74","B047/S02378",1,"Structured Dynamic","",500,500,0.240,true,74425,0.297700,0.254968,0.297128,0.253897,250000,1.000000,-0.000251,0.000000,0,0.000564
0.000,"Sample 75","B2457/S1235678",1,"Periodic","",500,500,0.240,true,236536,0.946144,0.000096,0.946144,0.000096,250000,1.000000,0.010835,0.000000,2,0.000017
0.000,"Sample 76","B01346/S013568",1,"Disordered","",500,500,0.240,true,152678,0.610712,0.434392,0.611681,0.436735,250000,1.000000,-0.000228,0.000000,0,0.000076
0.000,"Sample 77","B0347/S2567",1,"Disordered","",500,500,0.240,true,134475,0.537900,0.459052,0.538031,0.457988,250000,1.000000,0.004058,0.000000,0,0.000259
0.000,"Sample 78","B134/S123578",1,"Disordered","",500,500,0.240,true,135937,0.543748,0.431992,0.544426,0.430988,250000,1.000000,-0.000501,0.000000,0,0.000051
0.000,"Sample 79","B0234678/S12567",1,"Expanding","",500,500,0.240,true,177582,0.710328,0.438240,0.712397,0.437003,250000,1.000000,0.000417,0.000000,0,0.000012
0.000,"Sample 80","B2568/S0156",1,"Structured Dynamic","",500,500,0.240,true,85170,0.340680,0.471164,0.340279,0.472665,250000,1.000000,0.000232,0.000000,0,0.000155
0.000,"Sample 81","B17/S2348",1,"Disordered","",500,500,0.240,true,106536,0.426144,0.021508,0.425934,0.021369,250000,1.000000,0.004247,0.000000,0,0.000047
0.000,"Sample 82","B012/S02457",1,"Disordered","",500,500,0.240,true,106486,0.425944,0.358164,0.426607,0.359256,250000,1.000000,-0.002103,0.000000,0,0.000038
0.000,"Sample 83","B0123468/S145",1,"Periodic","",500,500,0.240,true,8121,0.032484,0.994288,0.500740,0.995486,250000,1.000000,-0.000884,0.000000,8,0.001331
0.000,"Sample 84","B012357/S023467",1,"Disordered","",500,500,0.240,true,158161,0.632644,0.391256,0.632708,0.390650,250000,1.000000,-0.002025,0.000000,0,0.000098
0.000,"Sample 85","B01248/S0358",1,"Disordered","",500,500,0.240,true,114994,0.459976,0.532560,0.461577,0.533889,250000,1.000000,-0.001904,0.000000,0,0.000067
0.000,"Sample 86","B568/S016",1,"Frozen","",500,500,0.240,true,26079,0.104316,0.000000,0.104316,0.000000,250000,1.000000,-0.000075,0.000000,1,0.000017
0.000,"Sample 87","B012456/S0137",1,"Disordered","",500,500,0.240,true,126668,0.506672,0.723944,0.505454,0.725129,250000,1.000000,-0.001878,0.000000,0,0.000029
0.000,"Sample 88","B016/S128",1,"Disordered","",500,500,0.240,true,87946,0.351784,0.446224,0.353944,0.445991,250000,1.000000,-0.000713,0.000000,0,0.000155
0.000,"Sample 89","B012348/S2346",1,"Periodic","",500,500,0.240,true,8081,0.032324,0.991244,0.501609,0.993032,250000,1.000000,-0.008554,0.000000,16,0.004802
0.000,"Sample 90","B345678/S012368",1,"Disordered","",500,500,0.240,true,157382,0.629528,0.727608,0.627709,0.728120,250000,1.000000,0.004176,0.000000,0,0.000038
0.000,"Sample 91","B013578/S147",1,"Disordered","",500,500,0.240,true,108714,0.434856,0.580788,0.434069,0.579844,250000,1.000000,-0.001040,0.000000,0,0.000096
0.000,"Sample 92","B127/S14568",1,"Disordered","",500,500,0.240,true,113887,0.455548,0.320304,0.455532,0.321683,250000,1.000000,-0.001545,0.000000,0,0.000076
0.000,"Sample 93","B13568/S015678",1,"Periodic","",500,500,0.240,true,246530,0.986120,0.000016,0.986120,0.000016,250000,1.000000,0.047093,0.000000,2,0.000463
0.000,"Sample 94","B0235/S0123",1,"Periodic","",500,500,0.240,true,757,0.003028,0.974884,0.490430,0.974896,249500,0.999000,0.008461,-0.000480,4,0.012935
0.000,"Sample 95","B568/S0135",1,"Frozen","",500,500,0.240,true,29688,0.118752,0.000000,0.118752,0.000000,250000,1.000000,-0.000607,0.000000,1,0.000053
0.000,"Sample 96","B01567/S17",1,"Structured Dynamic","",500,500,0.240,true,84210,0.336840,0.548808,0.337448,0.547244,250000,1.000000,-0.000654,0.000000,0,0.000196
0.000,"Sample 97","B01357/S0148",1,"Disordered","",500,500,0.240,true,108178,0.432712,0.582496,0.433210,0.583920,250000,1.000000,-0.001158,0.000000,0,0.000092
0.000,"Sample 98","B1258/S03678",1,"Disordered","",500,500,0.240,true,103278,0.413112,0.521120,0.413734,0.520717,250000,1.000000,-0.001645,0.000000,0,0.000097
0.001,"Conway Life","B3/S23",1,"Structured Dynamic","",500,500,0.240,true,18841,0.075364,0.061140,0.076013,0.061500,250000,1.000000,-0.060257,0.000000,0,0.002355
0.001,"HighLife","B36/S23",1,"Structured Dynamic","",500,500,0.240,true,14846,0.059384,0.052560,0.062191,0.054471,250000,1.000000,-0.104462,0.000000,0,0.002588
0.001,"Sample 01","B23678/S348",1,"Disordered","",500,500,0.240,true,122758,0.491032,0.502072,0.490368,0.504493,250000,1.000000,0.000437,0.000000,0,0.000051
0.001,"Sample 02","B0467/S02356",1,"Disordered","",500,500,0.240,true,132676,0.530704,0.378876,0.531741,0.378565,250000,1.000000,0.013277,0.000000,0,0.000131
0.001,"Sample 03","B01348/S018",1,"Disordered","",500,500,0.240,true,102183,0.408732,0.738332,0.411743,0.738967,250000,1.000000,-0.001959,0.000000,0,0.000057
0.001,"Sample 04","B234/S0135",1,"Disordered","",500,500,0.240,true,124210,0.496840,0.569284,0.494463,0.569041,250000,1.000000,-0.000096,0.000000,0,0.000116
0.001,"Sample 05","B045678/S678",1,"Structured Dynamic","",500,500,0.240,true,70571,0.282284,0.473840,0.283045,0.475453,250000,1.000000,-0.000670,0.000000,0,0.000818
0.001,"Sample 06","B3467/S0356",1,"Disordered","",500,500,0.240,true,153557,0.614228,0.495312,0.615565,0.494691,250000,1.000000,0.019979,0.000000,0,0.000620
0.001,"Sample 07","B0378/S12368",1,"Disordered","",500,500,0.240,true,106159,0.424636,0.299848,0.425962,0.298958,250000,1.000000,0.001081,0.000000,0,0.000152
0.001,"Sample 08","B36/S06",1,"Bounded Dynamic","",500,500,0.240,true,12709,0.050836,0.002976,0.050687,0.003183,250000,1.000000,0.001057,0.000000,0,0.002121
0.001,"Sample 09","B1234567/S56",1,"Disordered","",500,500,0.240,true,127408,0.509632,0.979096,0.519235,0.957048,250000,1.000000,-0.136809,0.000000,0,0.001885
0.001,"Sample 10","B13568/S13567",1,"Expanding","",500,500,0.240,true,181453,0.725812,0.333444,0.726759,0.333622,250000,1.000000,0.004543,0.000000,0,0.000070
0.001,"Sample 11","B01467/S0134",1,"Disordered","",500,500,0.240,true,117658,0.470632,0.451708,0.470673,0.453434,250000,1.000000,-0.000293,0.000000,0,0.000016
0.001,"Sample 12","B1578/S035678",1,"Expanding","",500,500,0.240,true,249729,0.998916,0.001924,0.998797,0.002013,250000,1.000000,0.591815,0.000000,0,0.004763
0.001,"Sample 13","B1235678/S013578",1,"Disordered","",500,500,0.240,true,156919,0.627676,0.597420,0.626823,0.598423,250000,1.000000,-0.003362,0.000000,0,0.000110
0.001,"Sample 14","B0346/S1235",1,"Disordered","",500,500,0.240,true,131346,0.525384,0.531368,0.525882,0.530261,250000,1.000000,0.000381,0.000000,0,0.000068
0.001,"Sample 15","B24567/S03467",1,"Expanding","",500,500,0.240,true,183101,0.732404,0.460548,0.732964,0.460059,250000,1.000000,0.005157,0.000000,0,0.000025
0.001,"Sample 16","B1245/S2358",1,"Disordered","",500,500,0.240,true,133788,0.535152,0.560172,0.535566,0.557596,250000,1.000000,-0.000350,0.000000,0,0.000049
0.001,"Sample 17","B0123678/S035",1,"Disordered","",500,500,0.240,true,964,0.003856,0.998592,0.500549,0.997750,247005,0.998481,-0.000936,-0.001519,0,0.006566
0.001,"Sample 18","B12457/S2367",1,"Disordered","",500,500,0.240,true,138248,0.552992,0.587804,0.552301,0.588041,250000,1.000000,-0.000809,0.000000,0,0.000026
0.001,"Sample 19","B03568/S4568",1,"Expanding","",500,500,0.240,true,173037,0.692148,0.388616,0.692385,0.387611,250000,1.000000,0.022144,0.000000,0,0.000267
0.001,"Sample 20","B378/S01678",1,"Structured Dynamic","",500,500,0.240,true,21312,0.085248,0.017552,0.085492,0.017662,250000,1.000000,-0.008000,0.000000,0,0.002460
0.001,"Sample 21","B0268/S346",1,"Disordered","",500,500,0.240,true,97264,0.389056,0.345064,0.388521,0.345362,250000,1.000000,-0.000179,0.000000,0,0.000201
0.001,"Sample 22","B02468/S0245678",1,"Bounded Dynamic","",500,500,0.240,true,249542,0.998168,0.002124,0.998126,0.002002,250000,1.000000,0.033369,0.000000,0,0.000050
0.001,"Sample 23","B056/S1278",1,"Structured Dynamic","",500,500,0.240,true,68742,0.274968,0.036764,0.275254,0.038207,250000,1.000000,0.003339,0.000000,0,0.000430
0.001,"Sample 24","B13678/S03458",1,"Disordered","",500,500,0.240,true,138601,0.554404,0.365840,0.556112,0.365635,250000,1.000000,0.001035,0.000000,0,0.000101
0.001,"Sample 25","B234/S2345",1,"Disordered","",500,500,0.240,true,141217,0.564868,0.019572,0.565352,0.020129,250000,1.000000,-0.002187,0.000000,0,0.000175
0.001,"Sample 26","B24/S3456",1,"Bounded Dynamic","",500,500,0.240,true,163718,0.654872,0.005112,0.654958,0.004853,250000,1.000000,0.003246,0.000000,0,0.000253
0.001,"Sample 27","B01457/S0236",1,"Disordered","",500,500,0.240,true,123862,0.495448,0.546036,0.494057,0.542951,250000,1.000000,-0.000374,0.000000,0,0.000097
0.001,"Sample 28","B134568/S12568",1,"Expanding","",500,500,0.240,true,168628,0.674512,0.525660,0.673382,0.525277,250000,1.000000,0.000969,0.000000,0,0.000099
0.001,"Sample 29","B0568/S134",1,"Structured Dynamic","",500,500,0.240,true,70562,0.282248,0.145616,0.281727,0.145044,250000,1.000000,0.000612,0.000000,0,0.000286
0.001,"Sample 30","B6/S013678",1,"Bounded Dynamic","",500,500,0.240,true,38423,0.153692,0.001656,0.153039,0.001685,250000,1.000000,0.018941,0.000000,0,0.000608
0.001,"Sample 31","B0167/S012",1,"Disordered","",500,500,0.240,true,94620,0.378480,0.627824,0.384062,0.614389,250000,1.000000,0.020476,0.000000,0,0.001307
0.001,"Sample 32","B123567/S012357",1,"Disordered","",500,500,0.240,true,155441,0.621764,0.579276,0.620019,0.579603,250000,1.000000,-0.000990,0.000000,0,0.000095
0.001,"Sample 33","B03/S3456",1,"Bounded Dynamic","",500,500,0.240,true,154888,0.619552,0.007124,0.619551,0.007245,250000,1.000000,0.003919,0.000000,0,0.000149
0.001,"Sample 34","B1367/S026",1,"Disordered","",500,500,0.240,true,94409,0.377636,0.542936,0.377111,0.544104,250000,1.000000,-0.000648,0.000000,0,0.000066
0.001,"Sample 35","B1478/S1247",1,"Disordered","",500,500,0.240,true,103841,0.415364,0.388868,0.413608,0.389471,250000,1.000000,0.000000,0.000000,0,0.000082
0.001,"Sample 36","B123457/S01468",1,"Disordered","",500,500,0.240,true,149232,0.596928,0.638196,0.597405,0.638193,250000,1.000000,-0.001729,0.000000,0,0.000043
0.001,"Sample 37","B25/S012678",1,"Disordered","",500,500,0.240,true,91352,0.365408,0.427372,0.364394,0.428381,250000,1.000000,-0.000168,0.000000,0,0.000250
0.001,"Sample 38","B267/S026",1,"Structured Dynamic","",500,500,0.240,true,75820,0.303280,0.406632,0.304632,0.406889,250000,1.000000,-0.000480,0.000000,0,0.000373
0.001,"Sample 39","B01236/S1347",1,"Disordered","",500,500,0.240,true,129780,0.519120,0.504804,0.516568,0.503200,250000,1.000000,-0.002643,0.000000,0,0.000028
0.001,"Sample 40","B034568/S012368",1,"Disordered","",500,500,0.240,true,149660,0.598640,0.689076,0.599523,0.689445,250000,1.000000,0.000616,0.000000,0,0.000028
0.001,"Sample 41","B1378/S0357",1,"Disordered","",500,500,0.240,true,99420,0.397680,0.455540,0.397090,0.457321,250000,1.000000,-0.000566,0.000000,0,0.000123
0.001,"Sample 42","B047/S37",1,"Structured Dynamic","",500,500,0.240,true,66517,0.266068,0.414528,0.263669,0.412903,250000,1.000000,0.000170,0.000000,0,0.000219
0.001,"Sample 43","B01257/S02368",1,"Disordered","",500,500,0.240,true,114091,0.456364,0.455008,0.457338,0.455332,250000,1.000000,-0.002647,0.000000,0,0.000074
0.001,"Sample 44","B04567/S1238",1,"Disordered","",500,500,0.240,true,104002,0.416008,0.445516,0.416872,0.446062,250000,1.000000,0.000660,0.000000,0,0.000269
0.001,"Sample 45","B0134/S124678",1,"Disordered","",500,500,0.240,true,136274,0.545096,0.439452,0.544685,0.441296,250000,1.000000,-0.001643,0.000000,0,0.000108
0.001,"Sample 46","B03468/S3578",1,"Disordered","",500,500,0.240,true,135122,0.540488,0.553020,0.540390,0.552631,250000,1.000000,0.003014,0.000000,0,0.000036
0.001,"Sample 47","B015678/S0123567",1,"Expanding","",500,500,0.240,true,165907,0.663628,0.347424,0.663471,0.347084,250000,1.000000,0.003401,0.000000,0,0.000246
0.001,"Sample 48","B034678/S0137",1,"Disordered","",500,500,0.240,true,116921,0.467684,0.649188,0.468808,0.651005,250000,1.000000,0.000249,0.000000,0,0.000090
0.001,"Sample 49","B2/S014678",1,"Structured Dynamic","",500,500,0.240,true,79362,0.317448,0.373848,0.317835,0.373772,250000,1.000000,-0.000009,0.000000,0,0.000050
0.001,"Sample 50","B023678/S123578",1,"Disordered","",500,500,0.240,true,135002,0.540008,0.437532,0.541135,0.437701,250000,1.000000,-0.001795,0.000000,0,0.000050
0.001,"Sample 51","B12/S023478",1,"Disordered","",500,500,0.240,true,118500,0.474000,0.052512,0.473743,0.051397,250000,1.000000,0.000420,0.000000,0,0.000300
0.001,"Sample 52","B12578/S023567",1,"Disordered","",500,500,0.240,true,159842,0.639368,0.315152,0.641731,0.313917,250000,1.000000,0.000439,0.000000,0,0.000370
0.001,"Sample 53","B0147/S03578",1,"Disordered","",500,500,0.240,true,98015,0.392060,0.443992,0.391361,0.444157,250000,1.000000,-0.000882,0.000000,0,0.000249
0.001,"Sample 54","B12467/S024567",1,"Expanding","",500,500,0.240,true,187924,0.751696,0.214212,0.752127,0.215555,250000,1.000000,0.004216,0.000000,0,0.000108
0.001,"Sample 55","B123457/S23467",1,"Expanding","",500,500,0.240,true,171028,0.684112,0.438132,0.685737,0.439383,250000,1.000000,-0.000527,0.000000,0,0.000018
0.001,"Sample 56","B13568/S1468",1,"Disordered","",500,500,0.240,true,125157,0.500628,0.582408,0.499874,0.584362,250000,1.000000,0.000518,0.000000,0,0.000136
0.001,"Sample 57","B01368/S13568",1,"Disordered","",500,500,0.240,true,119585,0.478340,0.403812,0.478076,0.403885,250000,1.000000,-0.001673,0.000000,0,0.000174
0.001,"Sample 58","B148/S0368",1,"Structured Dynamic","",500,500,0.240,true,82097,0.328388,0.443592,0.329259,0.444127,250000,1.000000,-0.000306,0.000000,0,0.000167
0.001,"Sample 59","B01236/S012578",1,"Disordered","",500,500,0.240,true,131153,0.524612,0.526368,0.523155,0.527715,250000,1.000000,-0.009684,0.000000,0,0.000151
0.001,"Sample 60","B348/S023468",1,"Disordered","",500,500,0.240,true,137437,0.549748,0.343544,0.551356,0.343033,250000,1.000000,0.003981,0.000000,0,0.000168
0.001,"Sample 61","B1457/S01567",1,"Disordered","",500,500,0.240,true,107010,0.428040,0.531928,0.428410,0.532308,250000,1.000000,0.005338,0.000000,0,0.002111
0.001,"Sample 62","B237/S0134567",1,"Disordered","",500,500,0.240,true,173445,0.693780,0.016804,0.694637,0.017087,250000,1.000000,-0.005391,0.000000,0,0.000253
0.001,"Sample 63","B014568/S2467",1,"Expanding","",500,500,0.240,true,163684,0.654736,0.512744,0.655323,0.511650,250000,1.000000,0.003970,0.000000,0,0.000163
0.001,"Sample 64","B0123578/S0145",1,"Disordered","",500,500,0.240,true,484,0.001936,0.999040,0.500498,0.998011,250000,0.998062,-0.003567,-0.001938,0,0.011365
0.001,"Sample 65","B1268/S34",1,"Disordered","",500,500,0.240,true,103586,0.414344,0.427560,0.412048,0.424974,250000,1.000000,-0.000791,0.000000,0,0.000057
0.001,"Sample 66","B3458/S0347",1,"Disordered","",500,500,0.240,true,134267,0.537068,0.580436,0.538122,0.582298,250000,1.000000,0.008049,0.000000,0,0.000138
0.001,"Sample 67","B56/S7",1,"Bounded Dynamic","",500,500,0.240,true,231,0.000924,0.001824,0.000991,0.001981,245016,0.986862,-0.000177,-0.001432,0,0.001362
0.001,"Sample 68","B3478/S067",1,"Bounded Dynamic","",500,500,0.240,true,12550,0.050200,0.004092,0.050253,0.004449,250000,1.000000,-0.007307,0.000000,0,0.003478
0.001,"Sample 69","B023467/S05",1,"Disordered","",500,500,0.240,true,123609,0.494436,0.758680,0.493084,0.757958,250000,1.000000,-0.000342,0.000000,0,0.000098
0.001,"Sample 70","B1457/S2457",1,"Disordered","",500,500,0.240,true,153428,0.613712,0.457848,0.615059,0.457390,250000,1.000000,0.004658,0.000000,0,0.000096
0.001,"Sample 71","B12357/S456",1,"Disordered","",500,500,0.240,true,160283,0.641132,0.400740,0.640363,0.400754,250000,1.000000,-0.000218,0.000000,0,0.000077
0.001,"Sample 72","B028/S1234578",1,"Bounded Dynamic","",500,500,0.240,true,125170,0.500680,0.001600,0.500491,0.001673,250000,1.000000,-0.002123,0.000000,0,0.000228
0.001,"Sample 73","B3678/S2348",1,"Disordered","",500,500,0.240,true,120550,0.482200,0.364848,0.483370,0.366657,250000,1.000000,0.009257,0.000000,0,0.000050
0.001,"Sample 74","B047/S02378",1,"Structured Dynamic","",500,500,0.240,true,74591,0.298364,0.256516,0.298308,0.256168,250000,1.000000,-0.000221,0.000000,0,0.000348
0.001,"Sample 75","B2457/S1235678",1,"Bounded Dynamic","",500,500,0.240,true,234392,0.937568,0.001968,0.937752,0.001902,250000,1.000000,0.007026,0.000000,0,0.000095
0.001,"Sample 76","B01346/S013568",1,"Disordered","",500,500,0.240,true,152930,0.611720,0.436256,0.611290,0.437323,250000,1.000000,-0.000320,0.000000,0,0.000155
0.001,"Sample 77","B0347/S2567",1,"Disordered","",500,500,0.240,true,134693,0.538772,0.457612,0.538239,0.457668,250000,1.000000,0.004253,0.000000,0,0.000514
0.001,"Sample 78","B134/S123578",1,"Disordered","",500,500,0.240,true,136585,0.546340,0.432324,0.544255,0.431300,250000,1.000000,-0.000500,0.000000,0,0.000048
0.001,"Sample 79","B0234678/S12567",1,"Expanding","",500,500,0.240,true,178278,0.713112,0.436448,0.712252,0.436641,250000,1.000000,0.000340,0.000000,0,0.000119
0.001,"Sample 80","B2568/S0156",1,"Structured Dynamic","",500,500,0.240,true,85158,0.340632,0.472612,0.340389,0.472642,250000,1.000000,-0.000219,0.000000,0,0.000192
0.001,"Sample 81","B17/S2348",1,"Disordered","",500,500,0.240,true,107111,0.428444,0.025032,0.429101,0.024488,250000,1.000000,0.007536,0.000000,0,0.000443
0.001,"Sample 82","B012/S02457",1,"Disordered","",500,500,0.240,true,106343,0.425372,0.357056,0.426763,0.359095,250000,1.000000,-0.002091,0.000000,0,0.000074
0.001,"Sample 83","B0123468/S145",1,"Disordered","",500,500,0.240,true,13121,0.052484,0.996852,0.500313,0.996925,250000,1.000000,-0.001182,0.000000,0,0.002136
0.001,"Sample 84","B012357/S023467",1,"Disordered","",500,500,0.240,true,158472,0.633888,0.389360,0.632551,0.390811,250000,1.000000,-0.001901,0.000000,0,0.000104
0.001,"Sample 85","B01248/S0358",1,"Disordered","",500,500,0.240,true,115663,0.462652,0.535208,0.461591,0.533677,250000,1.000000,-0.001985,0.000000,0,0.000018
0.001,"Sample 86","B568/S016",1,"Bounded Dynamic","",500,500,0.240,true,37406,0.149624,0.001900,0.149224,0.001735,250000,1.000000,0.029741,0.000000,0,0.000327
0.001,"Sample 87","B012456/S0137",1,"Disordered","",500,500,0.240,true,126324,0.505296,0.725024,0.505453,0.724879,250000,1.000000,-0.001823,0.000000,0,0.000032
0.001,"Sample 88","B016/S128",1,"Disordered","",500,500,0.240,true,88049,0.352196,0.444396,0.353931,0.445393,250000,1.000000,-0.000719,0.000000,0,0.000140
0.001,"Sample 89","B012348/S2346",1,"Disordered","",500,500,0.240,true,17649,0.070596,0.939568,0.509702,0.953097,250000,1.000000,-0.004077,0.000000,0,0.000745
0.001,"Sample 90","B345678/S012368",1,"Disordered","",500,500,0.240,true,156535,0.626140,0.727436,0.627463,0.727598,250000,1.000000,0.004123,0.000000,0,0.000024
0.001,"Sample 91","B013578/S147",1,"Disordered","",500,500,0.240,true,108755,0.435020,0.579484,0.434185,0.579789,250000,1.000000,-0.000928,0.000000,0,0.000012
0.001,"Sample 92","B127/S14568",1,"Disordered","",500,500,0.240,true,113230,0.452920,0.321024,0.455293,0.322654,250000,1.000000,-0.001281,0.000000,0,0.000175
0.001,"Sample 93","B13568/S015678",1,"Bounded Dynamic","",500,500,0.240,true,249575,0.998300,0.001936,0.998249,0.002005,250000,1.000000,0.055871,0.000000,0,0.000446
0.001,"Sample 94","B0235/S0123",1,"Disordered","",500,500,0.240,true,4190,0.016760,0.912436,0.467777,0.909882,250000,1.000000,0.002440,0.000060,0,0.008624
0.001,"Sample 95","B568/S0135",1,"Bounded Dynamic","",500,500,0.240,true,37840,0.151360,0.001768,0.150467,0.001722,250000,1.000000,0.021149,0.000000,0,0.001951
0.001,"Sample 96","B01567/S17",1,"Structured Dynamic","",500,500,0.240,true,84267,0.337068,0.544576,0.337434,0.546289,250000,1.000000,-0.000594,0.000000,0,0.000163
0.001,"Sample 97","B01357/S0148",1,"Disordered","",500,500,0.240,true,108632,0.434528,0.582348,0.433294,0.583764,250000,1.000000,-0.001283,0.000000,0,0.000121
0.001,"Sample 98","B1258/S03678",1,"Disordered","",500,500,0.240,true,103363,0.413452,0.519372,0.413653,0.520632,250000,1.000000,-0.001853,0.000000,0,0.000109
0.005,"Conway Life","B3/S23",1,"Structured Dynamic","",500,500,0.240,true,21397,0.085588,0.077200,0.086191,0.078409,250000,1.000000,-0.065631,0.000000,0,0.001649
0.005,"HighLife","B36/S23",1,"Structured Dynamic","",500,500,0.240,true,30271,0.121084,0.116140,0.121174,0.115646,250000,1.000000,-0.069267,0.000000,0,0.010818
0.005,"Sample 01","B23678/S348",1,"Disordered","",500,500,0.240,true,122551,0.490204,0.504272,0.490310,0.503978,250000,1.000000,0.000325,0.000000,0,0.000148
0.005,"Sample 02","B0467/S02356",1,"Disordered","",500,500,0.240,true,133995,0.535980,0.379656,0.533537,0.380632,250000,1.000000,0.012430,0.000000,0,0.000355
0.005,"Sample 03","B01348/S018",1,"Disordered","",500,500,0.240,true,102765,0.411060,0.736660,0.411834,0.736486,250000,1.000000,-0.001723,0.000000,0,0.000047
0.005,"Sample 04","B234/S0135",1,"Disordered","",500,500,0.240,true,123958,0.495832,0.568876,0.494953,0.568787,250000,1.000000,-0.000096,0.000000,0,0.000082
0.005,"Sample 05","B045678/S678",1,"Structured Dynamic","",500,500,0.240,true,70852,0.283408,0.477376,0.280355,0.474057,250000,1.000000,-0.000225,0.000000,0,0.000401
0.005,"Sample 06","B3467/S0356",1,"Disordered","",500,500,0.240,true,153659,0.614636,0.495680,0.614983,0.494895,250000,1.000000,0.018376,0.000000,0,0.000527
0.005,"Sample 07","B0378/S12368",1,"Disordered","",500,500,0.240,true,106148,0.424592,0.309168,0.424509,0.309510,250000,1.000000,0.000820,0.000000,0,0.000099
0.005,"Sample 08","B36/S06",1,"Structured Dynamic","",500,500,0.240,true,14137,0.056548,0.015452,0.056499,0.015519,250000,1.000000,-0.001995,0.000000,0,0.001709
0.005,"Sample 09","B1234567/S56",1,"Disordered","",500,500,0.240,true,136390,0.545560,0.893864,0.561367,0.860194,250000,1.000000,-0.095615,0.000000,0,0.001807
0.005,"Sample 10","B13568/S13567",1,"Expanding","",500,500,0.240,true,181935,0.727740,0.334260,0.726339,0.334929,250000,1.000000,0.004409,0.000000,0,0.000019
0.005,"Sample 11","B01467/S0134",1,"Disordered","",500,500,0.240,true,117648,0.470592,0.454452,0.471194,0.453863,250000,1.000000,-0.000298,0.000000,0,0.000089
0.005,"Sample 12","B1578/S035678",1,"Expanding","",500,500,0.240,true,248773,0.995092,0.009856,0.994974,0.009964,250000,1.000000,0.595484,0.000000,0,0.004056
0.005,"Sample 13","B1235678/S013578",1,"Disordered","",500,500,0.240,true,156172,0.624688,0.598936,0.624965,0.597577,250000,1.000000,-0.003247,0.000000,0,0.000027
0.005,"Sample 14","B0346/S1235",1,"Disordered","",500,500,0.240,true,131942,0.527768,0.529220,0.526015,0.529906,250000,1.000000,0.000302,0.000000,0,0.000111
0.005,"Sample 15","B24567/S03467",1,"Expanding","",500,500,0.240,true,183070,0.732280,0.462108,0.731889,0.461763,250000,1.000000,0.005383,0.000000,0,0.000030
0.005,"Sample 16","B1245/S2358",1,"Disordered","",500,500,0.240,true,134168,0.536672,0.555252,0.535731,0.556857,250000,1.000000,-0.000369,0.000000,0,0.000031
0.005,"Sample 17","B0123678/S035",1,"Disordered","",500,500,0.240,true,13782,0.055128,0.966436,0.502775,0.957670,250000,1.000000,0.000632,0.000000,0,0.018989
0.005,"Sample 18","B12457/S2367",1,"Disordered","",500,500,0.240,true,137866,0.551464,0.585780,0.551841,0.587821,250000,1.000000,-0.000837,0.000000,0,0.000180
0.005,"Sample 19","B03568/S4568",1,"Expanding","",500,500,0.240,true,172302,0.689208,0.389804,0.690887,0.388851,250000,1.000000,0.021653,0.000000,0,0.000126
0.005,"Sample 20","B378/S01678",1,"Structured Dynamic","",500,500,0.240,true,28643,0.114572,0.072104,0.114488,0.071058,250000,1.000000,-0.007337,0.000000,0,0.000408
0.005,"Sample 21","B0268/S346",1,"Disordered","",500,500,0.240,true,97155,0.388620,0.346892,0.389495,0.346038,250000,1.000000,0.000318,0.000000,0,0.000265
0.005,"Sample 22","B02468/S0245678",1,"Bounded Dynamic","",500,500,0.240,true,247926,0.991704,0.009832,0.991776,0.009937,250000,1.000000,0.018897,0.000000,0,0.000074
0.005,"Sample 23","B056/S1278",1,"Structured Dynamic","",500,500,0.240,true,68539,0.274156,0.078848,0.274341,0.077900,250000,1.000000,0.000945,0.000000,0,0.000130
0.005,"Sample 24","B13678/S03458",1,"Disordered","",500,500,0.240,true,139464,0.557856,0.365704,0.556015,0.366377,250000,1.000000,0.001153,0.000000,0,0.000251
0.005,"Sample 25","B234/S2345",1,"Disordered","",500,500,0.240,true,139127,0.556508,0.050144,0.556723,0.050438,250000,1.000000,-0.006762,0.000000,0,0.000387
0.005,"Sample 26","B24/S3456",1,"Disordered","",500,500,0.240,true,162784,0.651136,0.017984,0.650712,0.018754,250000,1.000000,0.005081,0.000000,0,0.000175
0.005,"Sample 27","B01457/S0236",1,"Disordered","",500,500,0.240,true,123328,0.493312,0.544064,0.494400,0.543466,250000,1.000000,-0.000002,0.000000,0,0.000095
0.005,"Sample 28","B134568/S12568",1,"Expanding","",500,500,0.240,true,167772,0.671088,0.524236,0.672303,0.526369,250000,1.000000,0.001036,0.000000,0,0.000045
0.005,"Sample 29","B0568/S134",1,"Structured Dynamic","",500,500,0.240,true,70755,0.283020,0.186604,0.282046,0.187275,250000,1.000000,0.000304,0.000000,0,0.000055
0.005,"Sample 30","B6/S013678",1,"Bounded Dynamic","",500,500,0.240,true,39259,0.157036,0.008760,0.156785,0.008425,250000,1.000000,0.008626,0.000000,0,0.001707
0.005,"Sample 31","B0167/S012",1,"Disordered","",500,500,0.240,true,99259,0.397036,0.667868,0.393139,0.656709,250000,1.000000,0.028271,0.000000,0,0.000832
0.005,"Sample 32","B123567/S012357",1,"Disordered","",500,500,0.240,true,155030,0.620120,0.577640,0.619272,0.578843,250000,1.000000,-0.000972,0.000000,0,0.000071
0.005,"Sample 33","B03/S3456",1,"Disordered","",500,500,0.240,true,153227,0.612908,0.020408,0.613281,0.020212,250000,1.000000,0.008115,0.000000,0,0.000186
0.005,"Sample 34","B1367/S026",1,"Disordered","",500,500,0.240,true,94134,0.376536,0.544280,0.377758,0.544068,250000,1.000000,-0.000380,0.000000,0,0.000059
0.005,"Sample 35","B1478/S1247",1,"Disordered","",500,500,0.240,true,103237,0.412948,0.388988,0.414164,0.390694,250000,1.000000,-0.000152,0.000000,0,0.000108
0.005,"Sample 36","B123457/S01468",1,"Disordered","",500,500,0.240,true,149671,0.598684,0.638924,0.596883,0.637300,250000,1.000000,-0.001661,0.000000,0,0.000045
0.005,"Sample 37","B25/S012678",1,"Disordered","",500,500,0.240,true,91974,0.367896,0.429036,0.365260,0.429146,250000,1.000000,-0.000337,0.000000,0,0.000177
0.005,"Sample 38","B267/S026",1,"Structured Dynamic","",500,500,0.240,true,76156,0.304624,0.407480,0.306507,0.408692,250000,1.000000,-0.000085,0.000000,0,0.000040
0.005,"Sample 39","B01236/S1347",1,"Disordered","",500,500,0.240,true,129401,0.517604,0.503428,0.516306,0.502697,250000,1.000000,-0.002546,0.000000,0,0.000074
0.005,"Sample 40","B034568/S012368",1,"Disordered","",500,500,0.240,true,150057,0.600228,0.685868,0.598994,0.688095,250000,1.000000,0.000851,0.000000,0,0.000055
0.005,"Sample 41","B1378/S0357",1,"Disordered","",500,500,0.240,true,99814,0.399256,0.456732,0.397953,0.457350,250000,1.000000,-0.000292,0.000000,0,0.000048
0.005,"Sample 42","B047/S37",1,"Structured Dynamic","",500,500,0.240,true,65398,0.261592,0.408724,0.263231,0.410102,250000,1.000000,0.000088,0.000000,0,0.000060
0.005,"Sample 43","B01257/S02368",1,"Disordered","",500,500,0.240,true,114311,0.457244,0.457224,0.457365,0.455910,250000,1.000000,-0.002633,0.000000,0,0.000029
0.005,"Sample 44","B04567/S1238",1,"Disordered","",500,500,0.240,true,104821,0.419284,0.455104,0.420406,0.453712,250000,1.000000,0.001085,0.000000,0,0.000235
0.005,"Sample 45","B0134/S124678",1,"Disordered","",500,500,0.240,true,135635,0.542540,0.443604,0.543949,0.442563,250000,1.000000,-0.001515,0.000000,0,0.000040
0.005,"Sample 46","B03468/S3578",1,"Disordered","",500,500,0.240,true,134881,0.539524,0.553408,0.540210,0.552223,250000,1.000000,0.002974,0.000000,0,0.000130
0.005,"Sample 47","B015678/S0123567",1,"Expanding","",500,500,0.240,true,166084,0.664336,0.349896,0.664088,0.348007,250000,1.000000,0.002466,0.000000,0,0.000487
0.005,"Sample 48","B034678/S0137",1,"Disordered","",500,500,0.240,true,117514,0.470056,0.650692,0.469174,0.650194,250000,1.000000,0.000228,0.000000,0,0.000052
0.005,"Sample 49","B2/S014678",1,"Structured Dynamic","",500,500,0.240,true,79507,0.318028,0.375456,0.319087,0.375108,250000,1.000000,0.000005,0.000000,0,0.000233
0.005,"Sample 50","B023678/S123578",1,"Disordered","",500,500,0.240,true,135595,0.542380,0.437772,0.540772,0.437984,250000,1.000000,-0.001672,0.000000,0,0.000031
0.005,"Sample 51","B12/S023478",1,"Disordered","",500,500,0.240,true,113327,0.453308,0.106092,0.453953,0.103911,250000,1.000000,-0.009158,0.000000,0,0.000298
0.005,"Sample 52","B12578/S023567",1,"Disordered","",500,500,0.240,true,160112,0.640448,0.315368,0.640570,0.315324,250000,1.000000,0.000449,0.000000,0,0.000178
0.005,"Sample 53","B0147/S03578",1,"Disordered","",500,500,0.240,true,97924,0.391696,0.443748,0.391766,0.444230,250000,1.000000,-0.001136,0.000000,0,0.000135
0.005,"Sample 54","B12467/S024567",1,"Expanding","",500,500,0.240,true,186074,0.744296,0.247548,0.744659,0.249028,250000,1.000000,0.001946,0.000000,0,0.000148
0.005,"Sample 55","B123457/S23467",1,"Expanding","",500,500,0.240,true,171191,0.684764,0.440188,0.684751,0.439920,250000,1.000000,-0.000695,0.000000,0,0.000073
0.005,"Sample 56","B13568/S1468",1,"Disordered","",500,500,0.240,true,125004,0.500016,0.583124,0.499983,0.583457,250000,1.000000,0.000596,0.000000,0,0.000236
0.005,"Sample 57","B01368/S13568",1,"Disordered","",500,500,0.240,true,119826,0.479304,0.403292,0.478592,0.404449,250000,1.000000,-0.000849,0.000000,0,0.000295
0.005,"Sample 58","B148/S0368",1,"Structured Dynamic","",500,500,0.240,true,82609,0.330436,0.442528,0.330659,0.444741,250000,1.000000,-0.000180,0.000000,0,0.000318
0.005,"Sample 59","B01236/S012578",1,"Disordered","",500,500,0.240,true,130565,0.522260,0.526596,0.522027,0.528166,250000,1.000000,-0.009187,0.000000,0,0.000092
0.005,"Sample 60","B348/S023468",1,"Disordered","",500,500,0.240,true,137485,0.549940,0.350552,0.551791,0.350260,250000,1.000000,0.003811,0.000000,0,0.000072
0.005,"Sample 61","B1457/S01567",1,"Disordered","",500,500,0.240,true,107981,0.431924,0.533284,0.429649,0.533059,250000,1.000000,0.006502,0.000000,0,0.001386
0.005,"Sample 62","B237/S0134567",1,"Disordered","",500,500,0.240,true,173413,0.693652,0.035356,0.693521,0.035357,250000,1.000000,-0.001430,0.000000,0,0.000403
0.005,"Sample 63","B014568/S2467",1,"Expanding","",500,500,0.240,true,163256,0.653024,0.514364,0.653677,0.512980,250000,1.000000,0.003748,0.000000,0,0.000121
0.005,"Sample 64","B0123578/S0145",1,"Disordered","",500,500,0.240,true,2566,0.010264,0.994976,0.502472,0.990002,250000,1.000000,-0.004810,0.000000,0,0.004084
0.005,"Sample 65","B1268/S34",1,"Disordered","",500,500,0.240,true,102828,0.411312,0.426088,0.412531,0.424782,250000,1.000000,-0.000732,0.000000,0,0.000095
0.005,"Sample 66","B3458/S0347",1,"Disordered","",500,500,0.240,true,135183,0.540732,0.582324,0.538398,0.581947,250000,1.000000,0.007655,0.000000,0,0.000016
0.005,"Sample 67","B56/S7",1,"Bounded Dynamic","",500,500,0.240,true,1242,0.004968,0.009476,0.005004,0.009958,250000,0.999340,-0.000185,0.000060,0,0.000832
0.005,"Sample 68","B3478/S067",1,"Structured Dynamic","",500,500,0.240,true,14256,0.057024,0.018464,0.057327,0.018995,250000,1.000000,-0.011987,0.000000,0,0.001234
0.005,"Sample 69","B023467/S05",1,"Disordered","",500,500,0.240,true,123138,0.492552,0.755672,0.493021,0.755970,250000,1.000000,-0.000415,0.000000,0,0.000052
0.005,"Sample 70","B1457/S2457",1,"Disordered","",500,500,0.240,true,153504,0.614016,0.456652,0.614195,0.457647,250000,1.000000,0.004369,0.000000,0,0.000150
0.005,"Sample 71","B12357/S456",1,"Disordered","",500,500,0.240,true,159979,0.639916,0.401160,0.639716,0.400920,250000,1.000000,-0.000290,0.000000,0,0.000052
0.005,"Sample 72","B028/S1234578",1,"Bounded Dynamic","",500,500,0.240,true,125066,0.500264,0.008404,0.499956,0.008433,250000,1.000000,-0.001308,0.000000,0,0.000320
0.005,"Sample 73","B3678/S2348",1,"Disordered","",500,500,0.240,true,120620,0.482480,0.368948,0.483554,0.367753,250000,1.000000,0.008676,0.000000,0,0.000242
0.005,"Sample 74","B047/S02378",1,"Structured Dynamic","",500,500,0.240,true,75496,0.301984,0.263468,0.302955,0.263901,250000,1.000000,0.000145,0.000000,0,0.000342
0.005,"Sample 75","B2457/S1235678",1,"Bounded Dynamic","",500,500,0.240,true,233417,0.933668,0.009276,0.932729,0.009595,250000,1.000000,0.009011,0.000000,0,0.000016
0.005,"Sample 76","B01346/S013568",1,"Disordered","",500,500,0.240,true,152838,0.611352,0.438820,0.610571,0.438280,250000,1.000000,-0.000415,0.000000,0,0.000081
0.005,"Sample 77","B0347/S2567",1,"Disordered","",500,500,0.240,true,133710,0.534840,0.463672,0.535332,0.461988,250000,1.000000,0.003629,0.000000,0,0.000302
0.005,"Sample 78","B134/S123578",1,"Disordered","",500,500,0.240,true,135868,0.543472,0.431460,0.543901,0.432027,250000,1.000000,-0.000338,0.000000,0,0.000061
0.005,"Sample 79","B0234678/S12567",1,"Expanding","",500,500,0.240,true,177896,0.711584,0.436124,0.711933,0.435290,250000,1.000000,0.000258,0.000000,0,0.000073
0.005,"Sample 80","B2568/S0156",1,"Structured Dynamic","",500,500,0.240,true,85652,0.342608,0.473908,0.342021,0.474095,250000,1.000000,0.000275,0.000000,0,0.000343
0.005,"Sample 81","B17/S2348",1,"Disordered","",500,500,0.240,true,104769,0.419076,0.048324,0.418697,0.048714,250000,1.000000,0.004154,0.000000,0,0.000201
0.005,"Sample 82","B012/S02457",1,"Disordered","",500,500,0.240,true,106432,0.425728,0.359508,0.427000,0.358872,250000,1.000000,-0.002139,0.000000,0,0.000121
0.005,"Sample 83","B0123468/S145",1,"Disordered","",500,500,0.240,true,15289,0.061156,0.985092,0.501219,0.986252,250000,1.000000,-0.001427,0.000000,0,0.000316
0.005,"Sample 84","B012357/S023467",1,"Disordered","",500,500,0.240,true,157954,0.631816,0.393504,0.631402,0.392149,250000,1.000000,-0.002052,0.000000,0,0.000046
0.005,"Sample 85","B01248/S0358",1,"Disordered","",500,500,0.240,true,115299,0.461196,0.533348,0.461648,0.532774,250000,1.000000,-0.001857,0.000000,0,0.000109
0.005,"Sample 86","B568/S016",1,"Bounded Dynamic","",500,500,0.240,true,38328,0.153312,0.008336,0.153708,0.008714,250000,1.000000,0.012804,0.000000,0,0.000656
0.005,"Sample 87","B012456/S0137",1,"Disordered","",500,500,0.240,true,126039,0.504156,0.723044,0.505416,0.723182,250000,1.000000,-0.001956,0.000000,0,0.000050
0.005,"Sample 88","B016/S128",1,"Disordered","",500,500,0.240,true,88543,0.354172,0.447068,0.354111,0.447191,250000,1.000000,-0.000645,0.000000,0,0.000037
0.005,"Sample 89","B012348/S2346",1,"Disordered","",500,500,0.240,true,29623,0.118492,0.879020,0.522806,0.898116,250000,1.000000,-0.002314,0.000000,0,0.000321
0.005,"Sample 90","B345678/S012368",1,"Disordered","",500,500,0.240,true,156379,0.625516,0.728900,0.626494,0.726299,250000,1.000000,0.003931,0.000000,0,0.000030
0.005,"Sample 91","B013578/S147",1,"Disordered","",500,500,0.240,true,108251,0.433004,0.578264,0.434588,0.579044,250000,1.000000,-0.001033,0.000000,0,0.000061
0.005,"Sample 92","B127/S14568",1,"Disordered","",500,500,0.240,true,113839,0.455356,0.326936,0.454252,0.326109,250000,1.000000,-0.001892,0.000000,0,0.000081
0.005,"Sample 93","B13568/S015678",1,"Bounded Dynamic","",500,500,0.240,true,247993,0.991972,0.009792,0.991869,0.009915,250000,1.000000,0.051436,0.000000,0,0.000376
0.005,"Sample 94","B0235/S0123",1,"Disordered","",500,500,0.240,true,28910,0.115640,0.817992,0.449146,0.804439,250000,1.000000,0.001727,0.000000,0,0.010729
0.005,"Sample 95","B568/S0135",1,"Bounded Dynamic","",500,500,0.240,true,38514,0.154056,0.008296,0.153957,0.008629,250000,1.000000,0.008437,0.000000,0,0.001736
0.005,"Sample 96","B01567/S17",1,"Structured Dynamic","",500,500,0.240,true,84603,0.338412,0.543976,0.337352,0.542534,250000,1.000000,-0.000329,0.000000,0,0.000228
0.005,"Sample 97","B01357/S0148",1,"Disordered","",500,500,0.240,true,107818,0.431272,0.582836,0.433756,0.583023,250000,1.000000,-0.001058,0.000000,0,0.000029
0.005,"Sample 98","B1258/S03678",1,"Disordered","",500,500,0.240,true,103797,0.415188,0.520916,0.413808,0.520144,250000,1.000000,-0.001723,0.000000,0,0.000094
0.010,"Conway Life","B3/S23",1,"Structured Dynamic","",500,500,0.240,true,33910,0.135640,0.127468,0.135676,0.129051,250000,1.000000,-0.042803,0.000000,0,0.003106
0.010,"HighLife","B36/S23",1,"Structured Dynamic","",500,500,0.240,true,48439,0.193756,0.191220,0.196784,0.194395,250000,1.000000,-0.027555,0.000000,0,0.003065
0.010,"Sample 01","B23678/S348",1,"Disordered","",500,500,0.240,true,123152,0.492608,0.505372,0.490307,0.503807,250000,1.000000,0.000383,0.000000,0,0.000018
0.010,"Sample 02","B0467/S02356",1,"Disordered","",500,500,0.240,true,134082,0.536328,0.382700,0.535001,0.383312,250000,1.000000,0.011007,0.000000,0,0.000601
0.010,"Sample 03","B01348/S018",1,"Disordered","",500,500,0.240,true,103422,0.413688,0.733524,0.411807,0.733551,250000,1.000000,-0.001672,0.000000,0,0.000054
0.010,"Sample 04","B234/S0135",1,"Disordered","",500,500,0.240,true,124348,0.497392,0.568684,0.495699,0.568576,250000,1.000000,-0.000013,0.000000,0,0.000082
0.010,"Sample 05","B045678/S678",1,"Structured Dynamic","",500,500,0.240,true,69392,0.277568,0.472460,0.277360,0.472127,250000,1.000000,-0.000195,0.000000,0,0.000214
0.010,"Sample 06","B3467/S0356",1,"Disordered","",500,500,0.240,true,153731,0.614924,0.495428,0.614560,0.495051,250000,1.000000,0.016893,0.000000,0,0.000327
0.010,"Sample 07","B0378/S12368",1,"Disordered","",500,500,0.240,true,105700,0.422800,0.316900,0.423753,0.317462,250000,1.000000,0.000561,0.000000,0,0.000192
0.010,"Sample 08","B36/S06",1,"Structured Dynamic","",500,500,0.240,true,16015,0.064060,0.032600,0.063810,0.031926,250000,1.000000,-0.002551,0.000000,0,0.001441
0.010,"Sample 09","B1234567/S56",1,"Disordered","",500,500,0.240,true,157175,0.628700,0.708044,0.633276,0.696267,250000,1.000000,-0.025438,0.000000,0,0.001636
0.010,"Sample 10","B13568/S13567",1,"Expanding","",500,500,0.240,true,181759,0.727036,0.335020,0.725781,0.336197,250000,1.000000,0.004400,0.000000,0,0.000107
0.010,"Sample 11","B01467/S0134",1,"Disordered","",500,500,0.240,true,118420,0.473680,0.455440,0.471566,0.454180,250000,1.000000,-0.000462,0.000000,0,0.000080
0.010,"Sample 12","B1578/S035678",1,"Expanding","",500,500,0.240,true,247473,0.989892,0.019496,0.989862,0.019786,250000,1.000000,0.593379,0.000000,0,0.004200
0.010,"Sample 13","B1235678/S013578",1,"Disordered","",500,500,0.240,true,155586,0.622344,0.596892,0.623160,0.596866,250000,1.000000,-0.003252,0.000000,0,0.000131
0.010,"Sample 14","B0346/S1235",1,"Disordered","",500,500,0.240,true,131246,0.524984,0.530928,0.526296,0.529630,250000,1.000000,0.000357,0.000000,0,0.000058
0.010,"Sample 15","B24567/S03467",1,"Expanding","",500,500,0.240,true,182081,0.728324,0.467220,0.730294,0.463906,250000,1.000000,0.005388,0.000000,0,0.000106
0.010,"Sample 16","B1245/S2358",1,"Disordered","",500,500,0.240,true,133678,0.534712,0.556036,0.535778,0.556072,250000,1.000000,-0.000445,0.000000,0,0.000043
0.010,"Sample 17","B0123678/S035",1,"Disordered","",500,500,0.240,true,124601,0.498404,0.670456,0.497625,0.671525,250000,1.000000,-0.003373,0.000000,0,0.000588
0.010,"Sample 18","B12457/S2367",1,"Disordered","",500,500,0.240,true,137937,0.551748,0.586760,0.551246,0.587217,250000,1.000000,-0.000892,0.000000,0,0.000126
0.010,"Sample 19","B03568/S4568",1,"Expanding","",500,500,0.240,true,172513,0.690052,0.388712,0.689320,0.389925,250000,1.000000,0.021008,0.000000,0,0.000079
0.010,"Sample 20","B378/S01678",1,"Structured Dynamic","",500,500,0.240,true,36018,0.144072,0.125040,0.146472,0.128886,250000,1.000000,-0.004566,0.000000,0,0.001027
0.010,"Sample 21","B0268/S346",1,"Disordered","",500,500,0.240,true,97434,0.389736,0.345624,0.390596,0.346869,250000,1.000000,0.000097,0.000000,0,0.000424
0.010,"Sample 22","B02468/S0245678",1,"Disordered","",500,500,0.240,true,245891,0.983564,0.019632,0.983443,0.019673,250000,1.000000,0.015921,0.000000,0,0.000088
0.010,"Sample 23","B056/S1278",1,"Structured Dynamic","",500,500,0.240,true,68699,0.274796,0.111292,0.274012,0.112819,250000,1.000000,0.000498,0.000000,0,0.000219
0.010,"Sample 24","B13678/S03458",1,"Disordered","",500,500,0.240,true,138738,0.554952,0.369360,0.555685,0.367759,250000,1.000000,0.001395,0.000000,0,0.000064
0.010,"Sample 25","B234/S2345",1,"Disordered","",500,500,0.240,true,139339,0.557356,0.088056,0.557039,0.089491,250000,1.000000,-0.003940,0.000000,0,0.000017
0.010,"Sample 26","B24/S3456",1,"Disordered","",500,500,0.240,true,161454,0.645816,0.034220,0.646157,0.034801,250000,1.000000,0.005536,0.000000,0,0.000181
0.010,"Sample 27","B01457/S0236",1,"Disordered","",500,500,0.240,true,123633,0.494532,0.543848,0.494508,0.543267,250000,1.000000,0.000098,0.000000,0,0.000121
0.010,"Sample 28","B134568/S12568",1,"Expanding","",500,500,0.240,true,167883,0.671532,0.528016,0.670750,0.528003,250000,1.000000,0.000836,0.000000,0,0.000070
0.010,"Sample 29","B0568/S134",1,"Structured Dynamic","",500,500,0.240,true,70902,0.283608,0.206596,0.282660,0.206699,250000,1.000000,0.000360,0.000000,0,0.000177
0.010,"Sample 30","B6/S013678",1,"Structured Dynamic","",500,500,0.240,true,39599,0.158396,0.016392,0.158729,0.016781,250000,1.000000,0.003914,0.000000,0,0.000409
0.010,"Sample 31","B0167/S012",1,"Disordered","",500,500,0.240,true,93491,0.373964,0.503964,0.371284,0.501602,250000,1.000000,0.007659,0.000000,0,0.000406
0.010,"Sample 32","B123567/S012357",1,"Disordered","",500,500,0.240,true,154536,0.618144,0.577784,0.618247,0.577737,250000,1.000000,-0.001101,0.000000,0,0.000076
0.010,"Sample 33","B03/S3456",1,"Disordered","",500,500,0.240,true,151568,0.606272,0.035712,0.605922,0.035194,250000,1.000000,0.007967,0.000000,0,0.000140
0.010,"Sample 34","B1367/S026",1,"Disordered","",500,500,0.240,true,94115,0.376460,0.542864,0.378430,0.543382,250000,1.000000,-0.000630,0.000000,0,0.000059
0.010,"Sample 35","B1478/S1247",1,"Disordered","",500,500,0.240,true,103983,0.415932,0.391332,0.414754,0.392102,250000,1.000000,-0.000243,0.000000,0,0.000032
0.010,"Sample 36","B123457/S01468",1,"Disordered","",500,500,0.240,true,149382,0.597528,0.635228,0.596244,0.636303,250000,1.000000,-0.001575,0.000000,0,0.000011
0.010,"Sample 37","B25/S012678",1,"Disordered","",500,500,0.240,true,91496,0.365984,0.431096,0.366519,0.430574,250000,1.000000,-0.000149,0.000000,0,0.000157
0.010,"Sample 38","B267/S026",1,"Structured Dynamic","",500,500,0.240,true,77369,0.309476,0.409372,0.308296,0.410660,250000,1.000000,-0.000314,0.000000,0,0.000244
0.010,"Sample 39","B01236/S1347",1,"Disordered","",500,500,0.240,true,129943,0.519772,0.501512,0.516111,0.502174,250000,1.000000,-0.002484,0.000000,0,0.000044
0.010,"Sample 40","B034568/S012368",1,"Disordered","",500,500,0.240,true,149862,0.599448,0.685708,0.598121,0.686418,250000,1.000000,0.000704,0.000000,0,0.000045
0.010,"Sample 41","B1378/S0357",1,"Disordered","",500,500,0.240,true,100006,0.400024,0.455992,0.398689,0.457048,250000,1.000000,-0.000503,0.000000,0,0.000073
0.010,"Sample 42","B047/S37",1,"Structured Dynamic","",500,500,0.240,true,66284,0.265136,0.409020,0.263105,0.407504,250000,1.000000,0.000202,0.000000,0,0.000242
0.010,"Sample 43","B01257/S02368",1,"Disordered","",500,500,0.240,true,114577,0.458308,0.458144,0.457379,0.456201,250000,1.000000,-0.002472,0.000000,0,0.000147
0.010,"Sample 44","B04567/S1238",1,"Disordered","",500,500,0.240,true,105841,0.423364,0.461768,0.423889,0.461247,250000,1.000000,0.000927,0.000000,0,0.000291
0.010,"Sample 45","B0134/S124678",1,"Disordered","",500,500,0.240,true,136046,0.544184,0.445748,0.542995,0.443802,250000,1.000000,-0.001878,0.000000,0,0.000128
0.010,"Sample 46","B03468/S3578",1,"Disordered","",500,500,0.240,true,134818,0.539272,0.553492,0.539654,0.552024,250000,1.000000,0.003008,0.000000,0,0.000198
0.010,"Sample 47","B015678/S0123567",1,"Expanding","",500,500,0.240,true,166517,0.666068,0.350244,0.666283,0.350040,250000,1.000000,0.003067,0.000000,0,0.000018
0.010,"Sample 48","B034678/S0137",1,"Disordered","",500,500,0.240,true,116963,0.467852,0.647284,0.469456,0.648772,250000,1.000000,0.000346,0.000000,0,0.000051
0.010,"Sample 49","B2/S014678",1,"Structured Dynamic","",500,500,0.240,true,80283,0.321132,0.376240,0.320515,0.376716,250000,1.000000,-0.000184,0.000000,0,0.000122
0.010,"Sample 50","B023678/S123578",1,"Disordered","",500,500,0.240,true,135555,0.542220,0.438852,0.540297,0.438752,250000,1.000000,-0.001584,0.000000,0,0.000040
0.010,"Sample 51","B12/S023478",1,"Disordered","",500,500,0.240,true,112347,0.449388,0.122776,0.448688,0.122137,250000,1.000000,-0.006363,0.000000,0,0.000144
0.010,"Sample 52","B12578/S023567",1,"Disordered","",500,500,0.240,true,159649,0.638596,0.317900,0.638846,0.317121,250000,1.000000,0.000582,0.000000,0,0.000150
0.010,"Sample 53","B0147/S03578",1,"Disordered","",500,500,0.240,true,97729,0.390916,0.445700,0.392590,0.444625,250000,1.000000,-0.001044,0.000000,0,0.000157
0.010,"Sample 54","B12467/S024567",1,"Expanding","",500,500,0.240,true,185333,0.741332,0.266044,0.741848,0.265878,250000,1.000000,0.001169,0.000000,0,0.000078
0.010,"Sample 55","B123457/S23467",1,"Expanding","",500,500,0.240,true,171230,0.684920,0.438680,0.683487,0.440828,250000,1.000000,-0.000776,0.000000,0,0.000041
0.010,"Sample 56","B13568/S1468",1,"Disordered","",500,500,0.240,true,124939,0.499756,0.582928,0.500267,0.582865,250000,1.000000,0.000701,0.000000,0,0.000284
0.010,"Sample 57","B01368/S13568",1,"Disordered","",500,500,0.240,true,119633,0.478532,0.404320,0.478388,0.405465,250000,1.000000,-0.001276,0.000000,0,0.000174
0.010,"Sample 58","B148/S0368",1,"Structured Dynamic","",500,500,0.240,true,83063,0.332252,0.444584,0.332664,0.445559,250000,1.000000,0.000038,0.000000,0,0.000171
0.010,"Sample 59","B01236/S012578",1,"Disordered","",500,500,0.240,true,130614,0.522456,0.529432,0.520811,0.528956,250000,1.000000,-0.008208,0.000000,0,0.000109
0.010,"Sample 60","B348/S023468",1,"Disordered","",500,500,0.240,true,138305,0.553220,0.354704,0.552148,0.355402,250000,1.000000,0.003774,0.000000,0,0.000090
0.010,"Sample 61","B1457/S01567",1,"Disordered","",500,500,0.240,true,106963,0.427852,0.535672,0.426803,0.535728,250000,1.000000,0.002456,0.000000,0,0.001346
0.010,"Sample 62","B237/S0134567",1,"Disordered","",500,500,0.240,true,173638,0.694552,0.056252,0.694224,0.055903,250000,1.000000,0.000033,0.000000,0,0.000239
0.010,"Sample 63","B014568/S2467",1,"Expanding","",500,500,0.240,true,163179,0.652716,0.513108,0.651690,0.514474,250000,1.000000,0.003668,0.000000,0,0.000177
0.010,"Sample 64","B0123578/S0145",1,"Disordered","",500,500,0.240,true,5251,0.021004,0.989096,0.504972,0.979415,250000,1.000000,-0.008083,0.000000,0,0.004730
0.010,"Sample 65","B1268/S34",1,"Disordered","",500,500,0.240,true,103242,0.412968,0.425224,0.412764,0.424606,250000,1.000000,-0.000963,0.000000,0,0.000077
0.010,"Sample 66","B3458/S0347",1,"Disordered","",500,500,0.240,true,135247,0.540988,0.583080,0.538482,0.581535,250000,1.000000,0.006904,0.000000,0,0.000091
0.010,"Sample 67","B56/S7",1,"Structured Dynamic","",500,500,0.240,true,2543,0.010172,0.019816,0.009997,0.019794,250000,0.999960,-0.000176,-0.000040,0,0.000608
0.010,"Sample 68","B3478/S067",1,"Structured Dynamic","",500,500,0.240,true,16732,0.066928,0.041168,0.067195,0.041872,250000,1.000000,-0.014903,0.000000,0,0.001485
0.010,"Sample 69","B023467/S05",1,"Disordered","",500,500,0.240,true,123671,0.494684,0.754064,0.492928,0.753868,250000,1.000000,-0.000271,0.000000,0,0.000103
0.010,"Sample 70","B1457/S2457",1,"Disordered","",500,500,0.240,true,153263,0.613052,0.458116,0.613569,0.458053,250000,1.000000,0.004419,0.000000,0,0.000110
0.010,"Sample 71","B12357/S456",1,"Disordered","",500,500,0.240,true,159744,0.638976,0.398928,0.638919,0.400849,250000,1.000000,-0.000188,0.000000,0,0.000020
0.010,"Sample 72","B028/S1234578",1,"Disordered","",500,500,0.240,true,125056,0.500224,0.016716,0.500144,0.016748,250000,1.000000,-0.000676,0.000000,0,0.000046
0.010,"Sample 73","B3678/S2348",1,"Disordered","",500,500,0.240,true,121198,0.484792,0.367048,0.484031,0.369725,250000,1.000000,0.008645,0.000000,0,0.000073
0.010,"Sample 74","B047/S02378",1,"Structured Dynamic","",500,500,0.240,true,77120,0.308480,0.271764,0.307581,0.271436,250000,1.000000,-0.000268,0.000000,0,0.000055
0.010,"Sample 75","B2457/S1235678",1,"Disordered","",500,500,0.240,true,232011,0.928044,0.019008,0.928264,0.019186,250000,1.000000,0.010090,0.000000,0,0.000023
0.010,"Sample 76","B01346/S013568",1,"Disordered","",500,500,0.240,true,152360,0.609440,0.440304,0.609511,0.439844,250000,1.000000,-0.000340,0.000000,0,0.000041
0.010,"Sample 77","B0347/S2567",1,"Disordered","",500,500,0.240,true,132824,0.531296,0.465736,0.533210,0.465173,250000,1.000000,0.003893,0.000000,0,0.000189
0.010,"Sample 78","B134/S123578",1,"Disordered","",500,500,0.240,true,135245,0.540980,0.433080,0.543353,0.432991,250000,1.000000,-0.000421,0.000000,0,0.000164
0.010,"Sample 79","B0234678/S12567",1,"Expanding","",500,500,0.240,true,177584,0.710336,0.435040,0.711455,0.433890,250000,1.000000,0.000611,0.000000,0,0.000143
0.010,"Sample 80","B2568/S0156",1,"Structured Dynamic","",500,500,0.240,true,85394,0.341576,0.474324,0.343264,0.475377,250000,1.000000,-0.000213,0.000000,0,0.000157
0.010,"Sample 81","B17/S2348",1,"Disordered","",500,500,0.240,true,102358,0.409432,0.071352,0.409745,0.071805,250000,1.000000,0.002464,0.000000,0,0.000223
0.010,"Sample 82","B012/S02457",1,"Disordered","",500,500,0.240,true,106548,0.426192,0.356172,0.427453,0.358549,250000,1.000000,-0.001949,0.000000,0,0.000066
0.010,"Sample 83","B0123468/S145",1,"Disordered","",500,500,0.240,true,18580,0.074320,0.966444,0.502959,0.970172,250000,1.000000,-0.001733,0.000000,0,0.001532
0.010,"Sample 84","B012357/S023467",1,"Disordered","",500,500,0.240,true,157640,0.630560,0.393256,0.630048,0.393547,250000,1.000000,-0.002121,0.000000,0,0.000083
0.010,"Sample 85","B01248/S0358",1,"Disordered","",500,500,0.240,true,114954,0.459816,0.531780,0.461666,0.531911,250000,1.000000,-0.001916,0.000000,0,0.000099
0.010,"Sample 86","B568/S016",1,"Structured Dynamic","",500,500,0.240,true,38567,0.154268,0.017956,0.154867,0.017428,250000,1.000000,0.006403,0.000000,0,0.000056
0.010,"Sample 87","B012456/S0137",1,"Disordered","",500,500,0.240,true,126599,0.506396,0.720944,0.505410,0.721197,250000,1.000000,-0.001931,0.000000,0,0.000084
0.010,"Sample 88","B016/S128",1,"Disordered","",500,500,0.240,true,88309,0.353236,0.443248,0.353781,0.446137,250000,1.000000,-0.000581,0.000000,0,0.000142
0.010,"Sample 89","B012348/S2346",1,"Disordered","",500,500,0.240,true,40943,0.163772,0.823952,0.534073,0.849757,250000,1.000000,-0.001556,0.000000,0,0.000683
0.010,"Sample 90","B345678/S012368",1,"Disordered","",500,500,0.240,true,156331,0.625324,0.724252,0.625249,0.724487,250000,1.000000,0.004009,0.000000,0,0.000037
0.010,"Sample 91","B013578/S147",1,"Disordered","",500,500,0.240,true,108755,0.435020,0.577520,0.435087,0.578348,250000,1.000000,-0.001059,0.000000,0,0.000168
0.010,"Sample 92","B127/S14568",1,"Disordered","",500,500,0.240,true,113117,0.452468,0.326704,0.453575,0.329242,250000,1.000000,-0.001469,0.000000,0,0.000088
0.010,"Sample 93","B13568/S015678",1,"Disordered","",500,500,0.240,true,245923,0.983692,0.019624,0.983596,0.019673,250000,1.000000,0.050389,0.000000,0,0.000465
0.010,"Sample 94","B0235/S0123",1,"Disordered","",500,500,0.240,true,108611,0.434444,0.690380,0.440281,0.689384,250000,1.000000,0.000118,0.000000,0,0.001661
0.010,"Sample 95","B568/S0135",1,"Structured Dynamic","",500,500,0.240,true,39252,0.157008,0.017864,0.156578,0.017360,250000,1.000000,0.004022,0.000000,0,0.002333
0.010,"Sample 96","B01567/S17",1,"Structured Dynamic","",500,500,0.240,true,84205,0.336820,0.540472,0.337021,0.539189,250000,1.000000,-0.000449,0.000000,0,0.000143
0.010,"Sample 97","B01357/S0148",1,"Disordered","",500,500,0.240,true,108050,0.432200,0.581668,0.434236,0.582370,250000,1.000000,-0.001013,0.000000,0,0.000037
0.010,"Sample 98","B1258/S03678",1,"Disordered","",500,500,0.240,true,103855,0.415420,0.521516,0.413989,0.519950,250000,1.000000,-0.001401,0.000000,0,0.000078
0.020,"Conway Life","B3/S23",1,"Structured Dynamic","",500,500,0.240,true,57983,0.231932,0.231076,0.231776,0.228913,250000,1.000000,-0.007243,0.000000,0,0.001561
0.020,"HighLife","B36/S23",1,"Structured Dynamic","",500,500,0.240,true,69742,0.278968,0.283604,0.278895,0.284542,250000,1.000000,0.000962,0.000000,0,0.001428
0.020,"Sample 01","B23678/S348",1,"Disordered","",500,500,0.240,true,122806,0.491224,0.500604,0.490248,0.502947,250000,1.000000,0.000214,0.000000,0,0.000044
0.020,"Sample 02","B0467/S02356",1,"Disordered","",500,500,0.240,true,134971,0.539884,0.389144,0.539036,0.388300,250000,1.000000,0.010984,0.000000,0,0.000255
0.020,"Sample 03","B01348/S018",1,"Disordered","",500,500,0.240,true,103257,0.413028,0.728204,0.411807,0.727719,250000,1.000000,-0.001668,0.000000,0,0.000079
0.020,"Sample 04","B234/S0135",1,"Disordered","",500,500,0.240,true,124363,0.497452,0.568488,0.496894,0.567660,250000,1.000000,-0.000125,0.000000,0,0.000105
0.020,"Sample 05","B045678/S678",1,"Structured Dynamic","",500,500,0.240,true,67998,0.271992,0.467988,0.272579,0.468962,250000,1.000000,-0.000034,0.000000,0,0.000393
0.020,"Sample 06","B3467/S0356",1,"Disordered","",500,500,0.240,true,152925,0.611700,0.494028,0.613208,0.495215,250000,1.000000,0.014312,0.000000,0,0.000259
0.020,"Sample 07","B0378/S12368",1,"Disordered","",500,500,0.240,true,105600,0.422400,0.329220,0.423251,0.328612,250000,1.000000,0.000202,0.000000,0,0.000075
0.020,"Sample 08","B36/S06",1,"Structured Dynamic","",500,500,0.240,true,20099,0.080396,0.068564,0.080699,0.068251,250000,1.000000,-0.002722,0.000000,0,0.000449
0.020,"Sample 09","B1234567/S56",1,"Expanding","",500,500,0.240,true,164638,0.658552,0.634692,0.658107,0.634899,250000,1.000000,-0.001947,0.000000,0,0.000185
0.020,"Sample 10","B13568/S13567",1,"Expanding","",500,500,0.240,true,180439,0.721756,0.341716,0.724142,0.339504,250000,1.000000,0.004450,0.000000,0,0.000055
0.020,"Sample 11","B01467/S0134",1,"Disordered","",500,500,0.240,true,117912,0.471648,0.456308,0.472733,0.455607,250000,1.000000,-0.000389,0.000000,0,0.000104
0.020,"Sample 12","B1578/S035678",1,"Expanding","",500,500,0.240,true,244731,0.978924,0.039092,0.979262,0.039238,250000,1.000000,0.594550,0.000000,0,0.000995
0.020,"Sample 13","B1235678/S013578",1,"Disordered","",500,500,0.240,true,155062,0.620248,0.592468,0.619376,0.594705,250000,1.000000,-0.003053,0.000000,0,0.000054
0.020,"Sample 14","B0346/S1235",1,"Disordered","",500,500,0.240,true,131409,0.525636,0.529420,0.526650,0.528992,250000,1.000000,0.000171,0.000000,0,0.000059
0.020,"Sample 15","B24567/S03467",1,"Expanding","",500,500,0.240,true,182017,0.728068,0.467492,0.727184,0.468148,250000,1.000000,0.005214,0.000000,0,0.000039
0.020,"Sample 16","B1245/S2358",1,"Disordered","",500,500,0.240,true,134407,0.537628,0.555796,0.536111,0.554225,250000,1.000000,-0.000322,0.000000,0,0.000019
0.020,"Sample 17","B0123678/S035",1,"Disordered","",500,500,0.240,true,124522,0.498088,0.630436,0.495371,0.628336,250000,1.000000,-0.002860,0.000000,0,0.000080
0.020,"Sample 18","B12457/S2367",1,"Disordered","",500,500,0.240,true,137516,0.550064,0.585980,0.550479,0.585681,250000,1.000000,-0.000538,0.000000,0,0.000111
0.020,"Sample 19","B03568/S4568",1,"Expanding","",500,500,0.240,true,171672,0.686688,0.392464,0.686445,0.392423,250000,1.000000,0.021114,0.000000,0,0.000043
0.020,"Sample 20","B378/S01678",1,"Structured Dynamic","",500,500,0.240,true,48152,0.192608,0.215148,0.189594,0.209607,250000,1.000000,-0.001190,0.000000,0,0.000896
0.020,"Sample 21","B0268/S346",1,"Disordered","",500,500,0.240,true,98248,0.392992,0.350032,0.392713,0.349046,250000,1.000000,-0.000101,0.000000,0,0.000100
0.020,"Sample 22","B02468/S0245678",1,"Disordered","",500,500,0.240,true,241662,0.966648,0.038540,0.966325,0.038706,250000,1.000000,0.014178,0.000000,0,0.000021
0.020,"Sample 23","B056/S1278",1,"Structured Dynamic","",500,500,0.240,true,68473,0.273892,0.155556,0.273723,0.155723,250000,1.000000,0.000260,0.000000,0,0.000301
0.020,"Sample 24","B13678/S03458",1,"Disordered","",500,500,0.240,true,139221,0.556884,0.370276,0.555120,0.369818,250000,1.000000,0.001254,0.000000,0,0.000036
0.020,"Sample 25","B234/S2345",1,"Disordered","",500,500,0.240,true,140310,0.561240,0.176372,0.558887,0.176690,250000,1.000000,0.000497,0.000000,0,0.000131
0.020,"Sample 26","B24/S3456",1,"Disordered","",500,500,0.240,true,159446,0.637784,0.062932,0.637874,0.062797,250000,1.000000,0.004825,0.000000,0,0.000174
0.020,"Sample 27","B01457/S0236",1,"Disordered","",500,500,0.240,true,123568,0.494272,0.542656,0.494702,0.542871,250000,1.000000,0.000013,0.000000,0,0.000089
0.020,"Sample 28","B134568/S12568",1,"Expanding","",500,500,0.240,true,166718,0.666872,0.530944,0.667595,0.531479,250000,1.000000,0.000736,0.000000,0,0.000088
0.020,"Sample 29","B0568/S134",1,"Structured Dynamic","",500,500,0.240,true,71198,0.284792,0.225220,0.284027,0.225032,250000,1.000000,0.000590,0.000000,0,0.000205
0.020,"Sample 30","B6/S013678",1,"Structured Dynamic","",500,500,0.240,true,41016,0.164064,0.033008,0.163751,0.033483,250000,1.000000,0.001465,0.000000,0,0.000709
0.020,"Sample 31","B0167/S012",1,"Disordered","",500,500,0.240,true,88593,0.354372,0.390244,0.356525,0.390197,250000,1.000000,-0.001157,0.000000,0,0.000278
0.020,"Sample 32","B123567/S012357",1,"Disordered","",500,500,0.240,true,154145,0.616580,0.578200,0.616396,0.575749,250000,1.000000,-0.000923,0.000000,0,0.000025
0.020,"Sample 33","B03/S3456",1,"Disordered","",500,500,0.240,true,148495,0.593980,0.062800,0.593620,0.062917,250000,1.000000,0.007571,0.000000,0,0.000179
0.020,"Sample 34","B1367/S026",1,"Disordered","",500,500,0.240,true,94835,0.379340,0.543504,0.380018,0.542759,250000,1.000000,-0.000528,0.000000,0,0.000085
0.020,"Sample 35","B1478/S1247",1,"Disordered","",500,500,0.240,true,104282,0.417128,0.396936,0.416379,0.395337,250000,1.000000,0.000030,0.000000,0,0.000203
0.020,"Sample 36","B123457/S01468",1,"Disordered","",500,500,0.240,true,148482,0.593928,0.635548,0.594857,0.634296,250000,1.000000,-0.001386,0.000000,0,0.000014
0.020,"Sample 37","B25/S012678",1,"Disordered","",500,500,0.240,true,92361,0.369444,0.434276,0.369026,0.433621,250000,1.000000,-0.000122,0.000000,0,0.000085
0.020,"Sample 38","B267/S026",1,"Structured Dynamic","",500,500,0.240,true,78276,0.313104,0.415044,0.312246,0.414704,250000,1.000000,-0.000303,0.000000,0,0.000204
0.020,"Sample 39","B01236/S1347",1,"Disordered","",500,500,0.240,true,129001,0.516004,0.500348,0.515428,0.500685,250000,1.000000,-0.002389,0.000000,0,0.000029
0.020,"Sample 40","B034568/S012368",1,"Disordered","",500,500,0.240,true,149294,0.597176,0.681776,0.596273,0.682834,250000,1.000000,0.000547,0.000000,0,0.000022
0.020,"Sample 41","B1378/S0357",1,"Disordered","",500,500,0.240,true,99922,0.399688,0.456308,0.400257,0.457004,250000,1.000000,-0.000488,0.000000,0,0.000181
0.020,"Sample 42","B047/S37",1,"Structured Dynamic","",500,500,0.240,true,65917,0.263668,0.403984,0.262903,0.402628,250000,1.000000,0.000147,0.000000,0,0.000133
0.020,"Sample 43","B01257/S02368",1,"Disordered","",500,500,0.240,true,114710,0.458840,0.456712,0.457489,0.457206,250000,1.000000,-0.002512,0.000000,0,0.000059
0.020,"Sample 44","B04567/S1238",1,"Disordered","",500,500,0.240,true,108164,0.432656,0.476392,0.430719,0.475448,250000,1.000000,0.000972,0.000000,0,0.000130
0.020,"Sample 45","B0134/S124678",1,"Disordered","",500,500,0.240,true,135156,0.540624,0.445828,0.541490,0.446222,250000,1.000000,-0.001551,0.000000,0,0.000049
0.020,"Sample 46","B03468/S3578",1,"Disordered","",500,500,0.240,true,135090,0.540360,0.551416,0.539057,0.550979,250000,1.000000,0.002953,0.000000,0,0.000133
0.020,"Sample 47","B015678/S0123567",1,"Expanding","",500,500,0.240,true,167735,0.670940,0.351692,0.668806,0.353167,250000,1.000000,0.003053,0.000000,0,0.000016
0.020,"Sample 48","B034678/S0137",1,"Disordered","",500,500,0.240,true,117782,0.471128,0.645672,0.470107,0.646436,250000,1.000000,0.000129,0.000000,0,0.000152
0.020,"Sample 49","B2/S014678",1,"Structured Dynamic","",500,500,0.240,true,81477,0.325908,0.381668,0.323353,0.379738,250000,1.000000,-0.000187,0.000000,0,0.000240
0.020,"Sample 50","B023678/S123578",1,"Disordered","",500,500,0.240,true,135118,0.540472,0.439828,0.539375,0.439910,250000,1.000000,-0.001399,0.000000,0,0.000006
0.020,"Sample 51","B12/S023478",1,"Disordered","",500,500,0.240,true,111388,0.445552,0.144176,0.445462,0.143629,250000,1.000000,-0.002144,0.000000,0,0.000151
0.020,"Sample 52","B12578/S023567",1,"Disordered","",500,500,0.240,true,158805,0.635220,0.319952,0.634731,0.320871,250000,1.000000,0.000361,0.000000,0,0.000176
0.020,"Sample 53","B0147/S03578",1,"Disordered","",500,500,0.240,true,98187,0.392748,0.445416,0.394018,0.445129,250000,1.000000,-0.000958,0.000000,0,0.000144
0.020,"Sample 54","B12467/S024567",1,"Expanding","",500,500,0.240,true,185512,0.742048,0.279740,0.740333,0.281528,250000,1.000000,0.001197,0.000000,0,0.000057
0.020,"Sample 55","B123457/S23467",1,"Expanding","",500,500,0.240,true,170389,0.681556,0.442780,0.681039,0.442375,250000,1.000000,-0.000880,0.000000,0,0.000038
0.020,"Sample 56","B13568/S1468",1,"Disordered","",500,500,0.240,true,125216,0.500864,0.580876,0.500051,0.580815,250000,1.000000,0.000516,0.000000,0,0.000083
0.020,"Sample 57","B01368/S13568",1,"Disordered","",500,500,0.240,true,119701,0.478804,0.405536,0.478726,0.407466,250000,1.000000,-0.001036,0.000000,0,0.000135
0.020,"Sample 58","B148/S0368",1,"Structured Dynamic","",500,500,0.240,true,83494,0.333976,0.445688,0.335958,0.447126,250000,1.000000,-0.000269,0.000000,0,0.000166
0.020,"Sample 59","B01236/S012578",1,"Disordered","",500,500,0.240,true,129925,0.519700,0.533764,0.518262,0.530170,250000,1.000000,-0.007355,0.000000,0,0.000046
0.020,"Sample 60","B348/S023468",1,"Disordered","",500,500,0.240,true,138025,0.552100,0.363724,0.552441,0.363462,250000,1.000000,0.003727,0.000000,0,0.000066
0.020,"Sample 61","B1457/S01567",1,"Disordered","",500,500,0.240,true,107484,0.429936,0.538368,0.428768,0.537579,250000,1.000000,0.001529,0.000000,0,0.000669
0.020,"Sample 62","B237/S0134567",1,"Expanding","",500,500,0.240,true,173990,0.695960,0.089708,0.693436,0.088225,250000,1.000000,0.001168,0.000000,0,0.000144
0.020,"Sample 63","B014568/S2467",1,"Disordered","",500,500,0.240,true,161831,0.647324,0.518440,0.647956,0.517310,250000,1.000000,0.004092,0.000000,0,0.000042
0.020,"Sample 64","B0123578/S0145",1,"Disordered","",500,500,0.240,true,136914,0.547656,0.580524,0.548629,0.582000,250000,1.000000,0.014210,0.000000,0,0.001354
0.020,"Sample 65","B1268/S34",1,"Disordered","",500,500,0.240,true,103078,0.412312,0.425104,0.413767,0.424353,250000,1.000000,-0.000812,0.000000,0,0.000039
0.020,"Sample 66","B3458/S0347",1,"Disordered","",500,500,0.240,true,134596,0.538384,0.581084,0.539116,0.580402,250000,1.000000,0.006402,0.000000,0,0.000100
0.020,"Sample 67","B56/S7",1,"Structured Dynamic","",500,500,0.240,true,5011,0.020044,0.039088,0.020003,0.039211,250000,1.000000,-0.000200,0.000000,0,0.001838
0.020,"Sample 68","B3478/S067",1,"Structured Dynamic","",500,500,0.240,true,25389,0.101556,0.117388,0.101262,0.117011,250000,1.000000,-0.017790,0.000000,0,0.002091
0.020,"Sample 69","B023467/S05",1,"Disordered","",500,500,0.240,true,123267,0.493068,0.749084,0.492648,0.748976,250000,1.000000,-0.000359,0.000000,0,0.000097
0.020,"Sample 70","B1457/S2457",1,"Disordered","",500,500,0.240,true,153095,0.612380,0.458152,0.611503,0.458731,250000,1.000000,0.004174,0.000000,0,0.000073
0.020,"Sample 71","B12357/S456",1,"Disordered","",500,500,0.240,true,159278,0.637112,0.401280,0.637181,0.401284,250000,1.000000,-0.000211,0.000000,0,0.000035
0.020,"Sample 72","B028/S1234578",1,"Disordered","",500,500,0.240,true,125095,0.500380,0.032680,0.500468,0.032618,250000,1.000000,-0.000050,0.000000,0,0.000136
0.020,"Sample 73","B3678/S2348",1,"Disordered","",500,500,0.240,true,121481,0.485924,0.371572,0.484458,0.373024,250000,1.000000,0.007474,0.000000,0,0.000022
0.020,"Sample 74","B047/S02378",1,"Structured Dynamic","",500,500,0.240,true,78996,0.315984,0.284140,0.315778,0.284296,250000,1.000000,0.000300,0.000000,0,0.000296
0.020,"Sample 75","B2457/S1235678",1,"Disordered","",500,500,0.240,true,229196,0.916784,0.038752,0.917206,0.039024,250000,1.000000,0.010111,0.000000,0,0.000080
0.020,"Sample 76","B01346/S013568",1,"Disordered","",500,500,0.240,true,152048,0.608192,0.442676,0.607215,0.442860,250000,1.000000,-0.000335,0.000000,0,0.000117
0.020,"Sample 77","B0347/S2567",1,"Disordered","",500,500,0.240,true,131768,0.527072,0.470220,0.528323,0.472179,250000,1.000000,0.003063,0.000000,0,0.000293
0.020,"Sample 78","B134/S123578",1,"Disordered","",500,500,0.240,true,135691,0.542764,0.434128,0.542349,0.434754,250000,1.000000,-0.000435,0.000000,0,0.000109
0.020,"Sample 79","B0234678/S12567",1,"Expanding","",500,500,0.240,true,177127,0.708508,0.433704,0.710351,0.431461,250000,1.000000,0.000652,0.000000,0,0.000044
0.020,"Sample 80","B2568/S0156",1,"Structured Dynamic","",500,500,0.240,true,86632,0.346528,0.479324,0.346337,0.478114,250000,1.000000,-0.000546,0.000000,0,0.000132
0.020,"Sample 81","B17/S2348",1,"Disordered","",500,500,0.240,true,99738,0.398952,0.104672,0.398710,0.104056,250000,1.000000,0.001394,0.000000,0,0.000114
0.020,"Sample 82","B012/S02457",1,"Disordered","",500,500,0.240,true,107041,0.428164,0.358108,0.428040,0.358603,250000,1.000000,-0.002044,0.000000,0,0.000056
0.020,"Sample 83","B0123468/S145",1,"Disordered","",500,500,0.240,true,31002,0.124008,0.910928,0.510221,0.921488,250000,1.000000,-0.002643,0.000000,0,0.001776
0.020,"Sample 84","B012357/S023467",1,"Disordered","",500,500,0.240,true,156888,0.627552,0.393620,0.627779,0.396043,250000,1.000000,-0.001909,0.000000,0,0.000061
0.020,"Sample 85","B01248/S0358",1,"Disordered","",500,500,0.240,true,115373,0.461492,0.531204,0.461989,0.529553,250000,1.000000,-0.001865,0.000000,0,0.000088
0.020,"Sample 86","B568/S016",1,"Structured Dynamic","",500,500,0.240,true,39561,0.158244,0.034736,0.158198,0.034877,250000,1.000000,0.002764,0.000000,0,0.000430
0.020,"Sample 87","B012456/S0137",1,"Disordered","",500,500,0.240,true,125674,0.502696,0.717608,0.505387,0.717343,250000,1.000000,-0.001922,0.000000,0,0.000048
0.020,"Sample 88","B016/S128",1,"Disordered","",500,500,0.240,true,88237,0.352948,0.440936,0.353032,0.442360,250000,1.000000,-0.000683,0.000000,0,0.000046
0.020,"Sample 89","B012348/S2346",1,"Disordered","",500,500,0.240,true,59135,0.236540,0.734968,0.550392,0.762037,250000,1.000000,-0.000711,0.000000,0,0.001294
0.020,"Sample 90","B345678/S012368",1,"Disordered","",500,500,0.240,true,155633,0.622532,0.721164,0.622699,0.720861,250000,1.000000,0.003604,0.000000,0,0.000015
0.020,"Sample 91","B013578/S147",1,"Disordered","",500,500,0.240,true,109184,0.436736,0.578788,0.436354,0.576616,250000,1.000000,-0.000807,0.000000,0,0.000094
0.020,"Sample 92","B127/S14568",1,"Disordered","",500,500,0.240,true,113490,0.453960,0.334336,0.452343,0.335330,250000,1.000000,-0.001880,0.000000,0,0.000162
0.020,"Sample 93","B13568/S015678",1,"Disordered","",500,500,0.240,true,241572,0.966288,0.039164,0.966772,0.039041,250000,1.000000,0.049740,0.000000,0,0.000282
0.020,"Sample 94","B0235/S0123",1,"Disordered","",500,500,0.240,true,109398,0.437592,0.654264,0.441415,0.652855,250000,1.000000,-0.000128,0.000000,0,0.000353
0.020,"Sample 95","B568/S0135",1,"Structured Dynamic","",500,500,0.240,true,40530,0.162120,0.033696,0.161831,0.034808,250000,1.000000,0.001261,0.000000,0,0.000437
0.020,"Sample 96","B01567/S17",1,"Structured Dynamic","",500,500,0.240,true,83994,0.335976,0.533436,0.336204,0.532613,250000,1.000000,-0.000414,0.000000,0,0.000073
0.020,"Sample 97","B01357/S0148",1,"Disordered","",500,500,0.240,true,108551,0.434204,0.579752,0.435241,0.580471,250000,1.000000,-0.000965,0.000000,0,0.000067
0.020,"Sample 98","B1258/S03678",1,"Disordered","",500,500,0.240,true,103165,0.412660,0.520356,0.414031,0.519260,250000,1.000000,-0.001667,0.000000,0,0.000072
0.050,"Conway Life","B3/S23",1,"Structured Dynamic","",500,500,0.240,true,79751,0.319004,0.327756,0.319555,0.327039,250000,1.000000,0.001975,0.000000,0,0.000347
0.050,"HighLife","B36/S23",1,"Structured Dynamic","",500,500,0.240,true,87107,0.348428,0.364344,0.346978,0.364910,250000,1.000000,0.002469,0.000000,0,0.000263
0.050,"Sample 01","B23678/S348",1,"Disordered","",500,500,0.240,true,122446,0.489784,0.500704,0.490441,0.501086,250000,1.000000,0.000429,0.000000,0,0.000050
0.050,"Sample 02","B0467/S02356",1,"Disordered","",500,500,0.240,true,136211,0.544844,0.399200,0.544472,0.399397,250000,1.000000,0.008734,0.000000,0,0.000313
0.050,"Sample 03","B01348/S018",1,"Disordered","",500,500,0.240,true,102192,0.408768,0.711596,0.412225,0.711491,250000,1.000000,-0.001395,0.000000,0,0.000040
0.050,"Sample 04","B234/S0135",1,"Disordered","",500,500,0.240,true,124735,0.498940,0.562944,0.500312,0.564466,250000,1.000000,-0.000182,0.000000,0,0.000039
0.050,"Sample 05","B045678/S678",1,"Structured Dynamic","",500,500,0.240,true,65857,0.263428,0.459320,0.264423,0.461700,250000,1.000000,0.000310,0.000000,0,0.000053
0.050,"Sample 06","B3467/S0356",1,"Disordered","",500,500,0.240,true,152388,0.609552,0.496600,0.608435,0.496303,250000,1.000000,0.010006,0.000000,0,0.000210
0.050,"Sample 07","B0378/S12368",1,"Disordered","",500,500,0.240,true,106164,0.424656,0.350256,0.424773,0.349372,250000,1.000000,0.000103,0.000000,0,0.000148
0.050,"Sample 08","B36/S06",1,"Structured Dynamic","",500,500,0.240,true,35559,0.142236,0.197432,0.143287,0.201099,250000,1.000000,-0.002393,0.000000,0,0.001167
0.050,"Sample 09","B1234567/S56",1,"Expanding","",500,500,0.240,true,164343,0.657372,0.624428,0.655829,0.624303,250000,1.000000,-0.000597,0.000000,0,0.000031
0.050,"Sample 10","B13568/S13567",1,"Expanding","",500,500,0.240,true,178999,0.715996,0.350580,0.716137,0.350681,250000,1.000000,0.004488,0.000000,0,0.000083
0.050,"Sample 11","B01467/S0134",1,"Disordered","",500,500,0.240,true,118894,0.475576,0.459400,0.475478,0.458207,250000,1.000000,-0.000456,0.000000,0,0.000085
0.050,"Sample 12","B1578/S035678",1,"Disordered","",500,500,0.240,true,109755,0.439020,0.322172,0.427608,0.326481,250000,1.000000,0.062250,0.000000,0,0.004609
0.050,"Sample 13","B1235678/S013578",1,"Disordered","",500,500,0.240,true,152599,0.610396,0.587912,0.608889,0.588748,250000,1.000000,-0.002676,0.000000,0,0.000100
0.050,"Sample 14","B0346/S1235",1,"Disordered","",500,500,0.240,true,131864,0.527456,0.526456,0.528156,0.526939,250000,1.000000,0.000406,0.000000,0,0.000073
0.050,"Sample 15","B24567/S03467",1,"Expanding","",500,500,0.240,true,179124,0.716496,0.481312,0.715898,0.480957,250000,1.000000,0.004704,0.000000,0,0.000096
0.050,"Sample 16","B1245/S2358",1,"Disordered","",500,500,0.240,true,134117,0.536468,0.548764,0.536818,0.549326,250000,1.000000,-0.000209,0.000000,0,0.000099
0.050,"Sample 17","B0123678/S035",1,"Disordered","",500,500,0.240,true,123681,0.494724,0.591348,0.493150,0.589928,250000,1.000000,-0.001974,0.000000,0,0.000065
0.050,"Sample 18","B12457/S2367",1,"Disordered","",500,500,0.240,true,137303,0.549212,0.580060,0.547315,0.581994,250000,1.000000,-0.000865,0.000000,0,0.000087
0.050,"Sample 19","B03568/S4568",1,"Expanding","",500,500,0.240,true,169468,0.677872,0.399040,0.676627,0.399751,250000,1.000000,0.018872,0.000000,0,0.000126
0.050,"Sample 20","B378/S01678",1,"Structured Dynamic","",500,500,0.240,true,62056,0.248224,0.322400,0.248027,0.322366,250000,1.000000,-0.000137,0.000000,0,0.000875
0.050,"Sample 21","B0268/S346",1,"Disordered","",500,500,0.240,true,99935,0.399740,0.353624,0.399216,0.355410,250000,1.000000,-0.000156,0.000000,0,0.000198
0.050,"Sample 22","B02468/S0245678",1,"Expanding","",500,500,0.240,true,228551,0.914204,0.091436,0.913872,0.091949,250000,1.000000,0.011872,0.000000,0,0.000053
0.050,"Sample 23","B056/S1278",1,"Structured Dynamic","",500,500,0.240,true,69475,0.277900,0.212108,0.276607,0.211959,250000,1.000000,-0.000020,0.000000,0,0.000081
0.050,"Sample 24","B13678/S03458",1,"Disordered","",500,500,0.240,true,138576,0.554304,0.377748,0.553204,0.376039,250000,1.000000,0.001286,0.000000,0,0.000035
0.050,"Sample 25","B234/S2345",1,"Disordered","",500,500,0.240,true,139018,0.556072,0.320520,0.556518,0.321555,250000,1.000000,0.000591,0.000000,0,0.000026
0.050,"Sample 26","B24/S3456",1,"Disordered","",500,500,0.240,true,154998,0.619992,0.130668,0.620759,0.130683,250000,1.000000,0.004575,0.000000,0,0.000067
0.050,"Sample 27","B01457/S0236",1,"Disordered","",500,500,0.240,true,123578,0.494312,0.539900,0.495460,0.541866,250000,1.000000,0.000029,0.000000,0,0.000128
0.050,"Sample 28","B134568/S12568",1,"Expanding","",500,500,0.240,true,164258,0.657032,0.540024,0.658456,0.540174,250000,1.000000,0.000736,0.000000,0,0.000110
0.050,"Sample 29","B0568/S134",1,"Structured Dynamic","",500,500,0.240,true,72298,0.289192,0.249376,0.291645,0.248648,250000,1.000000,0.000478,0.000000,0,0.000430
0.050,"Sample 30","B6/S013678",1,"Structured Dynamic","",500,500,0.240,true,45410,0.181640,0.082008,0.182176,0.082011,250000,1.000000,0.000393,0.000000,0,0.000721
0.050,"Sample 31","B0167/S012",1,"Disordered","",500,500,0.240,true,88589,0.354356,0.367152,0.352556,0.362938,250000,1.000000,-0.001310,0.000000,0,0.000234
0.050,"Sample 32","B123567/S012357",1,"Disordered","",500,500,0.240,true,152832,0.611328,0.567792,0.610379,0.569430,250000,1.000000,-0.001274,0.000000,0,0.000026
0.050,"Sample 33","B03/S3456",1,"Disordered","",500,500,0.240,true,142071,0.568284,0.128360,0.567999,0.127994,250000,1.000000,0.006424,0.000000,0,0.000130
0.050,"Sample 34","B1367/S026",1,"Disordered","",500,500,0.240,true,96353,0.385412,0.541232,0.384791,0.540663,250000,1.000000,-0.000595,0.000000,0,0.000080
0.050,"Sample 35","B1478/S1247",1,"Disordered","",500,500,0.240,true,105020,0.420080,0.403828,0.420645,0.404755,250000,1.000000,-0.000194,0.000000,0,0.000127
0.050,"Sample 36","B123457/S01468",1,"Disordered","",500,500,0.240,true,147703,0.590812,0.629244,0.590521,0.628601,250000,1.000000,-0.001330,0.000000,0,0.000026
0.050,"Sample 37","B25/S012678",1,"Disordered","",500,500,0.240,true,93639,0.374556,0.440444,0.375574,0.441130,250000,1.000000,-0.000307,0.000000,0,0.000205
0.050,"Sample 38","B267/S026",1,"Structured Dynamic","",500,500,0.240,true,80094,0.320376,0.426052,0.322673,0.424853,250000,1.000000,-0.000276,0.000000,0,0.000137
0.050,"Sample 39","B01236/S1347",1,"Disordered","",500,500,0.240,true,128362,0.513448,0.497924,0.513565,0.497528,250000,1.000000,-0.002156,0.000000,0,0.000044
0.050,"Sample 40","B034568/S012368",1,"Disordered","",500,500,0.240,true,148221,0.592884,0.671076,0.591151,0.672239,250000,1.000000,0.000459,0.000000,0,0.000036
0.050,"Sample 41","B1378/S0357",1,"Disordered","",500,500,0.240,true,101440,0.405760,0.458944,0.405343,0.457013,250000,1.000000,-0.000559,0.000000,0,0.000038
0.050,"Sample 42","B047/S37",1,"Structured Dynamic","",500,500,0.240,true,66587,0.266348,0.394784,0.265378,0.394190,250000,1.000000,-0.000087,0.000000,0,0.000032
0.050,"Sample 43","B01257/S02368",1,"Disordered","",500,500,0.240,true,113889,0.455556,0.462428,0.458145,0.460521,250000,1.000000,-0.002131,0.000000,0,0.000148
0.050,"Sample 44","B04567/S1238",1,"Disordered","",500,500,0.240,true,111486,0.445944,0.505952,0.446442,0.507337,250000,1.000000,0.000931,0.000000,0,0.000013
0.050,"Sample 45","B0134/S124678",1,"Disordered","",500,500,0.240,true,133916,0.535664,0.453964,0.537120,0.453156,250000,1.000000,-0.001168,0.000000,0,0.000075
0.050,"Sample 46","B03468/S3578",1,"Disordered","",500,500,0.240,true,134439,0.537756,0.550196,0.536814,0.548888,250000,1.000000,0.002967,0.000000,0,0.000083
0.050,"Sample 47","B015678/S0123567",1,"Expanding","",500,500,0.240,true,168898,0.675592,0.361500,0.675506,0.362829,250000,1.000000,0.003838,0.000000,0,0.000100
0.050,"Sample 48","B034678/S0137",1,"Disordered","",500,500,0.240,true,118334,0.473336,0.637872,0.472044,0.638972,250000,1.000000,0.000372,0.000000,0,0.000066
0.050,"Sample 49","B2/S014678",1,"Structured Dynamic","",500,500,0.240,true,82833,0.331332,0.389324,0.332109,0.388593,250000,1.000000,-0.000203,0.000000,0,0.000164
0.050,"Sample 50","B023678/S123578",1,"Disordered","",500,500,0.240,true,134049,0.536196,0.443536,0.536366,0.443433,250000,1.000000,-0.001371,0.000000,0,0.000045
0.050,"Sample 51","B12/S023478",1,"Disordered","",500,500,0.240,true,110554,0.442216,0.198412,0.442377,0.197610,250000,1.000000,-0.001126,0.000000,0,0.000227
0.050,"Sample 52","B12578/S023567",1,"Disordered","",500,500,0.240,true,155566,0.622264,0.332228,0.620673,0.333207,250000,1.000000,0.000452,0.000000,0,0.000211
0.050,"Sample 53","B0147/S03578",1,"Disordered","",500,500,0.240,true,99549,0.398196,0.448132,0.399247,0.446887,250000,1.000000,-0.000879,0.000000,0,0.000183
0.050,"Sample 54","B12467/S024567",1,"Expanding","",500,500,0.240,true,184157,0.736628,0.303772,0.739112,0.302298,250000,1.000000,0.001310,0.000000,0,0.000108
0.050,"Sample 55","B123457/S23467",1,"Expanding","",500,500,0.240,true,168148,0.672592,0.450000,0.673280,0.448592,250000,1.000000,-0.000829,0.000000,0,0.000024
0.050,"Sample 56","B13568/S1468",1,"Disordered","",500,500,0.240,true,124735,0.498940,0.576060,0.499978,0.575628,250000,1.000000,0.000358,0.000000,0,0.000112
0.050,"Sample 57","B01368/S13568",1,"Disordered","",500,500,0.240,true,119786,0.479144,0.412136,0.478866,0.412796,250000,1.000000,-0.001469,0.000000,0,0.000146
0.050,"Sample 58","B148/S0368",1,"Structured Dynamic","",500,500,0.240,true,86516,0.346064,0.451140,0.346139,0.451988,250000,1.000000,-0.000323,0.000000,0,0.000095
0.050,"Sample 59","B01236/S012578",1,"Disordered","",500,500,0.240,true,128579,0.514316,0.534424,0.511340,0.532880,250000,1.000000,-0.005484,0.000000,0,0.000120
0.050,"Sample 60","B348/S023468",1,"Disordered","",500,500,0.240,true,137860,0.551440,0.382240,0.551880,0.380076,250000,1.000000,0.003025,0.000000,0,0.000033
0.050,"Sample 61","B1457/S01567",1,"Disordered","",500,500,0.240,true,108924,0.435696,0.539136,0.435131,0.540903,250000,1.000000,0.003387,0.000000,0,0.000577
0.050,"Sample 62","B237/S0134567",1,"Expanding","",500,500,0.240,true,170746,0.682984,0.143012,0.683768,0.142900,250000,1.000000,0.001704,0.000000,0,0.000088
0.050,"Sample 63","B014568/S2467",1,"Disordered","",500,500,0.240,true,159360,0.637440,0.523436,0.635604,0.525073,250000,1.000000,0.003323,0.000000,0,0.000051
0.050,"Sample 64","B0123578/S0145",1,"Disordered","",500,500,0.240,true,137218,0.548872,0.549820,0.549551,0.549870,250000,1.000000,0.000531,0.000000,0,0.000075
0.050,"Sample 65","B1268/S34",1,"Disordered","",500,500,0.240,true,104681,0.418724,0.424000,0.416979,0.422909,250000,1.000000,-0.000595,0.000000,0,0.000023
0.050,"Sample 66","B3458/S0347",1,"Disordered","",500,500,0.240,true,135223,0.540892,0.575344,0.539788,0.577120,250000,1.000000,0.004519,0.000000,0,0.000077
0.050,"Sample 67","B56/S7",1,"Structured Dynamic","",500,500,0.240,true,12457,0.049828,0.095156,0.050029,0.095074,250000,1.000000,-0.000102,0.000000,0,0.000070
0.050,"Sample 68","B3478/S067",1,"Structured Dynamic","",500,500,0.240,true,70105,0.280420,0.491224,0.278893,0.489002,250000,1.000000,0.000786,0.000000,0,0.000801
0.050,"Sample 69","B023467/S05",1,"Disordered","",500,500,0.240,true,123032,0.492128,0.733028,0.492019,0.735070,250000,1.000000,-0.000536,0.000000,0,0.000013
0.050,"Sample 70","B1457/S2457",1,"Disordered","",500,500,0.240,true,151557,0.606228,0.461044,0.605664,0.461321,250000,1.000000,0.003779,0.000000,0,0.000087
0.050,"Sample 71","B12357/S456",1,"Disordered","",500,500,0.240,true,157298,0.629192,0.402272,0.630859,0.403595,250000,1.000000,-0.000398,0.000000,0,0.000017
0.050,"Sample 72","B028/S1234578",1,"Disordered","",500,500,0.240,true,125236,0.500944,0.076644,0.500406,0.076281,250000,1.000000,-0.000186,0.000000,0,0.000044
0.050,"Sample 73","B3678/S2348",1,"Disordered","",500,500,0.240,true,121301,0.485204,0.382064,0.486093,0.381842,250000,1.000000,0.005549,0.000000,0,0.000095
0.050,"Sample 74","B047/S02378",1,"Structured Dynamic","",500,500,0.240,true,84283,0.337132,0.312128,0.336091,0.313824,250000,1.000000,-0.000033,0.000000,0,0.000084
0.050,"Sample 75","B2457/S1235678",1,"Expanding","",500,500,0.240,true,219412,0.877648,0.102740,0.878568,0.101850,250000,1.000000,0.009816,0.000000,0,0.000033
0.050,"Sample 76","B01346/S013568",1,"Disordered","",500,500,0.240,true,150508,0.602032,0.449864,0.600611,0.451519,250000,1.000000,-0.000225,0.000000,0,0.000039
0.050,"Sample 77","B0347/S2567",1,"Disordered","",500,500,0.240,true,130214,0.520856,0.484124,0.519867,0.484941,250000,1.000000,0.002798,0.000000,0,0.000087
0.050,"Sample 78","B134/S123578",1,"Disordered","",500,500,0.240,true,134374,0.537496,0.440900,0.539466,0.440343,250000,1.000000,-0.000369,0.000000,0,0.000135
0.050,"Sample 79","B0234678/S12567",1,"Expanding","",500,500,0.240,true,176109,0.704436,0.428332,0.702767,0.430274,250000,1.000000,0.000528,0.000000,0,0.000151
0.050,"Sample 80","B2568/S0156",1,"Disordered","",500,500,0.240,true,89315,0.357260,0.485828,0.356330,0.486113,250000,1.000000,0.000168,0.000000,0,0.000350
0.050,"Sample 81","B17/S2348",1,"Disordered","",500,500,0.240,true,97381,0.389524,0.158560,0.387932,0.158713,250000,1.000000,0.000519,0.000000,0,0.000148
0.050,"Sample 82","B012/S02457",1,"Disordered","",500,500,0.240,true,107828,0.431312,0.360700,0.430048,0.359980,250000,1.000000,-0.001951,0.000000,0,0.000114
0.050,"Sample 83","B0123468/S145",1,"Disordered","",500,500,0.240,true,138894,0.555576,0.667900,0.557754,0.668076,250000,1.000000,0.002352,0.000000,0,0.000297
0.050,"Sample 84","B012357/S023467",1,"Disordered","",500,500,0.240,true,154513,0.618052,0.406300,0.620200,0.403908,250000,1.000000,-0.002071,0.000000,0,0.000085
0.050,"Sample 85","B01248/S0358",1,"Disordered","",500,500,0.240,true,116105,0.464420,0.522760,0.462818,0.524019,250000,1.000000,-0.001572,0.000000,0,0.000138
0.050,"Sample 86","B568/S016",1,"Structured Dynamic","",500,500,0.240,true,42999,0.171996,0.085788,0.171751,0.086579,250000,1.000000,0.000705,0.000000,0,0.000669
0.050,"Sample 87","B012456/S0137",1,"Disordered","",500,500,0.240,true,126389,0.505556,0.704640,0.505356,0.704985,250000,1.000000,-0.001689,0.000000,0,0.000052
0.050,"Sample 88","B016/S128",1,"Disordered","",500,500,0.240,true,88473,0.353892,0.426760,0.350666,0.428990,250000,1.000000,-0.000640,0.000000,0,0.000061
0.050,"Sample 89","B012348/S2346",1,"Disordered","",500,500,0.240,true,141181,0.564724,0.571428,0.568128,0.572003,250000,1.000000,-0.000363,0.000000,0,0.000568
0.050,"Sample 90","B345678/S012368",1,"Disordered","",500,500,0.240,true,153832,0.615328,0.708508,0.615620,0.708708,250000,1.000000,0.003241,0.000000,0,0.000028
0.050,"Sample 91","B013578/S147",1,"Disordered","",500,500,0.240,true,109848,0.439392,0.572384,0.439560,0.572014,250000,1.000000,-0.001026,0.000000,0,0.000031
0.050,"Sample 92","B127/S14568",1,"Disordered","",500,500,0.240,true,112237,0.448948,0.350368,0.449834,0.349669,250000,1.000000,-0.001633,0.000000,0,0.000112
0.050,"Sample 93","B13568/S015678",1,"Expanding","",500,500,0.240,true,228526,0.914104,0.098164,0.913335,0.099013,250000,1.000000,0.052673,0.000000,0,0.000623
0.050,"Sample 94","B0235/S0123",1,"Disordered","",500,500,0.240,true,113087,0.452348,0.620564,0.448171,0.623523,250000,1.000000,-0.000391,0.000000,0,0.000088
0.050,"Sample 95","B568/S0135",1,"Structured Dynamic","",500,500,0.240,true,45385,0.181540,0.086480,0.182255,0.086905,250000,1.000000,0.000019,0.000000,0,0.000156
0.050,"Sample 96","B01567/S17",1,"Structured Dynamic","",500,500,0.240,true,83018,0.332072,0.517144,0.334389,0.518820,250000,1.000000,-0.000517,0.000000,0,0.000031
0.050,"Sample 97","B01357/S0148",1,"Disordered","",500,500,0.240,true,109832,0.439328,0.576404,0.438162,0.575084,250000,1.000000,-0.000974,0.000000,0,0.000020
0.050,"Sample 98","B1258/S03678",1,"Disordered","",500,500,0.240,true,103847,0.415388,0.517692,0.415453,0.516957,250000,1.000000,-0.001228,0.000000,0,0.000071
0.100,"Conway Life","B3/S23",1,"Disordered","",500,500,0.240,true,89745,0.358980,0.375936,0.361739,0.376720,250000,1.000000,0.001007,0.000000,0,0.000300
0.100,"HighLife","B36/S23",1,"Disordered","",500,500,0.240,true,96386,0.385544,0.410612,0.383875,0.409319,250000,1.000000,0.001717,0.000000,0,0.000154
0.100,"Sample 01","B23678/S348",1,"Disordered","",500,500,0.240,true,122511,0.490044,0.498696,0.491008,0.498802,250000,1.000000,0.000473,0.000000,0,0.000097
0.100,"Sample 02","B0467/S02356",1,"Disordered","",500,500,0.240,true,135820,0.543280,0.412296,0.545364,0.413101,250000,1.000000,0.006375,0.000000,0,0.000232
0.100,"Sample 03","B01348/S018",1,"Disordered","",500,500,0.240,true,103557,0.414228,0.684904,0.414221,0.685802,250000,1.000000,-0.001101,0.000000,0,0.000074
0.100,"Sample 04","B234/S0135",1,"Disordered","",500,500,0.240,true,125701,0.502804,0.556220,0.504729,0.557669,250000,1.000000,-0.000246,0.000000,0,0.000053
0.100,"Sample 05","B045678/S678",1,"Structured Dynamic","",500,500,0.240,true,66095,0.264380,0.458844,0.265685,0.460367,250000,1.000000,0.000198,0.000000,0,0.000225
0.100,"Sample 06","B3467/S0356",1,"Disordered","",500,500,0.240,true,149589,0.598356,0.496812,0.598061,0.498650,250000,1.000000,0.007121,0.000000,0,0.000050
0.100,"Sample 07","B0378/S12368",1,"Disordered","",500,500,0.240,true,106940,0.427760,0.377228,0.429802,0.374289,250000,1.000000,0.000171,0.000000,0,0.000128
0.100,"Sample 08","B36/S06",1,"Structured Dynamic","",500,500,0.240,true,59264,0.237056,0.379768,0.235936,0.380140,250000,1.000000,-0.000165,0.000000,0,0.000445
0.100,"Sample 09","B1234567/S56",1,"Disordered","",500,500,0.240,true,160281,0.641124,0.619544,0.643216,0.621269,250000,1.000000,-0.000164,0.000000,0,0.000108
0.100,"Sample 10","B13568/S13567",1,"Expanding","",500,500,0.240,true,172593,0.690372,0.379228,0.690725,0.379224,250000,1.000000,0.004516,0.000000,0,0.000165
0.100,"Sample 11","B01467/S0134",1,"Disordered","",500,500,0.240,true,120162,0.480648,0.462680,0.480353,0.463587,250000,1.000000,0.000009,0.000000,0,0.000055
0.100,"Sample 12","B1578/S035678",1,"Disordered","",500,500,0.240,true,93883,0.375532,0.373616,0.374546,0.372317,250000,1.000000,0.002087,0.000000,0,0.000575
0.100,"Sample 13","B1235678/S013578",1,"Disordered","",500,500,0.240,true,148062,0.592248,0.577896,0.593732,0.579025,250000,1.000000,-0.001962,0.000000,0,0.000081
0.100,"Sample 14","B0346/S1235",1,"Disordered","",500,500,0.240,true,131878,0.527512,0.525140,0.529979,0.523432,250000,1.000000,0.000291,0.000000,0,0.000042
0.100,"Sample 15","B24567/S03467",1,"Expanding","",500,500,0.240,true,173899,0.695596,0.499008,0.694052,0.498681,250000,1.000000,0.004030,0.000000,0,0.000075
0.100,"Sample 16","B1245/S2358",1,"Disordered","",500,500,0.240,true,134344,0.537376,0.541744,0.536726,0.541516,250000,1.000000,-0.000359,0.000000,0,0.000016
0.100,"Sample 17","B0123678/S035",1,"Disordered","",500,500,0.240,true,122991,0.491964,0.562432,0.491831,0.561986,250000,1.000000,-0.001528,0.000000,0,0.000081
0.100,"Sample 18","B12457/S2367",1,"Disordered","",500,500,0.240,true,135845,0.543380,0.573652,0.542515,0.574449,250000,1.000000,-0.000644,0.000000,0,0.000065
0.100,"Sample 19","B03568/S4568",1,"Expanding","",500,500,0.240,true,164812,0.659248,0.412144,0.658059,0.412910,250000,1.000000,0.014677,0.000000,0,0.000102
0.100,"Sample 20","B378/S01678",1,"Structured Dynamic","",500,500,0.240,true,73180,0.292720,0.404444,0.293146,0.403640,250000,1.000000,0.000100,0.000000,0,0.000190
0.100,"Sample 21","B0268/S346",1,"Disordered","",500,500,0.240,true,103038,0.412152,0.367532,0.411128,0.366175,250000,1.000000,0.000010,0.000000,0,0.000050
0.100,"Sample 22","B02468/S0245678",1,"Expanding","",500,500,0.240,true,207401,0.829604,0.174008,0.829422,0.173082,250000,1.000000,0.008962,0.000000,0,0.000109
0.100,"Sample 23","B056/S1278",1,"Structured Dynamic","",500,500,0.240,true,72292,0.289168,0.263740,0.291059,0.263100,250000,1.000000,0.000125,0.000000,0,0.000107
0.100,"Sample 24","B13678/S03458",1,"Disordered","",500,500,0.240,true,137544,0.550176,0.386160,0.549013,0.386591,250000,1.000000,0.000925,0.000000,0,0.000057
0.100,"Sample 25","B234/S2345",1,"Disordered","",500,500,0.240,true,139150,0.556600,0.385112,0.556289,0.383768,250000,1.000000,0.000177,0.000000,0,0.000118
0.100,"Sample 26","B24/S3456",1,"Disordered","",500,500,0.240,true,150453,0.601812,0.210384,0.601493,0.211922,250000,1.000000,0.003477,0.000000,0,0.000077
0.100,"Sample 27","B01457/S0236",1,"Disordered","",500,500,0.240,true,124584,0.498336,0.540272,0.496472,0.539466,250000,1.000000,0.000038,0.000000,0,0.000039
0.100,"Sample 28","B134568/S12568",1,"Disordered","",500,500,0.240,true,160318,0.641272,0.552372,0.642329,0.552625,250000,1.000000,0.000744,0.000000,0,0.000026
0.100,"Sample 29","B0568/S134",1,"Structured Dynamic","",500,500,0.240,true,79825,0.319300,0.281684,0.319617,0.281001,250000,1.000000,0.000807,0.000000,0,0.000130
0.100,"Sample 30","B6/S013678",1,"Structured Dynamic","",500,500,0.240,true,54247,0.216988,0.156560,0.218481,0.157655,250000,1.000000,0.000021,0.000000,0,0.000242
0.100,"Sample 31","B0167/S012",1,"Disordered","",500,500,0.240,true,88713,0.354852,0.376540,0.354775,0.375039,250000,1.000000,-0.001061,0.000000,0,0.000053
0.100,"Sample 32","B123567/S012357",1,"Disordered","",500,500,0.240,true,150225,0.600900,0.560676,0.600254,0.559712,250000,1.000000,-0.001097,0.000000,0,0.000079
0.100,"Sample 33","B03/S3456",1,"Disordered","",500,500,0.240,true,136081,0.544324,0.202968,0.543675,0.203240,250000,1.000000,0.004148,0.000000,0,0.000026
0.100,"Sample 34","B1367/S026",1,"Disordered","",500,500,0.240,true,98283,0.393132,0.536680,0.393174,0.537339,250000,1.000000,-0.000447,0.000000,0,0.000046
0.100,"Sample 35","B1478/S1247",1,"Disordered","",500,500,0.240,true,107110,0.428440,0.418132,0.428344,0.419343,250000,1.000000,-0.000208,0.000000,0,0.000206
0.100,"Sample 36","B123457/S01468",1,"Disordered","",500,500,0.240,true,145984,0.583936,0.619492,0.583174,0.618806,250000,1.000000,-0.000967,0.000000,0,0.000089
0.100,"Sample 37","B25/S012678",1,"Disordered","",500,500,0.240,true,96163,0.384652,0.455960,0.386084,0.453362,250000,1.000000,-0.000277,0.000000,0,0.000074
0.100,"Sample 38","B267/S026",1,"Structured Dynamic","",500,500,0.240,true,84550,0.338200,0.438448,0.338638,0.439015,250000,1.000000,-0.000132,0.000000,0,0.000191
0.100,"Sample 39","B01236/S1347",1,"Disordered","",500,500,0.240,true,126975,0.507900,0.492088,0.510721,0.492150,250000,1.000000,-0.001944,0.000000,0,0.000108
0.100,"Sample 40","B034568/S012368",1,"Disordered","",500,500,0.240,true,145295,0.581180,0.654712,0.582688,0.654494,250000,1.000000,0.000472,0.000000,0,0.000023
0.100,"Sample 41","B1378/S0357",1,"Disordered","",500,500,0.240,true,103486,0.413944,0.456952,0.414208,0.457668,250000,1.000000,-0.000344,0.000000,0,0.000134
0.100,"Sample 42","B047/S37",1,"Structured Dynamic","",500,500,0.240,true,69743,0.278972,0.394588,0.279629,0.395040,250000,1.000000,-0.000053,0.000000,0,0.000078
0.100,"Sample 43","B01257/S02368",1,"Disordered","",500,500,0.240,true,114985,0.459940,0.467392,0.459784,0.465474,250000,1.000000,-0.001917,0.000000,0,0.000096
0.100,"Sample 44","B04567/S1238",1,"Disordered","",500,500,0.240,true,116032,0.464128,0.539964,0.464368,0.538398,250000,1.000000,0.001146,0.000000,0,0.000029
0.100,"Sample 45","B0134/S124678",1,"Disordered","",500,500,0.240,true,133006,0.532024,0.463892,0.531224,0.462848,250000,1.000000,-0.000866,0.000000,0,0.000107
0.100,"Sample 46","B03468/S3578",1,"Disordered","",500,500,0.240,true,133171,0.532684,0.544760,0.532687,0.544913,250000,1.000000,0.002009,0.000000,0,0.000053
0.100,"Sample 47","B015678/S0123567",1,"Expanding","",500,500,0.240,true,168898,0.675592,0.380488,0.676895,0.379439,250000,1.000000,0.003976,0.000000,0,0.000129
0.100,"Sample 48","B034678/S0137",1,"Disordered","",500,500,0.240,true,118697,0.474788,0.624624,0.475199,0.625430,250000,1.000000,0.000233,0.000000,0,0.000092
0.100,"Sample 49","B2/S014678",1,"Structured Dynamic","",500,500,0.240,true,86655,0.346620,0.403896,0.346268,0.401871,250000,1.000000,-0.000188,0.000000,0,0.000157
0.100,"Sample 50","B023678/S123578",1,"Disordered","",500,500,0.240,true,132466,0.529864,0.448564,0.531704,0.449390,250000,1.000000,-0.001226,0.000000,0,0.000029
0.100,"Sample 51","B12/S023478",1,"Disordered","",500,500,0.240,true,111767,0.447068,0.259712,0.444989,0.257419,250000,1.000000,-0.000963,0.000000,0,0.000046
0.100,"Sample 52","B12578/S023567",1,"Disordered","",500,500,0.240,true,147954,0.591816,0.357528,0.592722,0.356928,250000,1.000000,-0.000463,0.000000,0,0.000171
0.100,"Sample 53","B0147/S03578",1,"Disordered","",500,500,0.240,true,102137,0.408548,0.450680,0.409394,0.450553,250000,1.000000,-0.000814,0.000000,0,0.000157
0.100,"Sample 54","B12467/S024567",1,"Expanding","",500,500,0.240,true,183073,0.732292,0.320952,0.731410,0.320995,250000,1.000000,0.001809,0.000000,0,0.000058
0.100,"Sample 55","B123457/S23467",1,"Expanding","",500,500,0.240,true,164936,0.659744,0.461036,0.659625,0.460018,250000,1.000000,-0.000577,0.000000,0,0.000017
0.100,"Sample 56","B13568/S1468",1,"Disordered","",500,500,0.240,true,125004,0.500016,0.568200,0.500234,0.566794,250000,1.000000,0.000733,0.000000,0,0.000171
0.100,"Sample 57","B01368/S13568",1,"Disordered","",500,500,0.240,true,120295,0.481180,0.421924,0.480256,0.422002,250000,1.000000,-0.001183,0.000000,0,0.000109
0.100,"Sample 58","B148/S0368",1,"Disordered","",500,500,0.240,true,90602,0.362408,0.459368,0.363224,0.459736,250000,1.000000,0.000033,0.000000,0,0.000237
0.100,"Sample 59","B01236/S012578",1,"Disordered","",500,500,0.240,true,125465,0.501860,0.536648,0.502001,0.534846,250000,1.000000,-0.003747,0.000000,0,0.000033
0.100,"Sample 60","B348/S023468",1,"Disordered","",500,500,0.240,true,137154,0.548616,0.397428,0.549508,0.398463,250000,1.000000,0.002541,0.000000,0,0.000078
0.100,"Sample 61","B1457/S01567",1,"Disordered","",500,500,0.240,true,111866,0.447464,0.543052,0.447635,0.543828,250000,1.000000,0.001965,0.000000,0,0.000117
0.100,"Sample 62","B237/S0134567",1,"Expanding","",500,500,0.240,true,163467,0.653868,0.193700,0.655984,0.192871,250000,1.000000,0.001442,0.000000,0,0.000033
0.100,"Sample 63","B014568/S2467",1,"Disordered","",500,500,0.240,true,153759,0.615036,0.534708,0.615288,0.532947,250000,1.000000,0.002690,0.000000,0,0.000142
0.100,"Sample 64","B0123578/S0145",1,"Disordered","",500,500,0.240,true,135975,0.543900,0.534076,0.546483,0.532219,250000,1.000000,-0.000623,0.000000,0,0.000220
0.100,"Sample 65","B1268/S34",1,"Disordered","",500,500,0.240,true,105778,0.423112,0.424140,0.422740,0.423178,250000,1.000000,-0.000786,0.000000,0,0.000079
0.100,"Sample 66","B3458/S0347",1,"Disordered","",500,500,0.240,true,135060,0.540240,0.570764,0.540931,0.570888,250000,1.000000,0.003426,0.000000,0,0.000099
0.100,"Sample 67","B56/S7",1,"Structured Dynamic","",500,500,0.240,true,25322,0.101288,0.181288,0.100231,0.180418,250000,1.000000,-0.000079,0.000000,0,0.000197
0.100,"Sample 68","B3478/S067",1,"Structured Dynamic","",500,500,0.240,true,86364,0.345456,0.593604,0.346702,0.593338,250000,1.000000,0.001536,0.000000,0,0.000041
0.100,"Sample 69","B023467/S05",1,"Disordered","",500,500,0.240,true,123404,0.493616,0.711000,0.491721,0.710439,250000,1.000000,-0.000373,0.000000,0,0.000108
0.100,"Sample 70","B1457/S2457",1,"Disordered","",500,500,0.240,true,148818,0.595272,0.463176,0.595377,0.465891,250000,1.000000,0.003278,0.000000,0,0.000193
0.100,"Sample 71","B12357/S456",1,"Disordered","",500,500,0.240,true,154656,0.618624,0.411784,0.618314,0.412281,250000,1.000000,-0.000262,0.000000,0,0.000033
0.100,"Sample 72","B028/S1234578",1,"Disordered","",500,500,0.240,true,125280,0.501120,0.140200,0.500177,0.141134,250000,1.000000,-0.000334,0.000000,0,0.000266
0.100,"Sample 73","B3678/S2348",1,"Disordered","",500,500,0.240,true,121419,0.485676,0.395180,0.488305,0.396420,250000,1.000000,0.003412,0.000000,0,0.000027
0.100,"Sample 74","B047/S02378",1,"Disordered","",500,500,0.240,true,90921,0.363684,0.352452,0.365286,0.354911,250000,1.000000,0.000196,0.000000,0,0.000080
0.100,"Sample 75","B2457/S1235678",1,"Expanding","",500,500,0.240,true,197889,0.791556,0.224304,0.792058,0.223511,250000,1.000000,0.007419,0.000000,0,0.000246
0.100,"Sample 76","B01346/S013568",1,"Disordered","",500,500,0.240,true,147209,0.588836,0.463568,0.589441,0.463894,250000,1.000000,0.000029,0.000000,0,0.000052
0.100,"Sample 77","B0347/S2567",1,"Disordered","",500,500,0.240,true,127729,0.510916,0.497912,0.511114,0.498297,250000,1.000000,0.001850,0.000000,0,0.000220
0.100,"Sample 78","B134/S123578",1,"Disordered","",500,500,0.240,true,133171,0.532684,0.446932,0.534956,0.449033,250000,1.000000,-0.000613,0.000000,0,0.000007
0.100,"Sample 79","B0234678/S12567",1,"Expanding","",500,500,0.240,true,169759,0.679036,0.446912,0.679558,0.443747,250000,1.000000,0.000963,0.000000,0,0.000207
0.100,"Sample 80","B2568/S0156",1,"Disordered","",500,500,0.240,true,93160,0.372640,0.493864,0.372483,0.496110,250000,1.000000,0.000102,0.000000,0,0.000106
0.100,"Sample 81","B17/S2348",1,"Disordered","",500,500,0.240,true,97415,0.389660,0.209848,0.390244,0.211379,250000,1.000000,0.000229,0.000000,0,0.000205
0.100,"Sample 82","B012/S02457",1,"Disordered","",500,500,0.240,true,108744,0.434976,0.367172,0.433354,0.365417,250000,1.000000,-0.001778,0.000000,0,0.000010
0.100,"Sample 83","B0123468/S145",1,"Disordered","",500,500,0.240,true,141153,0.564612,0.588048,0.565059,0.589261,250000,1.000000,-0.000123,0.000000,0,0.000008
0.100,"Sample 84","B012357/S023467",1,"Disordered","",500,500,0.240,true,152042,0.608168,0.418712,0.607964,0.417117,250000,1.000000,-0.002081,0.000000,0,0.000030
0.100,"Sample 85","B01248/S0358",1,"Disordered","",500,500,0.240,true,116072,0.464288,0.515684,0.464958,0.516350,250000,1.000000,-0.001434,0.000000,0,0.000085
0.100,"Sample 86","B568/S016",1,"Structured Dynamic","",500,500,0.240,true,50505,0.202020,0.171908,0.200578,0.170368,250000,1.000000,0.000149,0.000000,0,0.000149
0.100,"Sample 87","B012456/S0137",1,"Disordered","",500,500,0.240,true,127198,0.508792,0.683112,0.505376,0.683751,250000,1.000000,-0.001492,0.000000,0,0.000115
0.100,"Sample 88","B016/S128",1,"Structured Dynamic","",500,500,0.240,true,87420,0.349680,0.414644,0.349331,0.411843,250000,1.000000,-0.000729,0.000000,0,0.000005
0.100,"Sample 89","B012348/S2346",1,"Disordered","",500,500,0.240,true,141424,0.565696,0.504944,0.567250,0.500835,250000,1.000000,-0.001427,0.000000,0,0.000069
0.100,"Sample 90","B345678/S012368",1,"Disordered","",500,500,0.240,true,150916,0.603664,0.686604,0.603794,0.687153,250000,1.000000,0.002392,0.000000,0,0.000084
0.100,"Sample 91","B013578/S147",1,"Disordered","",500,500,0.240,true,110980,0.443920,0.562996,0.445342,0.564223,250000,1.000000,-0.000898,0.000000,0,0.000130
0.100,"Sample 92","B127/S14568",1,"Disordered","",500,500,0.240,true,111662,0.446648,0.365840,0.447582,0.368696,250000,1.000000,-0.001680,0.000000,0,0.000036
0.100,"Sample 93","B13568/S015678",1,"Expanding","",500,500,0.240,true,190429,0.761716,0.282772,0.764074,0.280012,250000,1.000000,0.053622,0.000000,0,0.000974
0.100,"Sample 94","B0235/S0123",1,"Disordered","",500,500,0.240,true,114660,0.458640,0.601660,0.458593,0.601678,250000,1.000000,-0.000467,0.000000,0,0.000050
0.100,"Sample 95","B568/S0135",1,"Structured Dynamic","",500,500,0.240,true,57477,0.229908,0.174364,0.229395,0.174406,250000,1.000000,0.000201,0.000000,0,0.000404
0.100,"Sample 96","B01567/S17",1,"Structured Dynamic","",500,500,0.240,true,83609,0.334436,0.502832,0.334789,0.504221,250000,1.000000,-0.000832,0.000000,0,0.000025
0.100,"Sample 97","B01357/S0148",1,"Disordered","",500,500,0.240,true,110530,0.442120,0.565808,0.443482,0.566834,250000,1.000000,-0.000931,0.000000,0,0.000068
0.100,"Sample 98","B1258/S03678",1,"Disordered","",500,500,0.240,true,104603,0.418412,0.510860,0.418609,0.512771,250000,1.000000,-0.001344,0.000000,0,0.000124
0.200,"Conway Life","B3/S23",1,"Disordered","",500,500,0.240,true,100807,0.403228,0.425404,0.402680,0.425541,250000,1.000000,0.000477,0.000000,0,0.000064
0.200,"HighLife","B36/S23",1,"Disordered","",500,500,0.240,true,104956,0.419824,0.452244,0.419577,0.451417,250000,1.000000,0.000696,0.000000,0,0.000192
0.200,"Sample 01","B23678/S348",1,"Disordered","",500,500,0.240,true,123351,0.493404,0.495916,0.492683,0.496323,250000,1.000000,0.000165,0.000000,0,0.000052
0.200,"Sample 02","B0467/S02356",1,"Disordered","",500,500,0.240,true,134308,0.537232,0.435028,0.534596,0.434078,250000,1.000000,0.002960,0.000000,0,0.000094
0.200,"Sample 03","B01348/S018",1,"Disordered","",500,500,0.240,true,106390,0.425560,0.639716,0.425728,0.639574,250000,1.000000,-0.000832,0.000000,0,0.000055
0.200,"Sample 04","B234/S0135",1,"Disordered","",500,500,0.240,true,127175,0.508700,0.540964,0.509231,0.540736,250000,1.000000,-0.000234,0.000000,0,0.000101
0.200,"Sample 05","B045678/S678",1,"Structured Dynamic","",500,500,0.240,true,83336,0.333344,0.525048,0.332979,0.523318,250000,1.000000,0.000892,0.000000,0,0.000556
0.200,"Sample 06","B3467/S0356",1,"Disordered","",500,500,0.240,true,143028,0.572112,0.506540,0.571608,0.504581,250000,1.000000,0.003499,0.000000,0,0.000053
0.200,"Sample 07","B0378/S12368",1,"Disordered","",500,500,0.240,true,110838,0.443352,0.415068,0.442738,0.413121,250000,1.000000,0.000070,0.000000,0,0.000161
0.200,"Sample 08","B36/S06",1,"Structured Dynamic","",500,500,0.240,true,81271,0.325084,0.498504,0.325630,0.498076,250000,1.000000,-0.000061,0.000000,0,0.000054
0.200,"Sample 09","B1234567/S56",1,"Disordered","",500,500,0.240,true,151929,0.607716,0.616496,0.607771,0.617528,250000,1.000000,-0.000059,0.000000,0,0.000125
0.200,"Sample 10","B13568/S13567",1,"Disordered","",500,500,0.240,true,153402,0.613608,0.445436,0.614791,0.446459,250000,1.000000,0.002140,0.000000,0,0.000103
0.200,"Sample 11","B01467/S0134",1,"Disordered","",500,500,0.240,true,121682,0.486728,0.475260,0.487974,0.473597,250000,1.000000,-0.000274,0.000000,0,0.000097
0.200,"Sample 12","B1578/S035678",1,"Disordered","",500,500,0.240,true,103400,0.413600,0.402808,0.413108,0.403203,250000,1.000000,0.001050,0.000000,0,0.000357
0.200,"Sample 13","B1235678/S013578",1,"Disordered","",500,500,0.240,true,142119,0.568476,0.559812,0.567626,0.559529,250000,1.000000,-0.001007,0.000000,0,0.000155
0.200,"Sample 14","B0346/S1235",1,"Disordered","",500,500,0.240,true,133092,0.532368,0.518432,0.530744,0.516663,250000,1.000000,0.000200,0.000000,0,0.000087
0.200,"Sample 15","B24567/S03467",1,"Disordered","",500,500,0.240,true,160835,0.643340,0.519204,0.644504,0.518327,250000,1.000000,0.002535,0.000000,0,0.000071
0.200,"Sample 16","B1245/S2358",1,"Disordered","",500,500,0.240,true,133944,0.535776,0.528496,0.533972,0.528213,250000,1.000000,-0.000195,0.000000,0,0.000055
0.200,"Sample 17","B0123678/S035",1,"Disordered","",500,500,0.240,true,123093,0.492372,0.532632,0.491299,0.533204,250000,1.000000,-0.001198,0.000000,0,0.000140
0.200,"Sample 18","B12457/S2367",1,"Disordered","",500,500,0.240,true,133220,0.532880,0.557324,0.532826,0.557597,250000,1.000000,-0.000554,0.000000,0,0.000074
0.200,"Sample 19","B03568/S4568",1,"Disordered","",500,500,0.240,true,152765,0.611060,0.442620,0.610523,0.443861,250000,1.000000,0.007726,0.000000,0,0.000053
0.200,"Sample 20","B378/S01678",1,"Structured Dynamic","",500,500,0.240,true,87311,0.349244,0.474588,0.348015,0.473977,250000,1.000000,0.000116,0.000000,0,0.000181
0.200,"Sample 21","B0268/S346",1,"Disordered","",500,500,0.240,true,109147,0.436588,0.393516,0.436033,0.392688,250000,1.000000,0.000062,0.000000,0,0.000094
0.200,"Sample 22","B02468/S0245678",1,"Expanding","",500,500,0.240,true,169784,0.679136,0.321404,0.678096,0.321870,250000,1.000000,0.003941,0.000000,0,0.000028
0.200,"Sample 23","B056/S1278",1,"Structured Dynamic","",500,500,0.240,true,84196,0.336784,0.363460,0.338187,0.363068,250000,1.000000,0.000084,0.000000,0,0.000112
0.200,"Sample 24","B13678/S03458",1,"Disordered","",500,500,0.240,true,134675,0.538700,0.407504,0.538155,0.409654,250000,1.000000,0.000881,0.000000,0,0.000187
0.200,"Sample 25","B234/S2345",1,"Disordered","",500,500,0.240,true,139570,0.558280,0.424308,0.557616,0.423317,250000,1.000000,0.000054,0.000000,0,0.000049
0.200,"Sample 26","B24/S3456",1,"Disordered","",500,500,0.240,true,143243,0.572972,0.317076,0.572663,0.317993,250000,1.000000,0.002085,0.000000,0,0.000121
0.200,"Sample 27","B01457/S0236",1,"Disordered","",500,500,0.240,true,124631,0.498524,0.531140,0.498200,0.532272,250000,1.000000,0.000110,0.000000,0,0.000116
0.200,"Sample 28","B134568/S12568",1,"Disordered","",500,500,0.240,true,151183,0.604732,0.566964,0.606842,0.565848,250000,1.000000,0.000560,0.000000,0,0.000031
0.200,"Sample 29","B0568/S134",1,"Disordered","",500,500,0.240,true,100099,0.400396,0.368024,0.400670,0.368864,250000,1.000000,0.001405,0.000000,0,0.000127
0.200,"Sample 30","B6/S013678",1,"Structured Dynamic","",500,500,0.240,true,74719,0.298876,0.288748,0.298905,0.288149,250000,1.000000,0.000000,0.000000,0,0.000236
0.200,"Sample 31","B0167/S012",1,"Disordered","",500,500,0.240,true,91859,0.367436,0.405984,0.367086,0.407197,250000,1.000000,-0.000898,0.000000,0,0.000049
0.200,"Sample 32","B123567/S012357",1,"Disordered","",500,500,0.240,true,144799,0.579196,0.541128,0.578931,0.541948,250000,1.000000,-0.001122,0.000000,0,0.000142
0.200,"Sample 33","B03/S3456",1,"Disordered","",500,500,0.240,true,130936,0.523744,0.299660,0.521572,0.301764,250000,1.000000,0.002233,0.000000,0,0.000086
0.200,"Sample 34","B1367/S026",1,"Disordered","",500,500,0.240,true,102668,0.410672,0.530372,0.411630,0.530278,250000,1.000000,-0.000497,0.000000,0,0.000096
0.200,"Sample 35","B1478/S1247",1,"Disordered","",500,500,0.240,true,110880,0.443520,0.445492,0.444156,0.445846,250000,1.000000,-0.000198,0.000000,0,0.000067
0.200,"Sample 36","B123457/S01468",1,"Disordered","",500,500,0.240,true,142308,0.569232,0.596360,0.566966,0.597951,250000,1.000000,-0.000910,0.000000,0,0.000054
0.200,"Sample 37","B25/S012678",1,"Disordered","",500,500,0.240,true,101959,0.407836,0.475760,0.406965,0.474583,250000,1.000000,-0.000444,0.000000,0,0.000103
0.200,"Sample 38","B267/S026",1,"Disordered","",500,500,0.240,true,92064,0.368256,0.462088,0.369475,0.461620,250000,1.000000,-0.000373,0.000000,0,0.000063
0.200,"Sample 39","B01236/S1347",1,"Disordered","",500,500,0.240,true,126492,0.505968,0.486596,0.506942,0.486548,250000,1.000000,-0.001487,0.000000,0,0.000034
0.200,"Sample 40","B034568/S012368",1,"Disordered","",500,500,0.240,true,141793,0.567172,0.618092,0.565916,0.617426,250000,1.000000,0.000272,0.000000,0,0.000040
0.200,"Sample 41","B1378/S0357",1,"Disordered","",500,500,0.240,true,108732,0.434928,0.461448,0.433087,0.461841,250000,1.000000,-0.000438,0.000000,0,0.000164
0.200,"Sample 42","B047/S37",1,"Structured Dynamic","",500,500,0.240,true,85566,0.342264,0.436176,0.342905,0.436172,250000,1.000000,0.000420,0.000000,0,0.000099
0.200,"Sample 43","B01257/S02368",1,"Disordered","",500,500,0.240,true,116229,0.464916,0.475900,0.465352,0.475111,250000,1.000000,-0.001439,0.000000,0,0.000140
0.200,"Sample 44","B04567/S1238",1,"Disordered","",500,500,0.240,true,121548,0.486192,0.561432,0.485186,0.558387,250000,1.000000,0.000835,0.000000,0,0.000070
0.200,"Sample 45","B0134/S124678",1,"Disordered","",500,500,0.240,true,130705,0.522820,0.476588,0.522020,0.477879,250000,1.000000,-0.000718,0.000000,0,0.000073
0.200,"Sample 46","B03468/S3578",1,"Disordered","",500,500,0.240,true,131056,0.524224,0.536660,0.524583,0.535720,250000,1.000000,0.001333,0.000000,0,0.000147
0.200,"Sample 47","B015678/S0123567",1,"Disordered","",500,500,0.240,true,155411,0.621644,0.415624,0.620790,0.415755,250000,1.000000,0.003397,0.000000,0,0.000031
0.200,"Sample 48","B034678/S0137",1,"Disordered","",500,500,0.240,true,120092,0.480368,0.597848,0.481330,0.597425,250000,1.000000,0.000109,0.000000,0,0.000038
0.200,"Sample 49","B2/S014678",1,"Disordered","",500,500,0.240,true,94091,0.376364,0.425312,0.376406,0.425288,250000,1.000000,-0.000284,0.000000,0,0.000045
0.200,"Sample 50","B023678/S123578",1,"Disordered","",500,500,0.240,true,131360,0.525440,0.461364,0.523504,0.461336,250000,1.000000,-0.000769,0.000000,0,0.000068
0.200,"Sample 51","B12/S023478",1,"Disordered","",500,500,0.240,true,114039,0.456156,0.336280,0.455120,0.335441,250000,1.000000,-0.000782,0.000000,0,0.000047
0.200,"Sample 52","B12578/S023567",1,"Disordered","",500,500,0.240,true,136934,0.547736,0.402336,0.547467,0.401966,250000,1.000000,-0.000205,0.000000,0,0.000268
0.200,"Sample 53","B0147/S03578",1,"Disordered","",500,500,0.240,true,108515,0.434060,0.461152,0.434014,0.460948,250000,1.000000,0.000032,0.000000,0,0.000241
0.200,"Sample 54","B12467/S024567",1,"Expanding","",500,500,0.240,true,169280,0.677120,0.368008,0.677645,0.367613,250000,1.000000,0.001550,0.000000,0,0.000026
0.200,"Sample 55","B123457/S23467",1,"Disordered","",500,500,0.240,true,157286,0.629144,0.483252,0.628829,0.483054,250000,1.000000,-0.000239,0.000000,0,0.000055
0.200,"Sample 56","B13568/S1468",1,"Disordered","",500,500,0.240,true,124975,0.499900,0.550156,0.500321,0.549647,250000,1.000000,0.000563,0.000000,0,0.000095
0.200,"Sample 57","B01368/S13568",1,"Disordered","",500,500,0.240,true,121058,0.484232,0.440276,0.484409,0.439781,250000,1.000000,-0.000824,0.000000,0,0.000193
0.200,"Sample 58","B148/S0368",1,"Disordered","",500,500,0.240,true,98838,0.395352,0.473192,0.397047,0.474766,250000,1.000000,-0.000197,0.000000,0,0.000207
0.200,"Sample 59","B01236/S012578",1,"Disordered","",500,500,0.240,true,122970,0.491880,0.530636,0.490321,0.530002,250000,1.000000,-0.002345,0.000000,0,0.000038
0.200,"Sample 60","B348/S023468",1,"Disordered","",500,500,0.240,true,135673,0.542692,0.427116,0.542162,0.427293,250000,1.000000,0.001460,0.000000,0,0.000152
0.200,"Sample 61","B1457/S01567",1,"Disordered","",500,500,0.240,true,117390,0.469560,0.540532,0.468195,0.541024,250000,1.000000,0.000358,0.000000,0,0.000187
0.200,"Sample 62","B237/S0134567",1,"Disordered","",500,500,0.240,true,149621,0.598484,0.283188,0.599367,0.282730,250000,1.000000,0.001041,0.000000,0,0.000061
0.200,"Sample 63","B014568/S2467",1,"Disordered","",500,500,0.240,true,144203,0.576812,0.533684,0.576782,0.534911,250000,1.000000,0.001636,0.000000,0,0.000141
0.200,"Sample 64","B0123578/S0145",1,"Disordered","",500,500,0.240,true,134089,0.536356,0.522896,0.536909,0.518733,250000,1.000000,-0.001039,0.000000,0,0.000048
0.200,"Sample 65","B1268/S34",1,"Disordered","",500,500,0.240,true,109771,0.439084,0.432172,0.437508,0.431496,250000,1.000000,-0.000496,0.000000,0,0.000020
0.200,"Sample 66","B3458/S0347",1,"Disordered","",500,500,0.240,true,134688,0.538752,0.555216,0.539732,0.555039,250000,1.000000,0.002003,0.000000,0,0.000135
0.200,"Sample 67","B56/S7",1,"Structured Dynamic","",500,500,0.240,true,51046,0.204184,0.328056,0.205701,0.329119,250000,1.000000,0.000050,0.000000,0,0.000233
0.200,"Sample 68","B3478/S067",1,"Disordered","",500,500,0.240,true,99961,0.399844,0.607940,0.399009,0.608054,250000,1.000000,0.000734,0.000000,0,0.000162
0.200,"Sample 69","B023467/S05",1,"Disordered","",500,500,0.240,true,122997,0.491988,0.659948,0.492663,0.658925,250000,1.000000,-0.000296,0.000000,0,0.000111
0.200,"Sample 70","B1457/S2457",1,"Disordered","",500,500,0.240,true,142729,0.570916,0.475336,0.571917,0.475082,250000,1.000000,0.001846,0.000000,0,0.000179
0.200,"Sample 71","B12357/S456",1,"Disordered","",500,500,0.240,true,146776,0.587104,0.442352,0.586197,0.442158,250000,1.000000,-0.000281,0.000000,0,0.000104
0.200,"Sample 72","B028/S1234578",1,"Disordered","",500,500,0.240,true,125028,0.500112,0.249536,0.500476,0.249850,250000,1.000000,-0.000308,0.000000,0,0.000047
0.200,"Sample 73","B3678/S2348",1,"Disordered","",500,500,0.240,true,123123,0.492492,0.422100,0.491274,0.423426,250000,1.000000,0.001352,0.000000,0,0.000205
0.200,"Sample 74","B047/S02378",1,"Disordered","",500,500,0.240,true,102417,0.409668,0.418824,0.409297,0.417854,250000,1.000000,0.000462,0.000000,0,0.000040
0.200,"Sample 75","B2457/S1235678",1,"Expanding","",500,500,0.240,true,163060,0.652240,0.400036,0.652887,0.399086,250000,1.000000,0.002470,0.000000,0,0.000208
0.200,"Sample 76","B01346/S013568",1,"Disordered","",500,500,0.240,true,141279,0.565116,0.482908,0.566856,0.484359,250000,1.000000,-0.000149,0.000000,0,0.000063
0.200,"Sample 77","B0347/S2567",1,"Disordered","",500,500,0.240,true,125343,0.501372,0.509332,0.503238,0.508777,250000,1.000000,0.000859,0.000000,0,0.000121
0.200,"Sample 78","B134/S123578",1,"Disordered","",500,500,0.240,true,132221,0.528884,0.465904,0.527427,0.464556,250000,1.000000,-0.000321,0.000000,0,0.000081
0.200,"Sample 79","B0234678/S12567",1,"Disordered","",500,500,0.240,true,152037,0.608148,0.496960,0.607807,0.498637,250000,1.000000,-0.000045,0.000000,0,0.000062
0.200,"Sample 80","B2568/S0156",1,"Disordered","",500,500,0.240,true,101896,0.407584,0.511504,0.407302,0.508246,250000,1.000000,-0.000058,0.000000,0,0.000182
0.200,"Sample 81","B17/S2348",1,"Disordered","",500,500,0.240,true,102771,0.411084,0.291360,0.411972,0.292777,250000,1.000000,0.000036,0.000000,0,0.000167
0.200,"Sample 82","B012/S02457",1,"Disordered","",500,500,0.240,true,111024,0.444096,0.384684,0.443513,0.385259,250000,1.000000,-0.001437,0.000000,0,0.000146
0.200,"Sample 83","B0123468/S145",1,"Disordered","",500,500,0.240,true,139746,0.558984,0.546228,0.557880,0.546566,250000,1.000000,-0.000724,0.000000,0,0.000110
0.200,"Sample 84","B012357/S023467",1,"Disordered","",500,500,0.240,true,146294,0.585176,0.442488,0.584269,0.441404,250000,1.000000,-0.001396,0.000000,0,0.000099
0.200,"Sample 85","B01248/S0358",1,"Disordered","",500,500,0.240,true,117932,0.471728,0.506512,0.471075,0.506030,250000,1.000000,-0.000764,0.000000,0,0.000114
0.200,"Sample 86","B568/S016",1,"Structured Dynamic","",500,500,0.240,true,68019,0.272076,0.323844,0.271110,0.323848,250000,1.000000,-0.000068,0.000000,0,0.000146
0.200,"Sample 87","B012456/S0137",1,"Disordered","",500,500,0.240,true,126200,0.504800,0.640356,0.505162,0.639210,250000,1.000000,-0.001146,0.000000,0,0.000074
0.200,"Sample 88","B016/S128",1,"Disordered","",500,500,0.240,true,90849,0.363396,0.415476,0.361307,0.414608,250000,1.000000,-0.000649,0.000000,0,0.000027
0.200,"Sample 89","B012348/S2346",1,"Disordered","",500,500,0.240,true,138967,0.555868,0.471328,0.557438,0.472745,250000,1.000000,-0.001149,0.000000,0,0.000028
0.200,"Sample 90","B345678/S012368",1,"Disordered","",500,500,0.240,true,145052,0.580208,0.641140,0.580667,0.639750,250000,1.000000,0.001456,0.000000,0,0.000065
0.200,"Sample 91","B013578/S147",1,"Disordered","",500,500,0.240,true,114263,0.457052,0.547124,0.457704,0.548676,250000,1.000000,-0.000548,0.000000,0,0.000058
0.200,"Sample 92","B127/S14568",1,"Disordered","",500,500,0.240,true,112234,0.448936,0.398432,0.448695,0.399167,250000,1.000000,-0.001152,0.000000,0,0.000033
0.200,"Sample 93","B13568/S015678",1,"Disordered","",500,500,0.240,true,127744,0.510976,0.535608,0.511563,0.535611,250000,1.000000,0.001137,0.000000,0,0.000243
0.200,"Sample 94","B0235/S0123",1,"Disordered","",500,500,0.240,true,118884,0.475536,0.569140,0.475965,0.568910,250000,1.000000,-0.000843,0.000000,0,0.000025
0.200,"Sample 95","B568/S0135",1,"Structured Dynamic","",500,500,0.240,true,87416,0.349664,0.339480,0.349392,0.338178,250000,1.000000,0.000878,0.000000,0,0.000207
0.200,"Sample 96","B01567/S17",1,"Structured Dynamic","",500,500,0.240,true,87079,0.348316,0.494948,0.349069,0.494357,250000,1.000000,-0.000800,0.000000,0,0.000235
0.200,"Sample 97","B01357/S0148",1,"Disordered","",500,500,0.240,true,113727,0.454908,0.549672,0.455111,0.550661,250000,1.000000,-0.000590,0.000000,0,0.000090
0.200,"Sample 98","B1258/S03678",1,"Disordered","",500,500,0.240,true,107540,0.430160,0.505064,0.430859,0.505833,250000,1.000000,-0.000977,0.000000,0,0.000082
0.500,"Conway Life","B3/S23",1,"Disordered","",500,500,0.240,true,124748,0.498992,0.500388,0.500088,0.499983,250000,1.000000,0.000137,0.000000,0,0.000079
0.500,"HighLife","B36/S23",1,"Disordered","",500,500,0.240,true,124600,0.498400,0.499408,0.499844,0.499922,250000,1.000000,-0.000045,0.000000,0,0.000098
0.500,"Sample 01","B23678/S348",1,"Disordered","",500,500,0.240,true,125034,0.500136,0.501036,0.500075,0.500101,250000,1.000000,-0.000076,0.000000,0,0.000072
0.500,"Sample 02","B0467/S02356",1,"Disordered","",500,500,0.240,true,124792,0.499168,0.499688,0.500066,0.500039,250000,1.000000,0.000065,0.000000,0,0.000104
0.500,"Sample 03","B01348/S018",1,"Disordered","",500,500,0.240,true,124670,0.498680,0.499768,0.499961,0.500102,250000,1.000000,-0.000012,0.000000,0,0.000085
0.500,"Sample 04","B234/S0135",1,"Disordered","",500,500,0.240,true,125106,0.500424,0.501404,0.499972,0.500112,250000,1.000000,-0.000026,0.000000,0,0.000166
0.500,"Sample 05","B045678/S678",1,"Disordered","",500,500,0.240,true,124898,0.499592,0.499888,0.499964,0.500117,250000,1.000000,0.000020,0.000000,0,0.000138
0.500,"Sample 06","B3467/S0356",1,"Disordered","",500,500,0.240,true,125339,0.501356,0.500056,0.500040,0.500054,250000,1.000000,0.000028,0.000000,0,0.000048
0.500,"Sample 07","B0378/S12368",1,"Disordered","",500,500,0.240,true,125241,0.500964,0.500192,0.499926,0.500111,250000,1.000000,0.000130,0.000000,0,0.000118
0.500,"Sample 08","B36/S06",1,"Disordered","",500,500,0.240,true,125620,0.502480,0.498932,0.500068,0.499889,250000,1.000000,-0.000020,0.000000,0,0.000092
0.500,"Sample 09","B1234567/S56",1,"Disordered","",500,500,0.240,true,125369,0.501476,0.500148,0.499876,0.500144,250000,1.000000,-0.000131,0.000000,0,0.000131
0.500,"Sample 10","B13568/S13567",1,"Disordered","",500,500,0.240,true,124963,0.499852,0.498152,0.499921,0.499935,250000,1.000000,-0.000181,0.000000,0,0.000120
0.500,"Sample 11","B01467/S0134",1,"Disordered","",500,500,0.240,true,125379,0.501516,0.500568,0.500008,0.500080,250000,1.000000,0.000007,0.000000,0,0.000062
0.500,"Sample 12","B1578/S035678",1,"Disordered","",500,500,0.240,true,125031,0.500124,0.499736,0.499897,0.499938,250000,1.000000,-0.000059,0.000000,0,0.000131
0.500,"Sample 13","B1235678/S013578",1,"Disordered","",500,500,0.240,true,125345,0.501380,0.499232,0.500008,0.499996,250000,1.000000,0.000071,0.000000,0,0.000073
0.500,"Sample 14","B0346/S1235",1,"Disordered","",500,500,0.240,true,124946,0.499784,0.499528,0.499995,0.499920,250000,1.000000,-0.000051,0.000000,0,0.000112
0.500,"Sample 15","B24567/S03467",1,"Disordered","",500,500,0.240,true,124679,0.498716,0.499520,0.499948,0.499918,250000,1.000000,0.000073,0.000000,0,0.000074
0.500,"Sample 16","B1245/S2358",1,"Disordered","",500,500,0.240,true,125267,0.501068,0.499932,0.499846,0.500140,250000,1.000000,-0.000289,0.000000,0,0.000115
0.500,"Sample 17","B0123678/S035",1,"Disordered","",500,500,0.240,true,125239,0.500956,0.500528,0.500129,0.499992,250000,1.000000,0.000024,0.000000,0,0.000148
0.500,"Sample 18","B12457/S2367",1,"Disordered","",500,500,0.240,true,124746,0.498984,0.499856,0.500212,0.500046,250000,1.000000,0.000019,0.000000,0,0.000126
0.500,"Sample 19","B03568/S4568",1,"Disordered","",500,500,0.240,true,124995,0.499980,0.500712,0.500068,0.499970,250000,1.000000,-0.000113,0.000000,0,0.000058
0.500,"Sample 20","B378/S01678",1,"Disordered","",500,500,0.240,true,124882,0.499528,0.500840,0.499919,0.499915,250000,1.000000,-0.000027,0.000000,0,0.000131
0.500,"Sample 21","B0268/S346",1,"Disordered","",500,500,0.240,true,124699,0.498796,0.500508,0.499848,0.500055,250000,1.000000,-0.000337,0.000000,0,0.000028
0.500,"Sample 22","B02468/S0245678",1,"Disordered","",500,500,0.240,true,124766,0.499064,0.499136,0.500037,0.499876,250000,1.000000,-0.000009,0.000000,0,0.000034
0.500,"Sample 23","B056/S1278",1,"Disordered","",500,500,0.240,true,124762,0.499048,0.500724,0.500063,0.500034,250000,1.000000,0.000099,0.000000,0,0.000026
0.500,"Sample 24","B13678/S03458",1,"Disordered","",500,500,0.240,true,125086,0.500344,0.499716,0.499868,0.500017,250000,1.000000,-0.000094,0.000000,0,0.000141
0.500,"Sample 25","B234/S2345",1,"Disordered","",500,500,0.240,true,125142,0.500568,0.499168,0.499964,0.500006,250000,1.000000,-0.000110,0.000000,0,0.000108
0.500,"Sample 26","B24/S3456",1,"Disordered","",500,500,0.240,true,124781,0.499124,0.500312,0.499992,0.499908,250000,1.000000,-0.000034,0.000000,0,0.000202
0.500,"Sample 27","B01457/S0236",1,"Disordered","",500,500,0.240,true,125265,0.501060,0.499904,0.499821,0.500045,250000,1.000000,-0.000395,0.000000,0,0.000102
0.500,"Sample 28","B134568/S12568",1,"Disordered","",500,500,0.240,true,124711,0.498844,0.498944,0.499948,0.499869,250000,1.000000,-0.000044,0.000000,0,0.000091
0.500,"Sample 29","B0568/S134",1,"Disordered","",500,500,0.240,true,124976,0.499904,0.502516,0.500018,0.500066,250000,1.000000,0.000118,0.000000,0,0.000109
0.500,"Sample 30","B6/S013678",1,"Disordered","",500,500,0.240,true,124791,0.499164,0.501036,0.500161,0.499885,250000,1.000000,0.000226,0.000000,0,0.000132
0.500,"Sample 31","B0167/S012",1,"Disordered","",500,500,0.240,true,124904,0.499616,0.499012,0.500029,0.499956,250000,1.000000,0.000094,0.000000,0,0.000089
0.500,"Sample 32","B123567/S012357",1,"Disordered","",500,500,0.240,true,124947,0.499788,0.501292,0.499704,0.499904,250000,1.000000,-0.000296,0.000000,0,0.000109
0.500,"Sample 33","B03/S3456",1,"Disordered","",500,500,0.240,true,124745,0.498980,0.500200,0.499894,0.500127,250000,1.000000,-0.000216,0.000000,0,0.000053
0.500,"Sample 34","B1367/S026",1,"Disordered","",500,500,0.240,true,125155,0.500620,0.501776,0.500116,0.499946,250000,1.000000,0.000130,0.000000,0,0.000024
0.500,"Sample 35","B1478/S1247",1,"Disordered","",500,500,0.240,true,124886,0.499544,0.499660,0.500042,0.500096,250000,1.000000,-0.000104,0.000000,0,0.000074
0.500,"Sample 36","B123457/S01468",1,"Disordered","",500,500,0.240,true,124609,0.498436,0.498512,0.500217,0.500005,250000,1.000000,0.000211,0.000000,0,0.000069
0.500,"Sample 37","B25/S012678",1,"Disordered","",500,500,0.240,true,125247,0.500988,0.499780,0.500009,0.500053,250000,1.000000,-0.000125,0.000000,0,0.000090
0.500,"Sample 38","B267/S026",1,"Disordered","",500,500,0.240,true,125120,0.500480,0.499164,0.499978,0.499851,250000,1.000000,-0.000053,0.000000,0,0.000045
0.500,"Sample 39","B01236/S1347",1,"Disordered","",500,500,0.240,true,125094,0.500376,0.498380,0.500013,0.499970,250000,1.000000,-0.000117,0.000000,0,0.000142
0.500,"Sample 40","B034568/S012368",1,"Disordered","",500,500,0.240,true,124919,0.499676,0.499028,0.500028,0.500163,250000,1.000000,0.000173,0.000000,0,0.000033
0.500,"Sample 41","B1378/S0357",1,"Disordered","",500,500,0.240,true,125565,0.502260,0.499756,0.499974,0.500090,250000,1.000000,-0.000060,0.000000,0,0.000206
0.500,"Sample 42","B047/S37",1,"Disordered","",500,500,0.240,true,125223,0.500892,0.499088,0.500015,0.500035,250000,1.000000,-0.000199,0.000000,0,0.000035
0.500,"Sample 43","B01257/S02368",1,"Disordered","",500,500,0.240,true,124951,0.499804,0.499420,0.499963,0.500025,250000,1.000000,0.000027,0.000000,0,0.000093
0.500,"Sample 44","B04567/S1238",1,"Disordered","",500,500,0.240,true,125045,0.500180,0.501852,0.499894,0.500150,250000,1.000000,0.000010,0.000000,0,0.000204
0.500,"Sample 45","B0134/S124678",1,"Disordered","",500,500,0.240,true,125151,0.500604,0.500948,0.500053,0.500093,250000,1.000000,-0.000087,0.000000,0,0.000090
0.500,"Sample 46","B03468/S3578",1,"Disordered","",500,500,0.240,true,124915,0.499660,0.500556,0.499829,0.499996,250000,1.000000,-0.000168,0.000000,0,0.000085
0.500,"Sample 47","B015678/S0123567",1,"Disordered","",500,500,0.240,true,125129,0.500516,0.501196,0.499996,0.499937,250000,1.000000,0.000133,0.000000,0,0.000072
0.500,"Sample 48","B034678/S0137",1,"Disordered","",500,500,0.240,true,124940,0.499760,0.499856,0.499933,0.500055,250000,1.000000,-0.000017,0.000000,0,0.000184
0.500,"Sample 49","B2/S014678",1,"Disordered","",500,500,0.240,true,124865,0.499460,0.501092,0.500185,0.500134,250000,1.000000,0.000206,0.000000,0,0.000088
0.500,"Sample 50","B023678/S123578",1,"Disordered","",500,500,0.240,true,124914,0.499656,0.500500,0.499676,0.500215,250000,1.000000,-0.000513,0.000000,0,0.000205
0.500,"Sample 51","B12/S023478",1,"Disordered","",500,500,0.240,true,125031,0.500124,0.501484,0.500154,0.500046,250000,1.000000,0.000138,0.000000,0,0.000071
0.500,"Sample 52","B12578/S023567",1,"Disordered","",500,500,0.240,true,124735,0.498940,0.500772,0.500153,0.499894,250000,1.000000,0.000121,0.000000,0,0.000054
0.500,"Sample 53","B0147/S03578",1,"Disordered","",500,500,0.240,true,125449,0.501796,0.500660,0.499906,0.499988,250000,1.000000,-0.000259,0.000000,0,0.000085
0.500,"Sample 54","B12467/S024567",1,"Disordered","",500,500,0.240,true,124936,0.499744,0.498860,0.500002,0.499952,250000,1.000000,-0.000022,0.000000,0,0.000156
0.500,"Sample 55","B123457/S23467",1,"Disordered","",500,500,0.240,true,125232,0.500928,0.500200,0.500036,0.500098,250000,1.000000,0.000118,0.000000,0,0.000183
0.500,"Sample 56","B13568/S1468",1,"Disordered","",500,500,0.240,true,124763,0.499052,0.500848,0.500086,0.500020,250000,1.000000,0.000090,0.000000,0,0.000146
0.500,"Sample 57","B01368/S13568",1,"Disordered","",500,500,0.240,true,124984,0.499936,0.499736,0.499786,0.499930,250000,1.000000,-0.000322,0.000000,0,0.000062
0.500,"Sample 58","B148/S0368",1,"Disordered","",500,500,0.240,true,125134,0.500536,0.500820,0.499933,0.500091,250000,1.000000,-0.000225,0.000000,0,0.000037
0.500,"Sample 59","B01236/S012578",1,"Disordered","",500,500,0.240,true,124989,0.499956,0.502856,0.500039,0.499917,250000,1.000000,0.000179,0.000000,0,0.000093
0.500,"Sample 60","B348/S023468",1,"Disordered","",500,500,0.240,true,125386,0.501544,0.500928,0.499941,0.500177,250000,1.000000,-0.000168,0.000000,0,0.000024
0.500,"Sample 61","B1457/S01567",1,"Disordered","",500,500,0.240,true,125334,0.501336,0.498028,0.500052,0.500168,250000,1.000000,0.000084,0.000000,0,0.000122
0.500,"Sample 62","B237/S0134567",1,"Disordered","",500,500,0.240,true,125101,0.500404,0.499212,0.500110,0.500096,250000,1.000000,0.000247,0.000000,0,0.000068
0.500,"Sample 63","B014568/S2467",1,"Disordered","",500,500,0.240,true,124753,0.499012,0.500080,0.500114,0.499972,250000,1.000000,0.000165,0.000000,0,0.000110
0.500,"Sample 64","B0123578/S0145",1,"Disordered","",500,500,0.240,true,125369,0.501476,0.501632,0.499782,0.500279,250000,1.000000,-0.000365,0.000000,0,0.000019
0.500,"Sample 65","B1268/S34",1,"Disordered","",500,500,0.240,true,124995,0.499980,0.498680,0.499966,0.500108,250000,1.000000,-0.000111,0.000000,0,0.000171
0.500,"Sample 66","B3458/S0347",1,"Disordered","",500,500,0.240,true,125287,0.501148,0.499500,0.499984,0.499955,250000,1.000000,-0.000037,0.000000,0,0.000056
0.500,"Sample 67","B56/S7",1,"Disordered","",500,500,0.240,true,124983,0.499932,0.502124,0.499903,0.499939,250000,1.000000,-0.000065,0.000000,0,0.000031
0.500,"Sample 68","B3478/S067",1,"Disordered","",500,500,0.240,true,125196,0.500784,0.500808,0.500050,0.499949,250000,1.000000,0.000053,0.000000,0,0.000045
0.500,"Sample 69","B023467/S05",1,"Disordered","",500,500,0.240,true,124731,0.498924,0.501356,0.500162,0.500061,250000,1.000000,0.000177,0.000000,0,0.000159
0.500,"Sample 70","B1457/S2457",1,"Disordered","",500,500,0.240,true,124734,0.498936,0.500232,0.500029,0.499894,250000,1.000000,-0.000046,0.000000,0,0.000042
0.500,"Sample 71","B12357/S456",1,"Disordered","",500,500,0.240,true,125073,0.500292,0.500144,0.499865,0.499928,250000,1.000000,-0.000258,0.000000,0,0.000048
0.500,"Sample 72","B028/S1234578",1,"Disordered","",500,500,0.240,true,125297,0.501188,0.502376,0.500028,0.500042,250000,1.000000,-0.000053,0.000000,0,0.000024
0.500,"Sample 73","B3678/S2348",1,"Disordered","",500,500,0.240,true,125205,0.500820,0.502536,0.499963,0.499888,250000,1.000000,0.000049,0.000000,0,0.000168
0.500,"Sample 74","B047/S02378",1,"Disordered","",500,500,0.240,true,124531,0.498124,0.501360,0.499973,0.500093,250000,1.000000,0.000072,0.000000,0,0.000144
0.500,"Sample 75","B2457/S1235678",1,"Disordered","",500,500,0.240,true,125053,0.500212,0.498880,0.500006,0.499994,250000,1.000000,0.000041,0.000000,0,0.000161
0.500,"Sample 76","B01346/S013568",1,"Disordered","",500,500,0.240,true,124928,0.499712,0.500456,0.500043,0.500044,250000,1.000000,0.000295,0.000000,0,0.000150
0.500,"Sample 77","B0347/S2567",1,"Disordered","",500,500,0.240,true,124763,0.499052,0.499296,0.500109,0.500015,250000,1.000000,-0.000091,0.000000,0,0.000172
0.500,"Sample 78","B134/S123578",1,"Disordered","",500,500,0.240,true,125167,0.500668,0.499948,0.499914,0.500057,250000,1.000000,-0.000024,0.000000,0,0.000141
0.500,"Sample 79","B0234678/S12567",1,"Disordered","",500,500,0.240,true,124937,0.499748,0.500288,0.499824,0.500155,250000,1.000000,-0.000313,0.000000,0,0.000111
0.500,"Sample 80","B2568/S0156",1,"Disordered","",500,500,0.240,true,125117,0.500468,0.498772,0.500062,0.500125,250000,1.000000,-0.000059,0.000000,0,0.000076
0.500,"Sample 81","B17/S2348",1,"Disordered","",500,500,0.240,true,124963,0.499852,0.499652,0.500118,0.499955,250000,1.000000,-0.000041,0.000000,0,0.000053
0.500,"Sample 82","B012/S02457",1,"Disordered","",500,500,0.240,true,125086,0.500344,0.499780,0.499834,0.500060,250000,1.000000,-0.000202,0.000000,0,0.000068
0.500,"Sample 83","B0123468/S145",1,"Disordered","",500,500,0.240,true,125044,0.500176,0.502292,0.500174,0.500022,250000,1.000000,0.000184,0.000000,0,0.000064
0.500,"Sample 84","B012357/S023467",1,"Disordered","",500,500,0.240,true,125154,0.500616,0.500356,0.500075,0.499949,250000,1.000000,0.000215,0.000000,0,0.000201
0.500,"Sample 85","B01248/S0358",1,"Disordered","",500,500,0.240,true,125220,0.500880,0.499576,0.500084,0.500141,250000,1.000000,0.000083,0.000000,0,0.000106
0.500,"Sample 86","B568/S016",1,"Disordered","",500,500,0.240,true,124611,0.498444,0.499796,0.499954,0.499932,250000,1.000000,-0.000089,0.000000,0,0.000211
0.500,"Sample 87","B012456/S0137",1,"Disordered","",500,500,0.240,true,125289,0.501156,0.499268,0.500021,0.499969,250000,1.000000,0.000008,0.000000,0,0.000151
0.500,"Sample 88","B016/S128",1,"Disordered","",500,500,0.240,true,125267,0.501068,0.498832,0.500046,0.500038,250000,1.000000,0.000001,0.000000,0,0.000138
0.500,"Sample 89","B012348/S2346",1,"Disordered","",500,500,0.240,true,125212,0.500848,0.500468,0.500130,0.499994,250000,1.000000,0.000162,0.000000,0,0.000008
0.500,"Sample 90","B345678/S012368",1,"Disordered","",500,500,0.240,true,124593,0.498372,0.499060,0.500050,0.499985,250000,1.000000,-0.000087,0.000000,0,0.000061
0.500,"Sample 91","B013578/S147",1,"Disordered","",500,500,0.240,true,124868,0.499472,0.499596,0.500068,0.499902,250000,1.000000,0.000054,0.000000,0,0.000069
0.500,"Sample 92","B127/S14568",1,"Disordered","",500,500,0.240,true,125137,0.500548,0.499700,0.500091,0.499923,250000,1.000000,0.000126,0.000000,0,0.000043
0.500,"Sample 93","B13568/S015678",1,"Disordered","",500,500,0.240,true,125081,0.500324,0.497652,0.499862,0.499781,250000,1.000000,-0.000072,0.000000,0,0.000069
0.500,"Sample 94","B0235/S0123",1,"Disordered","",500,500,0.240,true,125193,0.500772,0.501732,0.500043,0.499893,250000,1.000000,0.000076,0.000000,0,0.000206
0.500,"Sample 95","B568/S0135",1,"Disordered","",500,500,0.240,true,125131,0.500524,0.500248,0.499962,0.499934,250000,1.000000,0.000091,0.000000,0,0.000060
0.500,"Sample 96","B01567/S17",1,"Disordered","",500,500,0.240,true,124998,0.499992,0.500448,0.500064,0.500142,250000,1.000000,0.000137,0.000000,0,0.000075
0.500,"Sample 97","B01357/S0148",1,"Disordered","",500,500,0.240,true,124658,0.498632,0.499500,0.500151,0.500016,250000,1.000000,0.000186,0.000000,0,0.000032
0.500,"Sample 98","B1258/S03678",1,"Disordered","",500,500,0.240,true,125357,0.501428,0.500460,0.499930,0.500003,250000,1.000000,-0.000136,0.000000,0,0.000062
1.000,"Conway Life","B3/S23",1,"Frozen","",500,500,0.240,true,250000,1.000000,0.000000,1.000000,0.000000,250000,1.000000,0.003556,0.000000,1,0.000005
1.000,"HighLife","B36/S23",1,"Periodic","",500,500,0.240,true,248230,0.992920,0.000152,0.992920,0.000152,250000,1.000000,0.004485,0.000000,2,0.000014
1.000,"Sample 01","B23678/S348",1,"Disordered","",500,500,0.240,true,149730,0.598920,0.379300,0.597531,0.382941,250000,1.000000,0.004191,0.000000,0,0.000164
1.000,"Sample 02","B0467/S02356",1,"Disordered","",500,500,0.240,true,123412,0.493648,0.641752,0.493894,0.643371,250000,1.000000,-0.001890,0.000000,0,0.000068
1.000,"Sample 03","B01348/S018",1,"Expanding","",500,500,0.240,true,198439,0.793756,0.123676,0.792623,0.124404,250000,1.000000,0.017791,0.000000,0,0.000015
1.000,"Sample 04","B234/S0135",1,"Periodic","",500,500,0.240,true,249853,0.999412,0.000672,0.999412,0.000672,250000,1.000000,0.337503,0.000000,2,0.007552
1.000,"Sample 05","B045678/S678",1,"Periodic","",500,500,0.240,true,135678,0.542712,0.027220,0.545163,0.027235,250000,1.000000,0.003539,0.000000,8,0.000090
1.000,"Sample 06","B3467/S0356",1,"Disordered","",500,500,0.240,true,113414,0.453656,0.450580,0.454322,0.450351,250000,1.000000,-0.003434,0.000000,0,0.000016
1.000,"Sample 07","B0378/S12368",1,"Disordered","",500,500,0.240,true,160736,0.642944,0.530516,0.641695,0.529923,250000,1.000000,0.000701,0.000000,0,0.000037
1.000,"Sample 08","B36/S06",1,"Expanding","",500,500,0.240,true,175592,0.702368,0.394704,0.703154,0.394578,250000,1.000000,-0.002208,0.000000,0,0.000050
1.000,"Sample 09","B1234567/S56",1,"Frozen","",500,500,0.240,true,76611,0.306444,0.000000,0.306444,0.000000,250000,1.000000,-0.000134,0.000000,1,0.000007
1.000,"Sample 10","B13568/S13567",1,"Disordered","",500,500,0.240,true,109136,0.436544,0.506092,0.437604,0.504713,250000,1.000000,-0.000408,0.000000,0,0.000024
1.000,"Sample 11","B01467/S0134",1,"Periodic","",500,500,0.240,true,232891,0.931564,0.005256,0.931552,0.005241,250000,1.000000,0.046825,0.000000,60,0.000110
1.000,"Sample 12","B1578/S035678",1,"Disordered","",500,500,0.240,true,123856,0.495424,0.693908,0.490692,0.694383,250000,1.000000,-0.000060,0.000000,0,0.000134
1.000,"Sample 13","B1235678/S013578",1,"Structured Dynamic","",500,500,0.240,true,75864,0.303456,0.334240,0.303919,0.333258,250000,1.000000,0.000467,0.000000,0,0.000235
1.000,"Sample 14","B0346/S1235",1,"Disordered","",500,500,0.240,true,107074,0.428296,0.523488,0.426239,0.523010,250000,1.000000,-0.002551,0.000000,0,0.000315
1.000,"Sample 15","B24567/S03467",1,"Disordered","",500,500,0.240,true,103697,0.414788,0.479624,0.415805,0.479949,250000,1.000000,-0.001334,0.000000,0,0.000081
1.000,"Sample 16","B1245/S2358",1,"Disordered","",500,500,0.240,true,88562,0.354248,0.433136,0.355380,0.431594,250000,1.000000,-0.000064,0.000000,0,0.000188
1.000,"Sample 17","B0123678/S035",1,"Periodic","",500,500,0.240,true,19526,0.078104,0.005624,0.078105,0.005603,250000,1.000000,-0.010921,0.000000,420,0.000406
1.000,"Sample 18","B12457/S2367",1,"Disordered","",500,500,0.240,true,96916,0.387664,0.407580,0.387435,0.408408,250000,1.000000,0.000340,0.000000,0,0.000240
1.000,"Sample 19","B03568/S4568",1,"Disordered","",500,500,0.240,true,119905,0.479620,0.558064,0.480271,0.557998,250000,1.000000,-0.002033,0.000000,0,0.000055
1.000,"Sample 20","B378/S01678",1,"Periodic","",500,500,0.240,true,1478,0.005912,0.993512,0.500865,0.993524,250000,1.000000,-0.006438,0.000000,12,0.039765
1.000,"Sample 21","B0268/S346",1,"Disordered","",500,500,0.240,true,140994,0.563976,0.655324,0.563998,0.656529,250000,1.000000,-0.000465,0.000000,0,0.000076
1.000,"Sample 22","B02468/S0245678",1,"Disordered","",500,500,0.240,true,105106,0.420424,0.578616,0.419568,0.579617,250000,1.000000,-0.000449,0.000000,0,0.000043
1.000,"Sample 23","B056/S1278",1,"Expanding","",500,500,0.240,true,163187,0.652748,0.369656,0.653059,0.370592,250000,1.000000,-0.000833,0.000000,0,0.000026
1.000,"Sample 24","B13678/S03458",1,"Disordered","",500,500,0.240,true,115228,0.460912,0.642812,0.461934,0.643363,250000,1.000000,-0.000568,0.000000,0,0.000065
1.000,"Sample 25","B234/S2345",1,"Disordered","",500,500,0.240,true,94529,0.378116,0.482688,0.378145,0.483815,250000,1.000000,-0.001157,0.000000,0,0.000076
1.000,"Sample 26","B24/S3456",1,"Disordered","",500,500,0.240,true,111628,0.446512,0.635724,0.446123,0.634227,250000,1.000000,-0.002368,0.000000,0,0.000025
1.000,"Sample 27","B01457/S0236",1,"Disordered","",500,500,0.240,true,128544,0.514176,0.433224,0.514317,0.431642,250000,1.000000,0.000273,0.000000,0,0.000144
1.000,"Sample 28","B134568/S12568",1,"Disordered","",500,500,0.240,true,91215,0.364860,0.342320,0.364323,0.342890,250000,1.000000,-0.000262,0.000000,0,0.000258
1.000,"Sample 29","B0568/S134",1,"Periodic","",500,500,0.240,true,232695,0.930780,0.000808,0.930769,0.000811,250000,1.000000,0.004935,0.000000,6,0.000030
1.000,"Sample 30","B6/S013678",1,"Periodic","",500,500,0.240,true,23761,0.095044,0.996412,0.501753,0.996446,250000,1.000000,-0.000781,0.000000,4,0.000105
1.000,"Sample 31","B0167/S012",1,"Frozen","",500,500,0.240,true,220263,0.881052,0.000000,0.881052,0.000000,250000,1.000000,0.005451,0.000000,1,0.000018
1.000,"Sample 32","B123567/S012357",1,"Structured Dynamic","",500,500,0.240,true,68975,0.275900,0.414408,0.275466,0.414073,250000,1.000000,-0.000152,0.000000,0,0.000120
1.000,"Sample 33","B03/S3456",1,"Disordered","",500,500,0.240,true,126567,0.506268,0.766212,0.505681,0.767597,250000,1.000000,-0.002877,0.000000,0,0.000150
1.000,"Sample 34","B1367/S026",1,"Disordered","",500,500,0.240,true,162506,0.650024,0.357300,0.649277,0.356752,250000,1.000000,0.000810,0.000000,0,0.000056
1.000,"Sample 35","B1478/S1247",1,"Disordered","",500,500,0.240,true,160520,0.642080,0.456704,0.643021,0.456532,250000,1.000000,0.000862,0.000000,0,0.000093
1.000,"Sample 36","B123457/S01468",1,"Structured Dynamic","",500,500,0.240,true,79149,0.316596,0.051876,0.316616,0.051860,250000,1.000000,0.003637,0.000000,0,0.000070
1.000,"Sample 37","B25/S012678",1,"Disordered","",500,500,0.240,true,147165,0.588660,0.579112,0.588208,0.579904,250000,1.000000,-0.000162,0.000000,0,0.000030
1.000,"Sample 38","B267/S026",1,"Expanding","",500,500,0.240,true,168180,0.672720,0.377360,0.672707,0.378461,250000,1.000000,0.000030,0.000000,0,0.000045
1.000,"Sample 39","B01236/S1347",1,"Periodic","",500,500,0.240,true,14077,0.056308,0.000280,0.056308,0.000280,250000,1.000000,-0.002772,0.000000,2,0.000296
1.000,"Sample 40","B034568/S012368",1,"Disordered","",500,500,0.240,true,97988,0.391952,0.444028,0.393603,0.446280,250000,1.000000,-0.001334,0.000000,0,0.000009
1.000,"Sample 41","B1378/S0357",1,"Disordered","",500,500,0.240,true,150557,0.602228,0.592728,0.602384,0.593320,250000,1.000000,0.000319,0.000000,0,0.000091
1.000,"Sample 42","B047/S37",1,"Expanding","",500,500,0.240,true,177003,0.708012,0.383652,0.708981,0.383843,250000,1.000000,-0.000851,0.000000,0,0.000099
1.000,"Sample 43","B01257/S02368",1,"Disordered","",500,500,0.240,true,148671,0.594684,0.467076,0.595895,0.468669,250000,1.000000,0.021206,0.000000,0,0.000777
1.000,"Sample 44","B04567/S1238",1,"Disordered","",500,500,0.240,true,175875,0.703500,0.017312,0.703352,0.017246,250000,1.000000,0.007833,0.000000,0,0.000050
1.000,"Sample 45","B0134/S124678",1,"Disordered","",500,500,0.240,true,99830,0.399320,0.466580,0.399347,0.466892,250000,1.000000,0.000997,0.000000,0,0.000345
1.000,"Sample 46","B03468/S3578",1,"Disordered","",500,500,0.240,true,117586,0.470344,0.424516,0.467875,0.425534,250000,1.000000,-0.001658,0.000000,0,0.000110
1.000,"Sample 47","B015678/S0123567",1,"Disordered","",500,500,0.240,true,112176,0.448704,0.648336,0.449113,0.648505,250000,1.000000,0.000435,0.000000,0,0.000042
1.000,"Sample 48","B034678/S0137",1,"Expanding","",500,500,0.240,true,165285,0.661140,0.113368,0.661220,0.113328,250000,1.000000,0.013084,0.000000,0,0.000351
1.000,"Sample 49","B2/S014678",1,"Disordered","",500,500,0.240,true,147895,0.591580,0.720516,0.589185,0.722026,250000,1.000000,-0.000097,0.000000,0,0.000100
1.000,"Sample 50","B023678/S123578",1,"Disordered","",500,500,0.240,true,92269,0.369076,0.546384,0.369161,0.546210,250000,1.000000,0.000296,0.000000,0,0.000571
1.000,"Sample 51","B12/S023478",1,"Disordered","",500,500,0.240,true,127194,0.508776,0.982380,0.508787,0.982419,250000,1.000000,-0.067155,0.000000,0,0.000384
1.000,"Sample 52","B12578/S023567",1,"Disordered","",500,500,0.240,true,115151,0.460604,0.626152,0.458584,0.625998,250000,1.000000,0.000711,0.000000,0,0.000132
1.000,"Sample 53","B0147/S03578",1,"Disordered","",500,500,0.240,true,142649,0.570596,0.573964,0.570068,0.572652,250000,1.000000,0.000527,0.000000,0,0.000038
1.000,"Sample 54","B12467/S024567",1,"Disordered","",500,500,0.240,true,96455,0.385820,0.493948,0.384840,0.494279,250000,1.000000,0.000169,0.000000,0,0.000061
1.000,"Sample 55","B123457/S23467",1,"Periodic","",500,500,0.240,true,54007,0.216028,0.035376,0.213928,0.034303,250000,1.000000,-0.000973,0.000000,6,0.000032
1.000,"Sample 56","B13568/S1468",1,"Disordered","",500,500,0.240,true,124994,0.499976,0.416732,0.500075,0.415491,250000,1.000000,-0.000172,0.000000,0,0.000047
1.000,"Sample 57","B01368/S13568",1,"Disordered","",500,500,0.240,true,127758,0.511032,0.607092,0.510071,0.608443,250000,1.000000,0.000988,0.000000,0,0.000081
1.000,"Sample 58","B148/S0368",1,"Expanding","",500,500,0.240,true,165984,0.663936,0.517776,0.663383,0.518227,250000,1.000000,0.000138,0.000000,0,0.000030
1.000,"Sample 59","B01236/S012578",1,"Periodic","",500,500,0.240,true,2505,0.010020,0.000016,0.010020,0.000016,250000,1.000000,-0.004153,0.000000,2,0.002820
1.000,"Sample 60","B348/S023468",1,"Disordered","",500,500,0.240,true,106767,0.427068,0.602548,0.430280,0.603709,250000,1.000000,-0.001939,0.000000,0,0.000086
1.000,"Sample 61","B1457/S01567",1,"Disordered","",500,500,0.240,true,125760,0.503040,0.484348,0.502662,0.485755,250000,1.000000,-0.000297,0.000000,0,0.000050
1.000,"Sample 62","B237/S0134567",1,"Disordered","",500,500,0.240,true,97214,0.388856,0.605776,0.389824,0.605955,250000,1.000000,-0.000089,0.000000,0,0.000099
1.000,"Sample 63","B014568/S2467",1,"Disordered","",500,500,0.240,true,114392,0.457568,0.480720,0.457269,0.478406,250000,1.000000,-0.000435,0.000000,0,0.000070
1.000,"Sample 64","B0123578/S0145",1,"Periodic","",500,500,0.240,true,9116,0.036464,0.000776,0.036480,0.000776,250000,1.000000,-0.004762,0.000000,2,0.000260
1.000,"Sample 65","B1268/S34",1,"Periodic","",500,500,0.240,true,237121,0.948484,0.000200,0.948484,0.000200,250000,1.000000,0.013386,0.000000,2,0.000016
1.000,"Sample 66","B3458/S0347",1,"Disordered","",500,500,0.240,true,113565,0.454260,0.443196,0.453716,0.442205,250000,1.000000,-0.002985,0.000000,0,0.000084
1.000,"Sample 67","B56/S7",1,"Disordered","",500,500,0.240,true,150377,0.601508,0.025684,0.601524,0.025435,250000,1.000000,-0.067738,0.000000,0,0.000210
1.000,"Sample 68","B3478/S067",1,"Disordered","",500,500,0.240,true,150617,0.602468,0.432748,0.603188,0.431433,250000,1.000000,-0.000789,0.000000,0,0.000042
1.000,"Sample 69","B023467/S05",1,"Disordered","",500,500,0.240,true,126325,0.505300,0.218268,0.504845,0.217586,250000,1.000000,0.000734,0.000000,0,0.000127
1.000,"Sample 70","B1457/S2457",1,"Disordered","",500,500,0.240,true,115829,0.463316,0.555760,0.461819,0.557163,250000,1.000000,-0.001050,0.000000,0,0.000044
1.000,"Sample 71","B12357/S456",1,"Disordered","",500,500,0.240,true,91772,0.367088,0.271400,0.366991,0.272528,250000,1.000000,-0.000719,0.000000,0,0.000175
1.000,"Sample 72","B028/S1234578",1,"Periodic","",500,500,0.240,true,126001,0.504004,0.999996,0.499998,0.999996,250000,1.000000,0.000305,0.000000,2,0.000003
1.000,"Sample 73","B3678/S2348",1,"Disordered","",500,500,0.240,true,145567,0.582268,0.480832,0.581970,0.480504,250000,1.000000,-0.000909,0.000000,0,0.000307
1.000,"Sample 74","B047/S02378",1,"Expanding","",500,500,0.240,true,164657,0.658628,0.461456,0.659210,0.461054,250000,1.000000,-0.000206,0.000000,0,0.000099
1.000,"Sample 75","B2457/S1235678",1,"Disordered","",500,500,0.240,true,96546,0.386184,0.609904,0.384330,0.609394,250000,1.000000,-0.001120,0.000000,0,0.000135
1.000,"Sample 76","B01346/S013568",1,"Disordered","",500,500,0.240,true,95826,0.383304,0.420796,0.383081,0.421299,250000,1.000000,0.000468,0.000000,0,0.000100
1.000,"Sample 77","B0347/S2567",1,"Disordered","",500,500,0.240,true,123134,0.492536,0.499280,0.493707,0.499920,250000,1.000000,-0.001044,0.000000,0,0.000064
1.000,"Sample 78","B134/S123578",1,"Disordered","",500,500,0.240,true,91865,0.367460,0.529892,0.365997,0.527585,250000,1.000000,-0.000251,0.000000,0,0.000149
1.000,"Sample 79","B0234678/S12567",1,"Structured Dynamic","",500,500,0.240,true,82161,0.328644,0.329820,0.326577,0.329496,250000,1.000000,-0.000262,0.000000,0,0.000228
1.000,"Sample 80","B2568/S0156",1,"Disordered","",500,500,0.240,true,135807,0.543228,0.479704,0.546337,0.479821,250000,1.000000,-0.000668,0.000000,0,0.000101
1.000,"Sample 81","B17/S2348",1,"Expanding","",500,500,0.240,true,185930,0.743720,0.370188,0.743790,0.370209,250000,1.000000,0.001486,0.000000,0,0.000074
1.000,"Sample 82","B012/S02457",1,"Disordered","",500,500,0.240,true,152150,0.608600,0.770156,0.608381,0.770393,250000,1.000000,0.010185,0.000000,0,0.000202
1.000,"Sample 83","B0123468/S145",1,"Periodic","",500,500,0.240,true,21524,0.086096,0.000712,0.086096,0.000716,250000,1.000000,-0.001444,0.000000,4,0.000097
1.000,"Sample 84","B012357/S023467",1,"Periodic","",500,500,0.240,true,8676,0.034704,0.000016,0.034704,0.000016,250000,1.000000,-0.001453,0.000000,2,0.000238
1.000,"Sample 85","B01248/S0358",1,"Expanding","",500,500,0.240,true,167754,0.671016,0.506084,0.670752,0.505845,250000,1.000000,0.019551,0.000000,0,0.000466
1.000,"Sample 86","B568/S016",1,"Disordered","",500,500,0.240,true,159433,0.637732,0.265936,0.639595,0.267250,250000,1.000000,-0.005618,0.000000,0,0.000072
1.000,"Sample 87","B012456/S0137",1,"Bounded Dynamic","",500,500,0.240,true,1892,0.007568,0.005452,0.008082,0.005854,248500,0.994000,-0.184457,-0.006000,0,0.031399
1.000,"Sample 88","B016/S128",1,"Expanding","",500,500,0.240,true,182545,0.730180,0.397260,0.733701,0.396875,250000,1.000000,0.001176,0.000000,0,0.000079
1.000,"Sample 89","B012348/S2346",1,"Frozen","",500,500,0.240,true,26261,0.105044,0.000000,0.105044,0.000000,250000,1.000000,-0.000126,0.000000,1,0.000015
1.000,"Sample 90","B345678/S012368",1,"Disordered","",500,500,0.240,true,106494,0.425976,0.468392,0.426053,0.469459,250000,1.000000,-0.001484,0.000000,0,0.000058
1.000,"Sample 91","B013578/S147",1,"Disordered","",500,500,0.240,true,148479,0.593916,0.391408,0.594388,0.391945,250000,1.000000,0.002130,0.000000,0,0.000060
1.000,"Sample 92","B127/S14568",1,"Disordered","",500,500,0.240,true,137527,0.550108,0.735036,0.551246,0.733527,250000,1.000000,0.000922,0.000000,0,0.000034
1.000,"Sample 93","B13568/S015678",1,"Disordered","",500,500,0.240,true,122929,0.491716,0.424072,0.490653,0.424308,250000,1.000000,0.000041,0.000000,0,0.000169
1.000,"Sample 94","B0235/S0123",1,"Frozen","",500,500,0.240,true,249353,0.997412,0.000000,0.997412,0.000000,250000,1.000000,0.053508,0.000000,1,0.000252
1.000,"Sample 95","B568/S0135",1,"Expanding","",500,500,0.240,true,168804,0.675216,0.355888,0.671899,0.358680,250000,1.000000,-0.036047,0.000000,0,0.000562
1.000,"Sample 96","B01567/S17",1,"Periodic","",500,500,0.240,true,155294,0.621176,0.002424,0.621205,0.002417,250000,1.000000,-0.001452,0.000000,12,0.000012
1.000,"Sample 97","B01357/S0148",1,"Expanding","",500,500,0.240,true,172137,0.688548,0.299760,0.688966,0.299626,250000,1.000000,0.005144,0.000000,0,0.000105
1.000,"Sample 98","B1258/S03678",1,"Disordered","",500,500,0.240,true,142945,0.571780,0.530696,0.570952,0.531590,250000,1.000000,0.001127,0.000000,0,0.000096
