noise,label,rule,dominantClass,distribution,extinctPct,frozenPct,periodicPct,expandingPct,disorderedPct,structuredPct,boundedPct,avgFinalDensity,avgLastActivity,avgLastArea,avgDensityTrend,avgAreaTrend,avgCenterShift,mobilePct
0.000,"Conway Life","B3/S23","Structured Dynamic","Structured Dynamic: 100%",0.000,0.000,0.000,0.000,0.000,1.000,0.000,0.054264,0.035980,1.000000,-0.073939,0.000000,0.014038,0.000
0.000,"HighLife","B36/S23","Structured Dynamic","Structured Dynamic: 100%",0.000,0.000,0.000,0.000,0.000,1.000,0.000,0.043728,0.031805,1.000000,-0.110651,0.000000,0.021491,0.000
0.000,"Sample 01","B23678/S348","Disordered","Disordered: 100%",0.000,0.000,0.000,0.000,1.000,0.000,0.000,0.491792,0.504266,1.000000,0.000381,0.000000,0.000071,0.000
0.000,"Sample 02","B0467/S02356","Disordered","Disordered: 100%",0.000,0.000,0.000,0.000,1.000,0.000,0.000,0.529316,0.377911,1.000000,0.012008,0.000000,0.000192,0.000
0.000,"Sample 03","B01348/S018","Disordered","Disordered: 100%",0.000,0.000,0.000,0.000,1.000,0.000,0.000,0.412148,0.739564,1.000000,-0.001786,0.000000,0.000051,0.000
0.000,"Sample 04","B234/S0135","Disordered","Disordered: 100%",0.000,0.000,0.000,0.000,1.000,0.000,0.000,0.494676,0.569135,1.000000,-0.000251,0.000000,0.000080,0.000
0.000,"Sample 05","B045678/S678","Structured Dynamic","Structured Dynamic: 100%",0.000,0.000,0.000,0.000,0.000,1.000,0.000,0.283176,0.476329,1.000000,-0.000794,0.000000,0.000096,0.000
0.000,"Sample 06","B3467/S0356","Disordered","Disordered: 100%",0.000,0.000,0.000,0.000,1.000,0.000,0.000,0.615100,0.494829,1.000000,0.020298,0.000000,0.000640,0.000
0.000,"Sample 07","B0378/S12368","Disordered","Disordered: 100%",0.000,0.000,0.000,0.000,1.000,0.000,0.000,0.426984,0.295368,1.000000,0.001128,0.000000,0.000089,0.000
0.000,"Sample 08","B36/S06","Periodic","Periodic: 100%",0.000,0.000,1.000,0.000,0.000,0.000,0.000,0.039332,0.002208,1.000000,-0.003418,0.000000,0.000097,0.000
0.000,"Sample 09","B1234567/S56","Disordered","Disordered: 100%",0.000,0.000,0.000,0.000,1.000,0.000,0.000,0.506116,0.968805,1.000000,-0.141872,0.000000,0.000950,0.000
0.000,"Sample 10","B13568/S13567","Expanding","Expanding: 100%",0.000,0.000,0.000,1.000,0.000,0.000,0.000,0.726772,0.333566,1.000000,0.004433,0.000000,0.000084,0.000
0.000,"Sample 11","B01467/S0134","Disordered","Disordered: 100%",0.000,0.000,0.000,0.000,1.000,0.000,0.000,0.469820,0.453242,1.000000,-0.000044,0.000000,0.000123,0.000
0.000,"Sample 12","B1578/S035678","Periodic","Periodic: 100%",0.000,0.000,1.000,0.000,0.000,0.000,0.000,0.994528,0.000088,1.000000,0.581734,0.000000,0.002905,0.000
0.000,"Sample 13","B1235678/S013578","Disordered","Disordered: 100%",0.000,0.000,0.000,0.000,1.000,0.000,0.000,0.625792,0.598590,1.000000,-0.003316,0.000000,0.000112,0.000
0.000,"Sample 14","B0346/S1235","Disordered","Disordered: 100%",0.000,0.000,0.000,0.000,1.000,0.000,0.000,0.525520,0.530291,1.000000,0.000268,0.000000,0.000071,0.000
0.000,"Sample 15","B24567/S03467","Expanding","Expanding: 100%",0.000,0.000,0.000,1.000,0.000,0.000,0.000,0.735340,0.459324,1.000000,0.005439,0.000000,0.000116,0.000
0.000,"Sample 16","B1245/S2358","Disordered","Disordered: 100%",0.000,0.000,0.000,0.000,1.000,0.000,0.000,0.535548,0.557735,1.000000,-0.000333,0.000000,0.000084,0.000
0.000,"Sample 17","B0123678/S035","Periodic","Periodic: 100%",0.000,0.000,1.000,0.000,0.000,0.000,0.000,0.026456,0.995466,1.000000,-0.000150,0.000000,0.005986,0.000
0.000,"Sample 18","B12457/S2367","Disordered","Disordered: 100%",0.000,0.000,0.000,0.000,1.000,0.000,0.000,0.552652,0.588155,1.000000,-0.001162,0.000000,0.000189,0.000
0.000,"Sample 19","B03568/S4568","Expanding","Expanding: 100%",0.000,0.000,0.000,1.000,0.000,0.000,0.000,0.690988,0.387684,1.000000,0.021783,0.000000,0.000050,0.000
0.000,"Sample 20","B378/S01678","Periodic","Periodic: 100%",0.000,0.000,1.000,0.000,0.000,0.000,0.000,0.074620,0.004579,1.000000,-0.010730,0.000000,0.000391,0.000
0.000,"Sample 21","B0268/S346","Disordered","Disordered: 100%",0.000,0.000,0.000,0.000,1.000,0.000,0.000,0.388468,0.345121,1.000000,-0.000104,0.000000,0.000152,0.000
0.000,"Sample 22","B02468/S0245678","Frozen","Frozen: 100%",0.000,1.000,0.000,0.000,0.000,0.000,0.000,0.962568,0.000000,1.000000,0.011693,0.000000,0.000026,0.000
0.000,"Sample 23","B056/S1278","Structured Dynamic","Structured Dynamic: 100%",0.000,0.000,0.000,0.000,0.000,1.000,0.000,0.269748,0.032960,1.000000,0.000082,0.000000,0.000058,0.000
0.000,"Sample 24","B13678/S03458","Disordered","Disordered: 100%",0.000,0.000,0.000,0.000,1.000,0.000,0.000,0.557744,0.365447,1.000000,0.001236,0.000000,0.000141,0.000
0.000,"Sample 25","B234/S2345","Disordered","Disordered: 100%",0.000,0.000,0.000,0.000,1.000,0.000,0.000,0.575268,0.023841,1.000000,0.005441,0.000000,0.000084,0.000
0.000,"Sample 26","B24/S3456","Periodic","Periodic: 100%",0.000,0.000,1.000,0.000,0.000,0.000,0.000,0.663232,0.001426,1.000000,0.006928,0.000000,0.000057,0.000
0.000,"Sample 27","B01457/S0236","Disordered","Disordered: 100%",0.000,0.000,0.000,0.000,1.000,0.000,0.000,0.495076,0.543295,1.000000,0.000055,0.000000,0.000221,0.000
0.000,"Sample 28","B134568/S12568","Expanding","Expanding: 100%",0.000,0.000,0.000,1.000,0.000,0.000,0.000,0.673604,0.524903,1.000000,0.001001,0.000000,0.000006,0.000
0.000,"Sample 29","B0568/S134","Structured Dynamic","Structured Dynamic: 100%",0.000,0.000,0.000,0.000,0.000,1.000,0.000,0.281476,0.049367,1.000000,0.000684,0.000000,0.000636,0.000
0.000,"Sample 30","B6/S013678","Frozen","Frozen: 100%",0.000,1.000,0.000,0.000,0.000,0.000,0.000,0.124948,0.000000,1.000000,-0.000240,0.000000,0.000034,0.000
0.000,"Sample 31","B0167/S012","Disordered","Disordered: 100%",0.000,0.000,0.000,0.000,1.000,0.000,0.000,0.332184,0.473156,1.000000,-0.002095,0.000000,0.000189,0.000
0.000,"Sample 32","B123567/S012357","Disordered","Disordered: 100%",0.000,0.000,0.000,0.000,1.000,0.000,0.000,0.620356,0.579887,1.000000,-0.000759,0.000000,0.000076,0.000
0.000,"Sample 33","B03/S3456","Periodic","Periodic: 100%",0.000,0.000,1.000,0.000,0.000,0.000,0.000,0.633580,0.003651,1.000000,0.010832,0.000000,0.000092,0.000
0.000,"Sample 34","B1367/S026","Disordered","Disordered: 100%",0.000,0.000,0.000,0.000,1.000,0.000,0.000,0.375732,0.544016,1.000000,-0.000541,0.000000,0.000045,0.000
0.000,"Sample 35","B1478/S1247","Disordered","Disordered: 100%",0.000,0.000,0.000,0.000,1.000,0.000,0.000,0.413360,0.389139,1.000000,0.000008,0.000000,0.000048,0.000
0.000,"Sample 36","B123457/S01468","Disordered","Disordered: 100%",0.000,0.000,0.000,0.000,1.000,0.000,0.000,0.597572,0.637994,1.000000,-0.001478,0.000000,0.000048,0.000
0.000,"Sample 37","B25/S012678","Disordered","Disordered: 100%",0.000,0.000,0.000,0.000,1.000,0.000,0.000,0.365356,0.427926,1.000000,-0.000241,0.000000,0.000103,0.000
0.000,"Sample 38","B267/S026","Structured Dynamic","Structured Dynamic: 100%",0.000,0.000,0.000,0.000,0.000,1.000,0.000,0.303308,0.406465,1.000000,-0.000350,0.000000,0.000218,0.000
0.000,"Sample 39","B01236/S1347","Disordered","Disordered: 100%",0.000,0.000,0.000,0.000,1.000,0.000,0.000,0.520272,0.503318,1.000000,-0.002610,0.000000,0.000095,0.000
0.000,"Sample 40","B034568/S012368","Disordered","Disordered: 100%",0.000,0.000,0.000,0.000,1.000,0.000,0.000,0.599504,0.689759,1.000000,0.000614,0.000000,0.000084,0.000
0.000,"Sample 41","B1378/S0357","Disordered","Disordered: 100%",0.000,0.000,0.000,0.000,1.000,0.000,0.000,0.397844,0.457438,1.000000,-0.000321,0.000000,0.000076,0.000
0.000,"Sample 42","B047/S37","Structured Dynamic","Structured Dynamic: 100%",0.000,0.000,0.000,0.000,0.000,1.000,0.000,0.265840,0.413494,1.000000,0.000097,0.000000,0.000121,0.000
0.000,"Sample 43","B01257/S02368","Disordered","Disordered: 100%",0.000,0.000,0.000,0.000,1.000,0.000,0.000,0.456092,0.455033,1.000000,-0.002609,0.000000,0.000077,0.000
0.000,"Sample 44","B04567/S1238","Disordered","Disordered: 100%",0.000,0.000,0.000,0.000,1.000,0.000,0.000,0.414804,0.444553,1.000000,0.000436,0.000000,0.000106,0.000
0.000,"Sample 45","B0134/S124678","Disordered","Disordered: 100%",0.000,0.000,0.000,0.000,1.000,0.000,0.000,0.545876,0.440971,1.000000,-0.001673,0.000000,0.000089,0.000
0.000,"Sample 46","B03468/S3578","Disordered","Disordered: 100%",0.000,0.000,0.000,0.000,1.000,0.000,0.000,0.540088,0.552597,1.000000,0.002985,0.000000,0.000206,0.000
0.000,"Sample 47","B015678/S0123567","Expanding","Expanding: 100%",0.000,0.000,0.000,1.000,0.000,0.000,0.000,0.662592,0.346770,1.000000,0.003300,0.000000,0.000223,0.000
0.000,"Sample 48","B034678/S0137","Disordered","Disordered: 100%",0.000,0.000,0.000,0.000,1.000,0.000,0.000,0.469444,0.651507,1.000000,0.000220,0.000000,0.000161,0.000
0.000,"Sample 49","B2/S014678","Structured Dynamic","Structured Dynamic: 100%",0.000,0.000,0.000,0.000,0.000,1.000,0.000,0.319596,0.373596,1.000000,-0.000026,0.000000,0.000268,0.000
0.000,"Sample 50","B023678/S123578","Disordered","Disordered: 100%",0.000,0.000,0.000,0.000,1.000,0.000,0.000,0.541760,0.437652,1.000000,-0.001712,0.000000,0.000096,0.000
0.000,"Sample 51","B12/S023478","Disordered","Disordered: 100%",0.000,0.000,0.000,0.000,1.000,0.000,0.000,0.477748,0.025898,1.000000,0.003251,0.000000,0.000018,0.000
0.000,"Sample 52","B12578/S023567","Disordered","Disordered: 100%",0.000,0.000,0.000,0.000,1.000,0.000,0.000,0.643040,0.313762,1.000000,0.000375,0.000000,0.000139,0.000
0.000,"Sample 53","B0147/S03578","Disordered","Disordered: 100%",0.000,0.000,0.000,0.000,1.000,0.000,0.000,0.391600,0.443911,1.000000,-0.000839,0.000000,0.000072,0.000
0.000,"Sample 54","B12467/S024567","Expanding","Expanding: 100%",0.000,0.000,0.000,1.000,0.000,0.000,0.000,0.761920,0.173450,1.000000,0.010821,0.000000,0.000221,0.000
0.000,"Sample 55","B123457/S23467","Expanding","Expanding: 100%",0.000,0.000,0.000,1.000,0.000,0.000,0.000,0.684232,0.439454,1.000000,-0.000819,0.000000,0.000048,0.000
0.000,"Sample 56","B13568/S1468","Disordered","Disordered: 100%",0.000,0.000,0.000,0.000,1.000,0.000,0.000,0.499976,0.584509,1.000000,0.000166,0.000000,0.000294,0.000
0.000,"Sample 57","B01368/S13568","Disordered","Disordered: 100%",0.000,0.000,0.000,0.000,1.000,0.000,0.000,0.479028,0.403480,1.000000,-0.001176,0.000000,0.000072,0.000
0.000,"Sample 58","B148/S0368","Structured Dynamic","Structured Dynamic: 100%",0.000,0.000,0.000,0.000,0.000,1.000,0.000,0.329408,0.444082,1.000000,-0.000202,0.000000,0.000294,0.000
0.000,"Sample 59","B01236/S012578","Disordered","Disordered: 100%",0.000,0.000,0.000,0.000,1.000,0.000,0.000,0.524912,0.527731,1.000000,-0.009958,0.000000,0.000077,0.000
0.000,"Sample 60","B348/S023468","Disordered","Disordered: 100%",0.000,0.000,0.000,0.000,1.000,0.000,0.000,0.548704,0.340687,1.000000,0.003475,0.000000,0.000084,0.000
0.000,"Sample 61","B1457/S01567","Disordered","Disordered: 100%",0.000,0.000,0.000,0.000,1.000,0.000,0.000,0.429848,0.531852,1.000000,0.008039,0.000000,0.001056,0.000
0.000,"Sample 62","B237/S0134567","Disordered","Disordered: 100%",0.000,0.000,0.000,0.000,1.000,0.000,0.000,0.702580,0.016455,1.000000,0.001414,0.000000,0.000011,0.000
0.000,"Sample 63","B014568/S2467","Expanding","Expanding: 100%",0.000,0.000,0.000,1.000,0.000,0.000,0.000,0.656336,0.511610,1.000000,0.004020,0.000000,0.000021,0.000
0.000,"Sample 64","B0123578/S0145","Periodic","Periodic: 100%",0.000,0.000,1.000,0.000,0.000,0.000,0.000,0.011628,0.996683,1.000000,-0.002630,0.000000,0.005100,0.000
0.000,"Sample 65","B1268/S34","Disordered","Disordered: 100%",0.000,0.000,0.000,0.000,1.000,0.000,0.000,0.412624,0.425286,1.000000,-0.000751,0.000000,0.000025,0.000
0.000,"Sample 66","B3458/S0347","Disordered","Disordered: 100%",0.000,0.000,0.000,0.000,1.000,0.000,0.000,0.539716,0.582448,1.000000,0.008248,0.000000,0.000057,0.000
0.000,"Sample 67","B56/S7","Extinct","Extinct: 100%",1.000,0.000,0.000,0.000,0.000,0.000,0.000,0.000000,0.000000,0.000000,-0.000171,-0.016368,0.000000,0.000
0.000,"Sample 68","B3478/S067","Periodic","Periodic: 100%",0.000,0.000,1.000,0.000,0.000,0.000,0.000,0.034600,0.012066,1.000000,-0.014020,0.000000,0.001418,0.000
0.000,"Sample 69","B023467/S05","Disordered","Disordered: 100%",0.000,0.000,0.000,0.000,1.000,0.000,0.000,0.493492,0.758538,1.000000,-0.000480,0.000000,0.000063,0.000
0.000,"Sample 70","B1457/S2457","Disordered","Disordered: 100%",0.000,0.000,0.000,0.000,1.000,0.000,0.000,0.615172,0.457257,1.000000,0.004488,0.000000,0.000097,0.000
0.000,"Sample 71","B12357/S456","Disordered","Disordered: 100%",0.000,0.000,0.000,0.000,1.000,0.000,0.000,0.642476,0.401072,1.000000,-0.000497,0.000000,0.000036,0.000
0.000,"Sample 72","B028/S1234578","Frozen","Frozen: 100%",0.000,1.000,0.000,0.000,0.000,0.000,0.000,0.504032,0.000004,1.000000,-0.000324,0.000000,0.000003,0.000
0.000,"Sample 73","B3678/S2348","Disordered","Disordered: 100%",0.000,0.000,0.000,0.000,1.000,0.000,0.000,0.483012,0.366438,1.000000,0.009410,0.000000,0.000176,0.000
0.000,"Sample 74","B047/S02378","Structured Dynamic","Structured Dynamic: 100%",0.000,0.000,0.000,0.000,0.000,1.000,0.000,0.297700,0.253897,1.000000,-0.000251,0.000000,0.000564,0.000
0.000,"Sample 75","B2457/S1235678","Periodic","Periodic: 100%",0.000,0.000,1.000,0.000,0.000,0.000,0.000,0.946144,0.000096,1.000000,0.010835,0.000000,0.000017,0.000
0.000,"Sample 76","B01346/S013568","Disordered","Disordered: 100%",0.000,0.000,0.000,0.000,1.000,0.000,0.000,0.610712,0.436735,1.000000,-0.000228,0.000000,0.000076,0.000
0.000,"Sample 77","B0347/S2567","Disordered","Disordered: 100%",0.000,0.000,0.000,0.000,1.000,0.000,0.000,0.537900,0.457988,1.000000,0.004058,0.000000,0.000259,0.000
0.000,"Sample 78","B134/S123578","Disordered","Disordered: 100%",0.000,0.000,0.000,0.000,1.000,0.000,0.000,0.543748,0.430988,1.000000,-0.000501,0.000000,0.000051,0.000
0.000,"Sample 79","B0234678/S12567","Expanding","Expanding: 100%",0.000,0.000,0.000,1.000,0.000,0.000,0.000,0.710328,0.437003,1.000000,0.000417,0.000000,0.000012,0.000
0.000,"Sample 80","B2568/S0156","Structured Dynamic","Structured Dynamic: 100%",0.000,0.000,0.000,0.000,0.000,1.000,0.000,0.340680,0.472665,1.000000,0.000232,0.000000,0.000155,0.000
0.000,"Sample 81","B17/S2348","Disordered","Disordered: 100%",0.000,0.000,0.000,0.000,1.000,0.000,0.000,0.426144,0.021369,1.000000,0.004247,0.000000,0.000047,0.000
0.000,"Sample 82","B012/S02457","Disordered","Disordered: 100%",0.000,0.000,0.000,0.000,1.000,0.000,0.000,0.425944,0.359256,1.000000,-0.002103,0.000000,0.000038,0.000
0.000,"Sample 83","B0123468/S145","Periodic","Periodic: 100%",0.000,0.000,1.000,0.000,0.000,0.000,0.000,0.032484,0.995486,1.000000,-0.000884,0.000000,0.001331,0.000
0.000,"Sample 84","B012357/S023467","Disordered","Disordered: 100%",0.000,0.000,0.000,0.000,1.000,0.000,0.000,0.632644,0.390650,1.000000,-0.002025,0.000000,0.000098,0.000
0.000,"Sample 85","B01248/S0358","Disordered","Disordered: 100%",0.000,0.000,0.000,0.000,1.000,0.000,0.000,0.459976,0.533889,1.000000,-0.001904,0.000000,0.000067,0.000
0.000,"Sample 86","B568/S016","Frozen","Frozen: 100%",0.000,1.000,0.000,0.000,0.000,0.000,0.000,0.104316,0.000000,1.000000,-0.000075,0.000000,0.000017,0.000
0.000,"Sample 87","B012456/S0137","Disordered","Disordered: 100%",0.000,0.000,0.000,0.000,1.000,0.000,0.000,0.506672,0.725129,1.000000,-0.001878,0.000000,0.000029,0.000
0.000,"Sample 88","B016/S128","Disordered","Disordered: 100%",0.000,0.000,0.000,0.000,1.000,0.000,0.000,0.351784,0.445991,1.000000,-0.000713,0.000000,0.000155,0.000
0.000,"Sample 89","B012348/S2346","Periodic","Periodic: 100%",0.000,0.000,1.000,0.000,0.000,0.000,0.000,0.032324,0.993032,1.000000,-0.008554,0.000000,0.004802,0.000
0.000,"Sample 90","B345678/S012368","Disordered","Disordered: 100%",0.000,0.000,0.000,0.000,1.000,0.000,0.000,0.629528,0.728120,1.000000,0.004176,0.000000,0.000038,0.000
0.000,"Sample 91","B013578/S147","Disordered","Disordered: 100%",0.000,0.000,0.000,0.000,1.000,0.000,0.000,0.434856,0.579844,1.000000,-0.001040,0.000000,0.000096,0.000
0.000,"Sample 92","B127/S14568","Disordered","Disordered: 100%",0.000,0.000,0.000,0.000,1.000,0.000,0.000,0.455548,0.321683,1.000000,-0.001545,0.000000,0.000076,0.000
0.000,"Sample 93","B13568/S015678","Periodic","Periodic: 100%",0.000,0.000,1.000,0.000,0.000,0.000,0.000,0.986120,0.000016,1.000000,0.047093,0.000000,0.000463,0.000
0.000,"Sample 94","B0235/S0123","Periodic","Periodic: 100%",0.000,0.000,1.000,0.000,0.000,0.000,0.000,0.003028,0.974896,0.999000,0.008461,-0.000480,0.012935,0.000
0.000,"Sample 95","B568/S0135","Frozen","Frozen: 100%",0.000,1.000,0.000,0.000,0.000,0.000,0.000,0.118752,0.000000,1.000000,-0.000607,0.000000,0.000053,0.000
0.000,"Sample 96","B01567/S17","Structured Dynamic","Structured Dynamic: 100%",0.000,0.000,0.000,0.000,0.000,1.000,0.000,0.336840,0.547244,1.000000,-0.000654,0.000000,0.000196,0.000
0.000,"Sample 97","B01357/S0148","Disordered","Disordered: 100%",0.000,0.000,0.000,0.000,1.000,0.000,0.000,0.432712,0.583920,1.000000,-0.001158,0.000000,0.000092,0.000
0.000,"Sample 98","B1258/S03678","Disordered","Disordered: 100%",0.000,0.000,0.000,0.000,1.000,0.000,0.000,0.413112,0.520717,1.000000,-0.001645,0.000000,0.000097,0.000
0.001,"Conway Life","B3/S23","Structured Dynamic","Structured Dynamic: 100%",0.000,0.000,0.000,0.000,0.000,1.000,0.000,0.075364,0.061500,1.000000,-0.060257,0.000000,0.002355,0.000
0.001,"HighLife","B36/S23","Structured Dynamic","Structured Dynamic: 100%",0.000,0.000,0.000,0.000,0.000,1.000,0.000,0.059384,0.054471,1.000000,-0.104462,0.000000,0.002588,0.000
0.001,"Sample 01","B23678/S348","Disordered","Disordered: 100%",0.000,0.000,0.000,0.000,1.000,0.000,0.000,0.491032,0.504493,1.000000,0.000437,0.000000,0.000051,0.000
0.001,"Sample 02","B0467/S02356","Disordered","Disordered: 100%",0.000,0.000,0.000,0.000,1.000,0.000,0.000,0.530704,0.378565,1.000000,0.013277,0.000000,0.000131,0.000
0.001,"Sample 03","B01348/S018","Disordered","Disordered: 100%",0.000,0.000,0.000,0.000,1.000,0.000,0.000,0.408732,0.738967,1.000000,-0.001959,0.000000,0.000057,0.000
0.001,"Sample 04","B234/S0135","Disordered","Disordered: 100%",0.000,0.000,0.000,0.000,1.000,0.000,0.000,0.496840,0.569041,1.000000,-0.000096,0.000000,0.000116,0.000
0.001,"Sample 05","B045678/S678","Structured Dynamic","Structured Dynamic: 100%",0.000,0.000,0.000,0.000,0.000,1.000,0.000,0.282284,0.475453,1.000000,-0.000670,0.000000,0.000818,0.000
0.001,"Sample 06","B3467/S0356","Disordered","Disordered: 100%",0.000,0.000,0.000,0.000,1.000,0.000,0.000,0.614228,0.494691,1.000000,0.019979,0.000000,0.000620,0.000
0.001,"Sample 07","B0378/S12368","Disordered","Disordered: 100%",0.000,0.000,0.000,0.000,1.000,0.000,0.000,0.424636,0.298958,1.000000,0.001081,0.000000,0.000152,0.000
0.001,"Sample 08","B36/S06","Bounded Dynamic","Bounded Dynamic: 100%",0.000,0.000,0.000,0.000,0.000,0.000,1.000,0.050836,0.003183,1.000000,0.001057,0.000000,0.002121,0.000
0.001,"Sample 09","B1234567/S56","Disordered","Disordered: 100%",0.000,0.000,0.000,0.000,1.000,0.000,0.000,0.509632,0.957048,1.000000,-0.136809,0.000000,0.001885,0.000
0.001,"Sample 10","B13568/S13567","Expanding","Expanding: 100%",0.000,0.000,0.000,1.000,0.000,0.000,0.000,0.725812,0.333622,1.000000,0.004543,0.000000,0.000070,0.000
0.001,"Sample 11","B01467/S0134","Disordered","Disordered: 100%",0.000,0.000,0.000,0.000,1.000,0.000,0.000,0.470632,0.453434,1.000000,-0.000293,0.000000,0.000016,0.000
0.001,"Sample 12","B1578/S035678","Expanding","Expanding: 100%",0.000,0.000,0.000,1.000,0.000,0.000,0.000,0.998916,0.002013,1.000000,0.591815,0.000000,0.004763,0.000
0.001,"Sample 13","B1235678/S013578","Disordered","Disordered: 100%",0.000,0.000,0.000,0.000,1.000,0.000,0.000,0.627676,0.598423,1.000000,-0.003362,0.000000,0.000110,0.000
0.001,"Sample 14","B0346/S1235","Disordered","Disordered: 100%",0.000,0.000,0.000,0.000,1.000,0.000,0.000,0.525384,0.530261,1.000000,0.000381,0.000000,0.000068,0.000
0.001,"Sample 15","B24567/S03467","Expanding","Expanding: 100%",0.000,0.000,0.000,1.000,0.000,0.000,0.000,0.732404,0.460059,1.000000,0.005157,0.000000,0.000025,0.000
0.001,"Sample 16","B1245/S2358","Disordered","Disordered: 100%",0.000,0.000,0.000,0.000,1.000,0.000,0.000,0.535152,0.557596,1.000000,-0.000350,0.000000,0.000049,0.000
0.001,"Sample 17","B0123678/S035","Disordered","Disordered: 100%",0.000,0.000,0.000,0.000,1.000,0.000,0.000,0.003856,0.997750,0.998481,-0.000936,-0.001519,0.006566,0.000
0.001,"Sample 18","B12457/S2367","Disordered","Disordered: 100%",0.000,0.000,0.000,0.000,1.000,0.000,0.000,0.552992,0.588041,1.000000,-0.000809,0.000000,0.000026,0.000
0.001,"Sample 19","B03568/S4568","Expanding","Expanding: 100%",0.000,0.000,0.000,1.000,0.000,0.000,0.000,0.692148,0.387611,1.000000,0.022144,0.000000,0.000267,0.000
0.001,"Sample 20","B378/S01678","Structured Dynamic","Structured Dynamic: 100%",0.000,0.000,0.000,0.000,0.000,1.000,0.000,0.085248,0.017662,1.000000,-0.008000,0.000000,0.002460,0.000
0.001,"Sample 21","B0268/S346","Disordered","Disordered: 100%",0.000,0.000,0.000,0.000,1.000,0.000,0.000,0.389056,0.345362,1.000000,-0.000179,0.000000,0.000201,0.000
0.001,"Sample 22","B02468/S0245678","Bounded Dynamic","Bounded Dynamic: 100%",0.000,0.000,0.000,0.000,0.000,0.000,1.000,0.998168,0.002002,1.000000,0.033369,0.000000,0.000050,0.000
0.001,"Sample 23","B056/S1278","Structured Dynamic","Structured Dynamic: 100%",0.000,0.000,0.000,0.000,0.000,1.000,0.000,0.274968,0.038207,1.000000,0.003339,0.000000,0.000430,0.000
0.001,"Sample 24","B13678/S03458","Disordered","Disordered: 100%",0.000,0.000,0.000,0.000,1.000,0.000,0.000,0.554404,0.365635,1.000000,0.001035,0.000000,0.000101,0.000
0.001,"Sample 25","B234/S2345","Disordered","Disordered: 100%",0.000,0.000,0.000,0.000,1.000,0.000,0.000,0.564868,0.020129,1.000000,-0.002187,0.000000,0.000175,0.000
0.001,"Sample 26","B24/S3456","Bounded Dynamic","Bounded Dynamic: 100%",0.000,0.000,0.000,0.000,0.000,0.000,1.000,0.654872,0.004853,1.000000,0.003246,0.000000,0.000253,0.000
0.001,"Sample 27","B01457/S0236","Disordered","Disordered: 100%",0.000,0.000,0.000,0.000,1.000,0.000,0.000,0.495448,0.542951,1.000000,-0.000374,0.000000,0.000097,0.000
0.001,"Sample 28","B134568/S12568","Expanding","Expanding: 100%",0.000,0.000,0.000,1.000,0.000,0.000,0.000,0.674512,0.525277,1.000000,0.000969,0.000000,0.000099,0.000
0.001,"Sample 29","B0568/S134","Structured Dynamic","Structured Dynamic: 100%",0.000,0.000,0.000,0.000,0.000,1.000,0.000,0.282248,0.145044,1.000000,0.000612,0.000000,0.000286,0.000
0.001,"Sample 30","B6/S013678","Bounded Dynamic","Bounded Dynamic: 100%",0.000,0.000,0.000,0.000,0.000,0.000,1.000,0.153692,0.001685,1.000000,0.018941,0.000000,0.000608,0.000
0.001,"Sample 31","B0167/S012","Disordered","Disordered: 100%",0.000,0.000,0.000,0.000,1.000,0.000,0.000,0.378480,0.614389,1.000000,0.020476,0.000000,0.001307,0.000
0.001,"Sample 32","B123567/S012357","Disordered","Disordered: 100%",0.000,0.000,0.000,0.000,1.000,0.000,0.000,0.621764,0.579603,1.000000,-0.000990,0.000000,0.000095,0.000
0.001,"Sample 33","B03/S3456","Bounded Dynamic","Bounded Dynamic: 100%",0.000,0.000,0.000,0.000,0.000,0.000,1.000,0.619552,0.007245,1.000000,0.003919,0.000000,0.000149,0.000
0.001,"Sample 34","B1367/S026","Disordered","Disordered: 100%",0.000,0.000,0.000,0.000,1.000,0.000,0.000,0.377636,0.544104,1.000000,-0.000648,0.000000,0.000066,0.000
0.001,"Sample 35","B1478/S1247","Disordered","Disordered: 100%",0.000,0.000,0.000,0.000,1.000,0.000,0.000,0.415364,0.389471,1.000000,0.000000,0.000000,0.000082,0.000
0.001,"Sample 36","B123457/S01468","Disordered","Disordered: 100%",0.000,0.000,0.000,0.000,1.000,0.000,0.000,0.596928,0.638193,1.000000,-0.001729,0.000000,0.000043,0.000
0.001,"Sample 37","B25/S012678","Disordered","Disordered: 100%",0.000,0.000,0.000,0.000,1.000,0.000,0.000,0.365408,0.428381,1.000000,-0.000168,0.000000,0.000250,0.000
0.001,"Sample 38","B267/S026","Structured Dynamic","Structured Dynamic: 100%",0.000,0.000,0.000,0.000,0.000,1.000,0.000,0.303280,0.406889,1.000000,-0.000480,0.000000,0.000373,0.000
0.001,"Sample 39","B01236/S1347","Disordered","Disordered: 100%",0.000,0.000,0.000,0.000,1.000,0.000,0.000,0.519120,0.503200,1.000000,-0.002643,0.000000,0.000028,0.000
0.001,"Sample 40","B034568/S012368","Disordered","Disordered: 100%",0.000,0.000,0.000,0.000,1.000,0.000,0.000,0.598640,0.689445,1.000000,0.000616,0.000000,0.000028,0.000
0.001,"Sample 41","B1378/S0357","Disordered","Disordered: 100%",0.000,0.000,0.000,0.000,1.000,0.000,0.000,0.397680,0.457321,1.000000,-0.000566,0.000000,0.000123,0.000
0.001,"Sample 42","B047/S37","Structured Dynamic","Structured Dynamic: 100%",0.000,0.000,0.000,0.000,0.000,1.000,0.000,0.266068,0.412903,1.000000,0.000170,0.000000,0.000219,0.000
0.001,"Sample 43","B01257/S02368","Disordered","Disordered: 100%",0.000,0.000,0.000,0.000,1.000,0.000,0.000,0.456364,0.455332,1.000000,-0.002647,0.000000,0.000074,0.000
0.001,"Sample 44","B04567/S1238","Disordered","Disordered: 100%",0.000,0.000,0.000,0.000,1.000,0.000,0.000,0.416008,0.446062,1.000000,0.000660,0.000000,0.000269,0.000
0.001,"Sample 45","B0134/S124678","Disordered","Disordered: 100%",0.000,0.000,0.000,0.000,1.000,0.000,0.000,0.545096,0.441296,1.000000,-0.001643,0.000000,0.000108,0.000
0.001,"Sample 46","B03468/S3578","Disordered","Disordered: 100%",0.000,0.000,0.000,0.000,1.000,0.000,0.000,0.540488,0.552631,1.000000,0.003014,0.000000,0.000036,0.000
0.001,"Sample 47","B015678/S0123567","Expanding","Expanding: 100%",0.000,0.000,0.000,1.000,0.000,0.000,0.000,0.663628,0.347084,1.000000,0.003401,0.000000,0.000246,0.000
0.001,"Sample 48","B034678/S0137","Disordered","Disordered: 100%",0.000,0.000,0.000,0.000,1.000,0.000,0.000,0.467684,0.651005,1.000000,0.000249,0.000000,0.000090,0.000
0.001,"Sample 49","B2/S014678","Structured Dynamic","Structured Dynamic: 100%",0.000,0.000,0.000,0.000,0.000,1.000,0.000,0.317448,0.373772,1.000000,-0.000009,0.000000,0.000050,0.000
0.001,"Sample 50","B023678/S123578","Disordered","Disordered: 100%",0.000,0.000,0.000,0.000,1.000,0.000,0.000,0.540008,0.437701,1.000000,-0.001795,0.000000,0.000050,0.000
0.001,"Sample 51","B12/S023478","Disordered","Disordered: 100%",0.000,0.000,0.000,0.000,1.000,0.000,0.000,0.474000,0.051397,1.000000,0.000420,0.000000,0.000300,0.000
0.001,"Sample 52","B12578/S023567","Disordered","Disordered: 100%",0.000,0.000,0.000,0.000,1.000,0.000,0.000,0.639368,0.313917,1.000000,0.000439,0.000000,0.000370,0.000
0.001,"Sample 53","B0147/S03578","Disordered","Disordered: 100%",0.000,0.000,0.000,0.000,1.000,0.000,0.000,0.392060,0.444157,1.000000,-0.000882,0.000000,0.000249,0.000
0.001,"Sample 54","B12467/S024567","Expanding","Expanding: 100%",0.000,0.000,0.000,1.000,0.000,0.000,0.000,0.751696,0.215555,1.000000,0.004216,0.000000,0.000108,0.000
0.001,"Sample 55","B123457/S23467","Expanding","Expanding: 100%",0.000,0.000,0.000,1.000,0.000,0.000,0.000,0.684112,0.439383,1.000000,-0.000527,0.000000,0.000018,0.000
0.001,"Sample 56","B13568/S1468","Disordered","Disordered: 100%",0.000,0.000,0.000,0.000,1.000,0.000,0.000,0.500628,0.584362,1.000000,0.000518,0.000000,0.000136,0.000
0.001,"Sample 57","B01368/S13568","Disordered","Disordered: 100%",0.000,0.000,0.000,0.000,1.000,0.000,0.000,0.478340,0.403885,1.000000,-0.001673,0.000000,0.000174,0.000
0.001,"Sample 58","B148/S0368","Structured Dynamic","Structured Dynamic: 100%",0.000,0.000,0.000,0.000,0.000,1.000,0.000,0.328388,0.444127,1.000000,-0.000306,0.000000,0.000167,0.000
0.001,"Sample 59","B01236/S012578","Disordered","Disordered: 100%",0.000,0.000,0.000,0.000,1.000,0.000,0.000,0.524612,0.527715,1.000000,-0.009684,0.000000,0.000151,0.000
0.001,"Sample 60","B348/S023468","Disordered","Disordered: 100%",0.000,0.000,0.000,0.000,1.000,0.000,0.000,0.549748,0.343033,1.000000,0.003981,0.000000,0.000168,0.000
0.001,"Sample 61","B1457/S01567","Disordered","Disordered: 100%",0.000,0.000,0.000,0.000,1.000,0.000,0.000,0.428040,0.532308,1.000000,0.005338,0.000000,0.002111,0.000
0.001,"Sample 62","B237/S0134567","Disordered","Disordered: 100%",0.000,0.000,0.000,0.000,1.000,0.000,0.000,0.693780,0.017087,1.000000,-0.005391,0.000000,0.000253,0.000
0.001,"Sample 63","B014568/S2467","Expanding","Expanding: 100%",0.000,0.000,0.000,1.000,0.000,0.000,0.000,0.654736,0.511650,1.000000,0.003970,0.000000,0.000163,0.000
0.001,"Sample 64","B0123578/S0145","Disordered","Disordered: 100%",0.000,0.000,0.000,0.000,1.000,0.000,0.000,0.001936,0.998011,0.998062,-0.003567,-0.001938,0.011365,0.000
0.001,"Sample 65","B1268/S34","Disordered","Disordered: 100%",0.000,0.000,0.000,0.000,1.000,0.000,0.000,0.414344,0.424974,1.000000,-0.000791,0.000000,0.000057,0.000
0.001,"Sample 66","B3458/S0347","Disordered","Disordered: 100%",0.000,0.000,0.000,0.000,1.000,0.000,0.000,0.537068,0.582298,1.000000,0.008049,0.000000,0.000138,0.000
0.001,"Sample 67","B56/S7","Bounded Dynamic","Bounded Dynamic: 100%",0.000,0.000,0.000,0.000,0.000,0.000,1.000,0.000924,0.001981,0.986862,-0.000177,-0.001432,0.001362,0.000
0.001,"Sample 68","B3478/S067","Bounded Dynamic","Bounded Dynamic: 100%",0.000,0.000,0.000,0.000,0.000,0.000,1.000,0.050200,0.004449,1.000000,-0.007307,0.000000,0.003478,0.000
0.001,"Sample 69","B023467/S05","Disordered","Disordered: 100%",0.000,0.000,0.000,0.000,1.000,0.000,0.000,0.494436,0.757958,1.000000,-0.000342,0.000000,0.000098,0.000
0.001,"Sample 70","B1457/S2457","Disordered","Disordered: 100%",0.000,0.000,0.000,0.000,1.000,0.000,0.000,0.613712,0.457390,1.000000,0.004658,0.000000,0.000096,0.000
0.001,"Sample 71","B12357/S456","Disordered","Disordered: 100%",0.000,0.000,0.000,0.000,1.000,0.000,0.000,0.641132,0.400754,1.000000,-0.000218,0.000000,0.000077,0.000
0.001,"Sample 72","B028/S1234578","Bounded Dynamic","Bounded Dynamic: 100%",0.000,0.000,0.000,0.000,0.000,0.000,1.000,0.500680,0.001673,1.000000,-0.002123,0.000000,0.000228,0.000
0.001,"Sample 73","B3678/S2348","Disordered","Disordered: 100%",0.000,0.000,0.000,0.000,1.000,0.000,0.000,0.482200,0.366657,1.000000,0.009257,0.000000,0.000050,0.000
0.001,"Sample 74","B047/S02378","Structured Dynamic","Structured Dynamic: 100%",0.000,0.000,0.000,0.000,0.000,1.000,0.000,0.298364,0.256168,1.000000,-0.000221,0.000000,0.000348,0.000
0.001,"Sample 75","B2457/S1235678","Bounded Dynamic","Bounded Dynamic: 100%",0.000,0.000,0.000,0.000,0.000,0.000,1.000,0.937568,0.001902,1.000000,0.007026,0.000000,0.000095,0.000
0.001,"Sample 76","B01346/S013568","Disordered","Disordered: 100%",0.000,0.000,0.000,0.000,1.000,0.000,0.000,0.611720,0.437323,1.000000,-0.000320,0.000000,0.000155,0.000
0.001,"Sample 77","B0347/S2567","Disordered","Disordered: 100%",0.000,0.000,0.000,0.000,1.000,0.000,0.000,0.538772,0.457668,1.000000,0.004253,0.000000,0.000514,0.000
0.001,"Sample 78","B134/S123578","Disordered","Disordered: 100%",0.000,0.000,0.000,0.000,1.000,0.000,0.000,0.546340,0.431300,1.000000,-0.000500,0.000000,0.000048,0.000
0.001,"Sample 79","B0234678/S12567","Expanding","Expanding: 100%",0.000,0.000,0.000,1.000,0.000,0.000,0.000,0.713112,0.436641,1.000000,0.000340,0.000000,0.000119,0.000
0.001,"Sample 80","B2568/S0156","Structured Dynamic","Structured Dynamic: 100%",0.000,0.000,0.000,0.000,0.000,1.000,0.000,0.340632,0.472642,1.000000,-0.000219,0.000000,0.000192,0.000
0.001,"Sample 81","B17/S2348","Disordered","Disordered: 100%",0.000,0.000,0.000,0.000,1.000,0.000,0.000,0.428444,0.024488,1.000000,0.007536,0.000000,0.000443,0.000
0.001,"Sample 82","B012/S02457","Disordered","Disordered: 100%",0.000,0.000,0.000,0.000,1.000,0.000,0.000,0.425372,0.359095,1.000000,-0.002091,0.000000,0.000074,0.000
0.001,"Sample 83","B0123468/S145","Disordered","Disordered: 100%",0.000,0.000,0.000,0.000,1.000,0.000,0.000,0.052484,0.996925,1.000000,-0.001182,0.000000,0.002136,0.000
0.001,"Sample 84","B012357/S023467","Disordered","Disordered: 100%",0.000,0.000,0.000,0.000,1.000,0.000,0.000,0.633888,0.390811,1.000000,-0.001901,0.000000,0.000104,0.000
0.001,"Sample 85","B01248/S0358","Disordered","Disordered: 100%",0.000,0.000,0.000,0.000,1.000,0.000,0.000,0.462652,0.533677,1.000000,-0.001985,0.000000,0.000018,0.000
0.001,"Sample 86","B568/S016","Bounded Dynamic","Bounded Dynamic: 100%",0.000,0.000,0.000,0.000,0.000,0.000,1.000,0.149624,0.001735,1.000000,0.029741,0.000000,0.000327,0.000
0.001,"Sample 87","B012456/S0137","Disordered","Disordered: 100%",0.000,0.000,0.000,0.000,1.000,0.000,0.000,0.505296,0.724879,1.000000,-0.001823,0.000000,0.000032,0.000
0.001,"Sample 88","B016/S128","Disordered","Disordered: 100%",0.000,0.000,0.000,0.000,1.000,0.000,0.000,0.352196,0.445393,1.000000,-0.000719,0.000000,0.000140,0.000
0.001,"Sample 89","B012348/S2346","Disordered","Disordered: 100%",0.000,0.000,0.000,0.000,1.000,0.000,0.000,0.070596,0.953097,1.000000,-0.004077,0.000000,0.000745,0.000
0.001,"Sample 90","B345678/S012368","Disordered","Disordered: 100%",0.000,0.000,0.000,0.000,1.000,0.000,0.000,0.626140,0.727598,1.000000,0.004123,0.000000,0.000024,0.000
0.001,"Sample 91","B013578/S147","Disordered","Disordered: 100%",0.000,0.000,0.000,0.000,1.000,0.000,0.000,0.435020,0.579789,1.000000,-0.000928,0.000000,0.000012,0.000
0.001,"Sample 92","B127/S14568","Disordered","Disordered: 100%",0.000,0.000,0.000,0.000,1.000,0.000,0.000,0.452920,0.322654,1.000000,-0.001281,0.000000,0.000175,0.000
0.001,"Sample 93","B13568/S015678","Bounded Dynamic","Bounded Dynamic: 100%",0.000,0.000,0.000,0.000,0.000,0.000,1.000,0.998300,0.002005,1.000000,0.055871,0.000000,0.000446,0.000
0.001,"Sample 94","B0235/S0123","Disordered","Disordered: 100%",0.000,0.000,0.000,0.000,1.000,0.000,0.000,0.016760,0.909882,1.000000,0.002440,0.000060,0.008624,0.000
0.001,"Sample 95","B568/S0135","Bounded Dynamic","Bounded Dynamic: 100%",0.000,0.000,0.000,0.000,0.000,0.000,1.000,0.151360,0.001722,1.000000,0.021149,0.000000,0.001951,0.000
0.001,"Sample 96","B01567/S17","Structured Dynamic","Structured Dynamic: 100%",0.000,0.000,0.000,0.000,0.000,1.000,0.000,0.337068,0.546289,1.000000,-0.000594,0.000000,0.000163,0.000
0.001,"Sample 97","B01357/S0148","Disordered","Disordered: 100%",0.000,0.000,0.000,0.000,1.000,0.000,0.000,0.434528,0.583764,1.000000,-0.001283,0.000000,0.000121,0.000
0.001,"Sample 98","B1258/S03678","Disordered","Disordered: 100%",0.000,0.000,0.000,0.000,1.000,0.000,0.000,0.413452,0.520632,1.000000,-0.001853,0.000000,0.000109,0.000
0.005,"Conway Life","B3/S23","Structured Dynamic","Structured Dynamic: 100%",0.000,0.000,0.000,0.000,0.000,1.000,0.000,0.085588,0.078409,1.000000,-0.065631,0.000000,0.001649,0.000
0.005,"HighLife","B36/S23","Structured Dynamic","Structured Dynamic: 100%",0.000,0.000,0.000,0.000,0.000,1.000,0.000,0.121084,0.115646,1.000000,-0.069267,0.000000,0.010818,0.000
0.005,"Sample 01","B23678/S348","Disordered","Disordered: 100%",0.000,0.000,0.000,0.000,1.000,0.000,0.000,0.490204,0.503978,1.000000,0.000325,0.000000,0.000148,0.000
0.005,"Sample 02","B0467/S02356","Disordered","Disordered: 100%",0.000,0.000,0.000,0.000,1.000,0.000,0.000,0.535980,0.380632,1.000000,0.012430,0.000000,0.000355,0.000
0.005,"Sample 03","B01348/S018","Disordered","Disordered: 100%",0.000,0.000,0.000,0.000,1.000,0.000,0.000,0.411060,0.736486,1.000000,-0.001723,0.000000,0.000047,0.000
0.005,"Sample 04","B234/S0135","Disordered","Disordered: 100%",0.000,0.000,0.000,0.000,1.000,0.000,0.000,0.495832,0.568787,1.000000,-0.000096,0.000000,0.000082,0.000
0.005,"Sample 05","B045678/S678","Structured Dynamic","Structured Dynamic: 100%",0.000,0.000,0.000,0.000,0.000,1.000,0.000,0.283408,0.474057,1.000000,-0.000225,0.000000,0.000401,0.000
0.005,"Sample 06","B3467/S0356","Disordered","Disordered: 100%",0.000,0.000,0.000,0.000,1.000,0.000,0.000,0.614636,0.494895,1.000000,0.018376,0.000000,0.000527,0.000
0.005,"Sample 07","B0378/S12368","Disordered","Disordered: 100%",0.000,0.000,0.000,0.000,1.000,0.000,0.000,0.424592,0.309510,1.000000,0.000820,0.000000,0.000099,0.000
0.005,"Sample 08","B36/S06","Structured Dynamic","Structured Dynamic: 100%",0.000,0.000,0.000,0.000,0.000,1.000,0.000,0.056548,0.015519,1.000000,-0.001995,0.000000,0.001709,0.000
0.005,"Sample 09","B1234567/S56","Disordered","Disordered: 100%",0.000,0.000,0.000,0.000,1.000,0.000,0.000,0.545560,0.860194,1.000000,-0.095615,0.000000,0.001807,0.000
0.005,"Sample 10","B13568/S13567","Expanding","Expanding: 100%",0.000,0.000,0.000,1.000,0.000,0.000,0.000,0.727740,0.334929,1.000000,0.004409,0.000000,0.000019,0.000
0.005,"Sample 11","B01467/S0134","Disordered","Disordered: 100%",0.000,0.000,0.000,0.000,1.000,0.000,0.000,0.470592,0.453863,1.000000,-0.000298,0.000000,0.000089,0.000
0.005,"Sample 12","B1578/S035678","Expanding","Expanding: 100%",0.000,0.000,0.000,1.000,0.000,0.000,0.000,0.995092,0.009964,1.000000,0.595484,0.000000,0.004056,0.000
0.005,"Sample 13","B1235678/S013578","Disordered","Disordered: 100%",0.000,0.000,0.000,0.000,1.000,0.000,0.000,0.624688,0.597577,1.000000,-0.003247,0.000000,0.000027,0.000
0.005,"Sample 14","B0346/S1235","Disordered","Disordered: 100%",0.000,0.000,0.000,0.000,1.000,0.000,0.000,0.527768,0.529906,1.000000,0.000302,0.000000,0.000111,0.000
0.005,"Sample 15","B24567/S03467","Expanding","Expanding: 100%",0.000,0.000,0.000,1.000,0.000,0.000,0.000,0.732280,0.461763,1.000000,0.005383,0.000000,0.000030,0.000
0.005,"Sample 16","B1245/S2358","Disordered","Disordered: 100%",0.000,0.000,0.000,0.000,1.000,0.000,0.000,0.536672,0.556857,1.000000,-0.000369,0.000000,0.000031,0.000
0.005,"Sample 17","B0123678/S035","Disordered","Disordered: 100%",0.000,0.000,0.000,0.000,1.000,0.000,0.000,0.055128,0.957670,1.000000,0.000632,0.000000,0.018989,0.000
0.005,"Sample 18","B12457/S2367","Disordered","Disordered: 100%",0.000,0.000,0.000,0.000,1.000,0.000,0.000,0.551464,0.587821,1.000000,-0.000837,0.000000,0.000180,0.000
0.005,"Sample 19","B03568/S4568","Expanding","Expanding: 100%",0.000,0.000,0.000,1.000,0.000,0.000,0.000,0.689208,0.388851,1.000000,0.021653,0.000000,0.000126,0.000
0.005,"Sample 20","B378/S01678","Structured Dynamic","Structured Dynamic: 100%",0.000,0.000,0.000,0.000,0.000,1.000,0.000,0.114572,0.071058,1.000000,-0.007337,0.000000,0.000408,0.000
0.005,"Sample 21","B0268/S346","Disordered","Disordered: 100%",0.000,0.000,0.000,0.000,1.000,0.000,0.000,0.388620,0.346038,1.000000,0.000318,0.000000,0.000265,0.000
0.005,"Sample 22","B02468/S0245678","Bounded Dynamic","Bounded Dynamic: 100%",0.000,0.000,0.000,0.000,0.000,0.000,1.000,0.991704,0.009937,1.000000,0.018897,0.000000,0.000074,0.000
0.005,"Sample 23","B056/S1278","Structured Dynamic","Structured Dynamic: 100%",0.000,0.000,0.000,0.000,0.000,1.000,0.000,0.274156,0.077900,1.000000,0.000945,0.000000,0.000130,0.000
0.005,"Sample 24","B13678/S03458","Disordered","Disordered: 100%",0.000,0.000,0.000,0.000,1.000,0.000,0.000,0.557856,0.366377,1.000000,0.001153,0.000000,0.000251,0.000
0.005,"Sample 25","B234/S2345","Disordered","Disordered: 100%",0.000,0.000,0.000,0.000,1.000,0.000,0.000,0.556508,0.050438,1.000000,-0.006762,0.000000,0.000387,0.000
0.005,"Sample 26","B24/S3456","Disordered","Disordered: 100%",0.000,0.000,0.000,0.000,1.000,0.000,0.000,0.651136,0.018754,1.000000,0.005081,0.000000,0.000175,0.000
0.005,"Sample 27","B01457/S0236","Disordered","Disordered: 100%",0.000,0.000,0.000,0.000,1.000,0.000,0.000,0.493312,0.543466,1.000000,-0.000002,0.000000,0.000095,0.000
0.005,"Sample 28","B134568/S12568","Expanding","Expanding: 100%",0.000,0.000,0.000,1.000,0.000,0.000,0.000,0.671088,0.526369,1.000000,0.001036,0.000000,0.000045,0.000
0.005,"Sample 29","B0568/S134","Structured Dynamic","Structured Dynamic: 100%",0.000,0.000,0.000,0.000,0.000,1.000,0.000,0.283020,0.187275,1.000000,0.000304,0.000000,0.000055,0.000
0.005,"Sample 30","B6/S013678","Bounded Dynamic","Bounded Dynamic: 100%",0.000,0.000,0.000,0.000,0.000,0.000,1.000,0.157036,0.008425,1.000000,0.008626,0.000000,0.001707,0.000
0.005,"Sample 31","B0167/S012","Disordered","Disordered: 100%",0.000,0.000,0.000,0.000,1.000,0.000,0.000,0.397036,0.656709,1.000000,0.028271,0.000000,0.000832,0.000
0.005,"Sample 32","B123567/S012357","Disordered","Disordered: 100%",0.000,0.000,0.000,0.000,1.000,0.000,0.000,0.620120,0.578843,1.000000,-0.000972,0.000000,0.000071,0.000
0.005,"Sample 33","B03/S3456","Disordered","Disordered: 100%",0.000,0.000,0.000,0.000,1.000,0.000,0.000,0.612908,0.020212,1.000000,0.008115,0.000000,0.000186,0.000
0.005,"Sample 34","B1367/S026","Disordered","Disordered: 100%",0.000,0.000,0.000,0.000,1.000,0.000,0.000,0.376536,0.544068,1.000000,-0.000380,0.000000,0.000059,0.000
0.005,"Sample 35","B1478/S1247","Disordered","Disordered: 100%",0.000,0.000,0.000,0.000,1.000,0.000,0.000,0.412948,0.390694,1.000000,-0.000152,0.000000,0.000108,0.000
0.005,"Sample 36","B123457/S01468","Disordered","Disordered: 100%",0.000,0.000,0.000,0.000,1.000,0.000,0.000,0.598684,0.637300,1.000000,-0.001661,0.000000,0.000045,0.000
0.005,"Sample 37","B25/S012678","Disordered","Disordered: 100%",0.000,0.000,0.000,0.000,1.000,0.000,0.000,0.367896,0.429146,1.000000,-0.000337,0.000000,0.000177,0.000
0.005,"Sample 38","B267/S026","Structured Dynamic","Structured Dynamic: 100%",0.000,0.000,0.000,0.000,0.000,1.000,0.000,0.304624,0.408692,1.000000,-0.000085,0.000000,0.000040,0.000
0.005,"Sample 39","B01236/S1347","Disordered","Disordered: 100%",0.000,0.000,0.000,0.000,1.000,0.000,0.000,0.517604,0.502697,1.000000,-0.002546,0.000000,0.000074,0.000
0.005,"Sample 40","B034568/S012368","Disordered","Disordered: 100%",0.000,0.000,0.000,0.000,1.000,0.000,0.000,0.600228,0.688095,1.000000,0.000851,0.000000,0.000055,0.000
0.005,"Sample 41","B1378/S0357","Disordered","Disordered: 100%",0.000,0.000,0.000,0.000,1.000,0.000,0.000,0.399256,0.457350,1.000000,-0.000292,0.000000,0.000048,0.000
0.005,"Sample 42","B047/S37","Structured Dynamic","Structured Dynamic: 100%",0.000,0.000,0.000,0.000,0.000,1.000,0.000,0.261592,0.410102,1.000000,0.000088,0.000000,0.000060,0.000
0.005,"Sample 43","B01257/S02368","Disordered","Disordered: 100%",0.000,0.000,0.000,0.000,1.000,0.000,0.000,0.457244,0.455910,1.000000,-0.002633,0.000000,0.000029,0.000
0.005,"Sample 44","B04567/S1238","Disordered","Disordered: 100%",0.000,0.000,0.000,0.000,1.000,0.000,0.000,0.419284,0.453712,1.000000,0.001085,0.000000,0.000235,0.000
0.005,"Sample 45","B0134/S124678","Disordered","Disordered: 100%",0.000,0.000,0.000,0.000,1.000,0.000,0.000,0.542540,0.442563,1.000000,-0.001515,0.000000,0.000040,0.000
0.005,"Sample 46","B03468/S3578","Disordered","Disordered: 100%",0.000,0.000,0.000,0.000,1.000,0.000,0.000,0.539524,0.552223,1.000000,0.002974,0.000000,0.000130,0.000
0.005,"Sample 47","B015678/S0123567","Expanding","Expanding: 100%",0.000,0.000,0.000,1.000,0.000,0.000,0.000,0.664336,0.348007,1.000000,0.002466,0.000000,0.000487,0.000
0.005,"Sample 48","B034678/S0137","Disordered","Disordered: 100%",0.000,0.000,0.000,0.000,1.000,0.000,0.000,0.470056,0.650194,1.000000,0.000228,0.000000,0.000052,0.000
0.005,"Sample 49","B2/S014678","Structured Dynamic","Structured Dynamic: 100%",0.000,0.000,0.000,0.000,0.000,1.000,0.000,0.318028,0.375108,1.000000,0.000005,0.000000,0.000233,0.000
0.005,"Sample 50","B023678/S123578","Disordered","Disordered: 100%",0.000,0.000,0.000,0.000,1.000,0.000,0.000,0.542380,0.437984,1.000000,-0.001672,0.000000,0.000031,0.000
0.005,"Sample 51","B12/S023478","Disordered","Disordered: 100%",0.000,0.000,0.000,0.000,1.000,0.000,0.000,0.453308,0.103911,1.000000,-0.009158,0.000000,0.000298,0.000
0.005,"Sample 52","B12578/S023567","Disordered","Disordered: 100%",0.000,0.000,0.000,0.000,1.000,0.000,0.000,0.640448,0.315324,1.000000,0.000449,0.000000,0.000178,0.000
0.005,"Sample 53","B0147/S03578","Disordered","Disordered: 100%",0.000,0.000,0.000,0.000,1.000,0.000,0.000,0.391696,0.444230,1.000000,-0.001136,0.000000,0.000135,0.000
0.005,"Sample 54","B12467/S024567","Expanding","Expanding: 100%",0.000,0.000,0.000,1.000,0.000,0.000,0.000,0.744296,0.249028,1.000000,0.001946,0.000000,0.000148,0.000
0.005,"Sample 55","B123457/S23467","Expanding","Expanding: 100%",0.000,0.000,0.000,1.000,0.000,0.000,0.000,0.684764,0.439920,1.000000,-0.000695,0.000000,0.000073,0.000
0.005,"Sample 56","B13568/S1468","Disordered","Disordered: 100%",0.000,0.000,0.000,0.000,1.000,0.000,0.000,0.500016,0.583457,1.000000,0.000596,0.000000,0.000236,0.000
0.005,"Sample 57","B01368/S13568","Disordered","Disordered: 100%",0.000,0.000,0.000,0.000,1.000,0.000,0.000,0.479304,0.404449,1.000000,-0.000849,0.000000,0.000295,0.000
0.005,"Sample 58","B148/S0368","Structured Dynamic","Structured Dynamic: 100%",0.000,0.000,0.000,0.000,0.000,1.000,0.000,0.330436,0.444741,1.000000,-0.000180,0.000000,0.000318,0.000
0.005,"Sample 59","B01236/S012578","Disordered","Disordered: 100%",0.000,0.000,0.000,0.000,1.000,0.000,0.000,0.522260,0.528166,1.000000,-0.009187,0.000000,0.000092,0.000
0.005,"Sample 60","B348/S023468","Disordered","Disordered: 100%",0.000,0.000,0.000,0.000,1.000,0.000,0.000,0.549940,0.350260,1.000000,0.003811,0.000000,0.000072,0.000
0.005,"Sample 61","B1457/S01567","Disordered","Disordered: 100%",0.000,0.000,0.000,0.000,1.000,0.000,0.000,0.431924,0.533059,1.000000,0.006502,0.000000,0.001386,0.000
0.005,"Sample 62","B237/S0134567","Disordered","Disordered: 100%",0.000,0.000,0.000,0.000,1.000,0.000,0.000,0.693652,0.035357,1.000000,-0.001430,0.000000,0.000403,0.000
0.005,"Sample 63","B014568/S2467","Expanding","Expanding: 100%",0.000,0.000,0.000,1.000,0.000,0.000,0.000,0.653024,0.512980,1.000000,0.003748,0.000000,0.000121,0.000
0.005,"Sample 64","B0123578/S0145","Disordered","Disordered: 100%",0.000,0.000,0.000,0.000,1.000,0.000,0.000,0.010264,0.990002,1.000000,-0.004810,0.000000,0.004084,0.000
0.005,"Sample 65","B1268/S34","Disordered","Disordered: 100%",0.000,0.000,0.000,0.000,1.000,0.000,0.000,0.411312,0.424782,1.000000,-0.000732,0.000000,0.000095,0.000
0.005,"Sample 66","B3458/S0347","Disordered","Disordered: 100%",0.000,0.000,0.000,0.000,1.000,0.000,0.000,0.540732,0.581947,1.000000,0.007655,0.000000,0.000016,0.000
0.005,"Sample 67","B56/S7","Bounded Dynamic","Bounded Dynamic: 100%",0.000,0.000,0.000,0.000,0.000,0.000,1.000,0.004968,0.009958,0.999340,-0.000185,0.000060,0.000832,0.000
0.005,"Sample 68","B3478/S067","Structured Dynamic","Structured Dynamic: 100%",0.000,0.000,0.000,0.000,0.000,1.000,0.000,0.057024,0.018995,1.000000,-0.011987,0.000000,0.001234,0.000
0.005,"Sample 69","B023467/S05","Disordered","Disordered: 100%",0.000,0.000,0.000,0.000,1.000,0.000,0.000,0.492552,0.755970,1.000000,-0.000415,0.000000,0.000052,0.000
0.005,"Sample 70","B1457/S2457","Disordered","Disordered: 100%",0.000,0.000,0.000,0.000,1.000,0.000,0.000,0.614016,0.457647,1.000000,0.004369,0.000000,0.000150,0.000
0.005,"Sample 71","B12357/S456","Disordered","Disordered: 100%",0.000,0.000,0.000,0.000,1.000,0.000,0.000,0.639916,0.400920,1.000000,-0.000290,0.000000,0.000052,0.000
0.005,"Sample 72","B028/S1234578","Bounded Dynamic","Bounded Dynamic: 100%",0.000,0.000,0.000,0.000,0.000,0.000,1.000,0.500264,0.008433,1.000000,-0.001308,0.000000,0.000320,0.000
0.005,"Sample 73","B3678/S2348","Disordered","Disordered: 100%",0.000,0.000,0.000,0.000,1.000,0.000,0.000,0.482480,0.367753,1.000000,0.008676,0.000000,0.000242,0.000
0.005,"Sample 74","B047/S02378","Structured Dynamic","Structured Dynamic: 100%",0.000,0.000,0.000,0.000,0.000,1.000,0.000,0.301984,0.263901,1.000000,0.000145,0.000000,0.000342,0.000
0.005,"Sample 75","B2457/S1235678","Bounded Dynamic","Bounded Dynamic: 100%",0.000,0.000,0.000,0.000,0.000,0.000,1.000,0.933668,0.009595,1.000000,0.009011,0.000000,0.000016,0.000
0.005,"Sample 76","B01346/S013568","Disordered","Disordered: 100%",0.000,0.000,0.000,0.000,1.000,0.000,0.000,0.611352,0.438280,1.000000,-0.000415,0.000000,0.000081,0.000
0.005,"Sample 77","B0347/S2567","Disordered","Disordered: 100%",0.000,0.000,0.000,0.000,1.000,0.000,0.000,0.534840,0.461988,1.000000,0.003629,0.000000,0.000302,0.000
0.005,"Sample 78","B134/S123578","Disordered","Disordered: 100%",0.000,0.000,0.000,0.000,1.000,0.000,0.000,0.543472,0.432027,1.000000,-0.000338,0.000000,0.000061,0.000
0.005,"Sample 79","B0234678/S12567","Expanding","Expanding: 100%",0.000,0.000,0.000,1.000,0.000,0.000,0.000,0.711584,0.435290,1.000000,0.000258,0.000000,0.000073,0.000
0.005,"Sample 80","B2568/S0156","Structured Dynamic","Structured Dynamic: 100%",0.000,0.000,0.000,0.000,0.000,1.000,0.000,0.342608,0.474095,1.000000,0.000275,0.000000,0.000343,0.000
0.005,"Sample 81","B17/S2348","Disordered","Disordered: 100%",0.000,0.000,0.000,0.000,1.000,0.000,0.000,0.419076,0.048714,1.000000,0.004154,0.000000,0.000201,0.000
0.005,"Sample 82","B012/S02457","Disordered","Disordered: 100%",0.000,0.000,0.000,0.000,1.000,0.000,0.000,0.425728,0.358872,1.000000,-0.002139,0.000000,0.000121,0.000
0.005,"Sample 83","B0123468/S145","Disordered","Disordered: 100%",0.000,0.000,0.000,0.000,1.000,0.000,0.000,0.061156,0.986252,1.000000,-0.001427,0.000000,0.000316,0.000
0.005,"Sample 84","B012357/S023467","Disordered","Disordered: 100%",0.000,0.000,0.000,0.000,1.000,0.000,0.000,0.631816,0.392149,1.000000,-0.002052,0.000000,0.000046,0.000
0.005,"Sample 85","B01248/S0358","Disordered","Disordered: 100%",0.000,0.000,0.000,0.000,1.000,0.000,0.000,0.461196,0.532774,1.000000,-0.001857,0.000000,0.000109,0.000
0.005,"Sample 86","B568/S016","Bounded Dynamic","Bounded Dynamic: 100%",0.000,0.000,0.000,0.000,0.000,0.000,1.000,0.153312,0.008714,1.000000,0.012804,0.000000,0.000656,0.000
0.005,"Sample 87","B012456/S0137","Disordered","Disordered: 100%",0.000,0.000,0.000,0.000,1.000,0.000,0.000,0.504156,0.723182,1.000000,-0.001956,0.000000,0.000050,0.000
0.005,"Sample 88","B016/S128","Disordered","Disordered: 100%",0.000,0.000,0.000,0.000,1.000,0.000,0.000,0.354172,0.447191,1.000000,-0.000645,0.000000,0.000037,0.000
0.005,"Sample 89","B012348/S2346","Disordered","Disordered: 100%",0.000,0.000,0.000,0.000,1.000,0.000,0.000,0.118492,0.898116,1.000000,-0.002314,0.000000,0.000321,0.000
0.005,"Sample 90","B345678/S012368","Disordered","Disordered: 100%",0.000,0.000,0.000,0.000,1.000,0.000,0.000,0.625516,0.726299,1.000000,0.003931,0.000000,0.000030,0.000
0.005,"Sample 91","B013578/S147","Disordered","Disordered: 100%",0.000,0.000,0.000,0.000,1.000,0.000,0.000,0.433004,0.579044,1.000000,-0.001033,0.000000,0.000061,0.000
0.005,"Sample 92","B127/S14568","Disordered","Disordered: 100%",0.000,0.000,0.000,0.000,1.000,0.000,0.000,0.455356,0.326109,1.000000,-0.001892,0.000000,0.000081,0.000
0.005,"Sample 93","B13568/S015678","Bounded Dynamic","Bounded Dynamic: 100%",0.000,0.000,0.000,0.000,0.000,0.000,1.000,0.991972,0.009915,1.000000,0.051436,0.000000,0.000376,0.000
0.005,"Sample 94","B0235/S0123","Disordered","Disordered: 100%",0.000,0.000,0.000,0.000,1.000,0.000,0.000,0.115640,0.804439,1.000000,0.001727,0.000000,0.010729,0.000
0.005,"Sample 95","B568/S0135","Bounded Dynamic","Bounded Dynamic: 100%",0.000,0.000,0.000,0.000,0.000,0.000,1.000,0.154056,0.008629,1.000000,0.008437,0.000000,0.001736,0.000
0.005,"Sample 96","B01567/S17","Structured Dynamic","Structured Dynamic: 100%",0.000,0.000,0.000,0.000,0.000,1.000,0.000,0.338412,0.542534,1.000000,-0.000329,0.000000,0.000228,0.000
0.005,"Sample 97","B01357/S0148","Disordered","Disordered: 100%",0.000,0.000,0.000,0.000,1.000,0.000,0.000,0.431272,0.583023,1.000000,-0.001058,0.000000,0.000029,0.000
0.005,"Sample 98","B1258/S03678","Disordered","Disordered: 100%",0.000,0.000,0.000,0.000,1.000,0.000,0.000,0.415188,0.520144,1.000000,-0.001723,0.000000,0.000094,0.000
0.010,"Conway Life","B3/S23","Structured Dynamic","Structured Dynamic: 100%",0.000,0.000,0.000,0.000,0.000,1.000,0.000,0.135640,0.129051,1.000000,-0.042803,0.000000,0.003106,0.000
0.010,"HighLife","B36/S23","Structured Dynamic","Structured Dynamic: 100%",0.000,0.000,0.000,0.000,0.000,1.000,0.000,0.193756,0.194395,1.000000,-0.027555,0.000000,0.003065,0.000
0.010,"Sample 01","B23678/S348","Disordered","Disordered: 100%",0.000,0.000,0.000,0.000,1.000,0.000,0.000,0.492608,0.503807,1.000000,0.000383,0.000000,0.000018,0.000
0.010,"Sample 02","B0467/S02356","Disordered","Disordered: 100%",0.000,0.000,0.000,0.000,1.000,0.000,0.000,0.536328,0.383312,1.000000,0.011007,0.000000,0.000601,0.000
0.010,"Sample 03","B01348/S018","Disordered","Disordered: 100%",0.000,0.000,0.000,0.000,1.000,0.000,0.000,0.413688,0.733551,1.000000,-0.001672,0.000000,0.000054,0.000
0.010,"Sample 04","B234/S0135","Disordered","Disordered: 100%",0.000,0.000,0.000,0.000,1.000,0.000,0.000,0.497392,0.568576,1.000000,-0.000013,0.000000,0.000082,0.000
0.010,"Sample 05","B045678/S678","Structured Dynamic","Structured Dynamic: 100%",0.000,0.000,0.000,0.000,0.000,1.000,0.000,0.277568,0.472127,1.000000,-0.000195,0.000000,0.000214,0.000
0.010,"Sample 06","B3467/S0356","Disordered","Disordered: 100%",0.000,0.000,0.000,0.000,1.000,0.000,0.000,0.614924,0.495051,1.000000,0.016893,0.000000,0.000327,0.000
0.010,"Sample 07","B0378/S12368","Disordered","Disordered: 100%",0.000,0.000,0.000,0.000,1.000,0.000,0.000,0.422800,0.317462,1.000000,0.000561,0.000000,0.000192,0.000
0.010,"Sample 08","B36/S06","Structured Dynamic","Structured Dynamic: 100%",0.000,0.000,0.000,0.000,0.000,1.000,0.000,0.064060,0.031926,1.000000,-0.002551,0.000000,0.001441,0.000
0.010,"Sample 09","B1234567/S56","Disordered","Disordered: 100%",0.000,0.000,0.000,0.000,1.000,0.000,0.000,0.628700,0.696267,1.000000,-0.025438,0.000000,0.001636,0.000
0.010,"Sample 10","B13568/S13567","Expanding","Expanding: 100%",0.000,0.000,0.000,1.000,0.000,0.000,0.000,0.727036,0.336197,1.000000,0.004400,0.000000,0.000107,0.000
0.010,"Sample 11","B01467/S0134","Disordered","Disordered: 100%",0.000,0.000,0.000,0.000,1.000,0.000,0.000,0.473680,0.454180,1.000000,-0.000462,0.000000,0.000080,0.000
0.010,"Sample 12","B1578/S035678","Expanding","Expanding: 100%",0.000,0.000,0.000,1.000,0.000,0.000,0.000,0.989892,0.019786,1.000000,0.593379,0.000000,0.004200,0.000
0.010,"Sample 13","B1235678/S013578","Disordered","Disordered: 100%",0.000,0.000,0.000,0.000,1.000,0.000,0.000,0.622344,0.596866,1.000000,-0.003252,0.000000,0.000131,0.000
0.010,"Sample 14","B0346/S1235","Disordered","Disordered: 100%",0.000,0.000,0.000,0.000,1.000,0.000,0.000,0.524984,0.529630,1.000000,0.000357,0.000000,0.000058,0.000
0.010,"Sample 15","B24567/S03467","Expanding","Expanding: 100%",0.000,0.000,0.000,1.000,0.000,0.000,0.000,0.728324,0.463906,1.000000,0.005388,0.000000,0.000106,0.000
0.010,"Sample 16","B1245/S2358","Disordered","Disordered: 100%",0.000,0.000,0.000,0.000,1.000,0.000,0.000,0.534712,0.556072,1.000000,-0.000445,0.000000,0.000043,0.000
0.010,"Sample 17","B0123678/S035","Disordered","Disordered: 100%",0.000,0.000,0.000,0.000,1.000,0.000,0.000,0.498404,0.671525,1.000000,-0.003373,0.000000,0.000588,0.000
0.010,"Sample 18","B12457/S2367","Disordered","Disordered: 100%",0.000,0.000,0.000,0.000,1.000,0.000,0.000,0.551748,0.587217,1.000000,-0.000892,0.000000,0.000126,0.000
0.010,"Sample 19","B03568/S4568","Expanding","Expanding: 100%",0.000,0.000,0.000,1.000,0.000,0.000,0.000,0.690052,0.389925,1.000000,0.021008,0.000000,0.000079,0.000
0.010,"Sample 20","B378/S01678","Structured Dynamic","Structured Dynamic: 100%",0.000,0.000,0.000,0.000,0.000,1.000,0.000,0.144072,0.128886,1.000000,-0.004566,0.000000,0.001027,0.000
0.010,"Sample 21","B0268/S346","Disordered","Disordered: 100%",0.000,0.000,0.000,0.000,1.000,0.000,0.000,0.389736,0.346869,1.000000,0.000097,0.000000,0.000424,0.000
0.010,"Sample 22","B02468/S0245678","Disordered","Disordered: 100%",0.000,0.000,0.000,0.000,1.000,0.000,0.000,0.983564,0.019673,1.000000,0.015921,0.000000,0.000088,0.000
0.010,"Sample 23","B056/S1278","Structured Dynamic","Structured Dynamic: 100%",0.000,0.000,0.000,0.000,0.000,1.000,0.000,0.274796,0.112819,1.000000,0.000498,0.000000,0.000219,0.000
0.010,"Sample 24","B13678/S03458","Disordered","Disordered: 100%",0.000,0.000,0.000,0.000,1.000,0.000,0.000,0.554952,0.367759,1.000000,0.001395,0.000000,0.000064,0.000
0.010,"Sample 25","B234/S2345","Disordered","Disordered: 100%",0.000,0.000,0.000,0.000,1.000,0.000,0.000,0.557356,0.089491,1.000000,-0.003940,0.000000,0.000017,0.000
0.010,"Sample 26","B24/S3456","Disordered","Disordered: 100%",0.000,0.000,0.000,0.000,1.000,0.000,0.000,0.645816,0.034801,1.000000,0.005536,0.000000,0.000181,0.000
0.010,"Sample 27","B01457/S0236","Disordered","Disordered: 100%",0.000,0.000,0.000,0.000,1.000,0.000,0.000,0.494532,0.543267,1.000000,0.000098,0.000000,0.000121,0.000
0.010,"Sample 28","B134568/S12568","Expanding","Expanding: 100%",0.000,0.000,0.000,1.000,0.000,0.000,0.000,0.671532,0.528003,1.000000,0.000836,0.000000,0.000070,0.000
0.010,"Sample 29","B0568/S134","Structured Dynamic","Structured Dynamic: 100%",0.000,0.000,0.000,0.000,0.000,1.000,0.000,0.283608,0.206699,1.000000,0.000360,0.000000,0.000177,0.000
0.010,"Sample 30","B6/S013678","Structured Dynamic","Structured Dynamic: 100%",0.000,0.000,0.000,0.000,0.000,1.000,0.000,0.158396,0.016781,1.000000,0.003914,0.000000,0.000409,0.000
0.010,"Sample 31","B0167/S012","Disordered","Disordered: 100%",0.000,0.000,0.000,0.000,1.000,0.000,0.000,0.373964,0.501602,1.000000,0.007659,0.000000,0.000406,0.000
0.010,"Sample 32","B123567/S012357","Disordered","Disordered: 100%",0.000,0.000,0.000,0.000,1.000,0.000,0.000,0.618144,0.577737,1.000000,-0.001101,0.000000,0.000076,0.000
0.010,"Sample 33","B03/S3456","Disordered","Disordered: 100%",0.000,0.000,0.000,0.000,1.000,0.000,0.000,0.606272,0.035194,1.000000,0.007967,0.000000,0.000140,0.000
0.010,"Sample 34","B1367/S026","Disordered","Disordered: 100%",0.000,0.000,0.000,0.000,1.000,0.000,0.000,0.376460,0.543382,1.000000,-0.000630,0.000000,0.000059,0.000
0.010,"Sample 35","B1478/S1247","Disordered","Disordered: 100%",0.000,0.000,0.000,0.000,1.000,0.000,0.000,0.415932,0.392102,1.000000,-0.000243,0.000000,0.000032,0.000
0.010,"Sample 36","B123457/S01468","Disordered","Disordered: 100%",0.000,0.000,0.000,0.000,1.000,0.000,0.000,0.597528,0.636303,1.000000,-0.001575,0.000000,0.000011,0.000
0.010,"Sample 37","B25/S012678","Disordered","Disordered: 100%",0.000,0.000,0.000,0.000,1.000,0.000,0.000,0.365984,0.430574,1.000000,-0.000149,0.000000,0.000157,0.000
0.010,"Sample 38","B267/S026","Structured Dynamic","Structured Dynamic: 100%",0.000,0.000,0.000,0.000,0.000,1.000,0.000,0.309476,0.410660,1.000000,-0.000314,0.000000,0.000244,0.000
0.010,"Sample 39","B01236/S1347","Disordered","Disordered: 100%",0.000,0.000,0.000,0.000,1.000,0.000,0.000,0.519772,0.502174,1.000000,-0.002484,0.000000,0.000044,0.000
0.010,"Sample 40","B034568/S012368","Disordered","Disordered: 100%",0.000,0.000,0.000,0.000,1.000,0.000,0.000,0.599448,0.686418,1.000000,0.000704,0.000000,0.000045,0.000
0.010,"Sample 41","B1378/S0357","Disordered","Disordered: 100%",0.000,0.000,0.000,0.000,1.000,0.000,0.000,0.400024,0.457048,1.000000,-0.000503,0.000000,0.000073,0.000
0.010,"Sample 42","B047/S37","Structured Dynamic","Structured Dynamic: 100%",0.000,0.000,0.000,0.000,0.000,1.000,0.000,0.265136,0.407504,1.000000,0.000202,0.000000,0.000242,0.000
0.010,"Sample 43","B01257/S02368","Disordered","Disordered: 100%",0.000,0.000,0.000,0.000,1.000,0.000,0.000,0.458308,0.456201,1.000000,-0.002472,0.000000,0.000147,0.000
0.010,"Sample 44","B04567/S1238","Disordered","Disordered: 100%",0.000,0.000,0.000,0.000,1.000,0.000,0.000,0.423364,0.461247,1.000000,0.000927,0.000000,0.000291,0.000
0.010,"Sample 45","B0134/S124678","Disordered","Disordered: 100%",0.000,0.000,0.000,0.000,1.000,0.000,0.000,0.544184,0.443802,1.000000,-0.001878,0.000000,0.000128,0.000
0.010,"Sample 46","B03468/S3578","Disordered","Disordered: 100%",0.000,0.000,0.000,0.000,1.000,0.000,0.000,0.539272,0.552024,1.000000,0.003008,0.000000,0.000198,0.000
0.010,"Sample 47","B015678/S0123567","Expanding","Expanding: 100%",0.000,0.000,0.000,1.000,0.000,0.000,0.000,0.666068,0.350040,1.000000,0.003067,0.000000,0.000018,0.000
0.010,"Sample 48","B034678/S0137","Disordered","Disordered: 100%",0.000,0.000,0.000,0.000,1.000,0.000,0.000,0.467852,0.648772,1.000000,0.000346,0.000000,0.000051,0.000
0.010,"Sample 49","B2/S014678","Structured Dynamic","Structured Dynamic: 100%",0.000,0.000,0.000,0.000,0.000,1.000,0.000,0.321132,0.376716,1.000000,-0.000184,0.000000,0.000122,0.000
0.010,"Sample 50","B023678/S123578","Disordered","Disordered: 100%",0.000,0.000,0.000,0.000,1.000,0.000,0.000,0.542220,0.438752,1.000000,-0.001584,0.000000,0.000040,0.000
0.010,"Sample 51","B12/S023478","Disordered","Disordered: 100%",0.000,0.000,0.000,0.000,1.000,0.000,0.000,0.449388,0.122137,1.000000,-0.006363,0.000000,0.000144,0.000
0.010,"Sample 52","B12578/S023567","Disordered","Disordered: 100%",0.000,0.000,0.000,0.000,1.000,0.000,0.000,0.638596,0.317121,1.000000,0.000582,0.000000,0.000150,0.000
0.010,"Sample 53","B0147/S03578","Disordered","Disordered: 100%",0.000,0.000,0.000,0.000,1.000,0.000,0.000,0.390916,0.444625,1.000000,-0.001044,0.000000,0.000157,0.000
0.010,"Sample 54","B12467/S024567","Expanding","Expanding: 100%",0.000,0.000,0.000,1.000,0.000,0.000,0.000,0.741332,0.265878,1.000000,0.001169,0.000000,0.000078,0.000
0.010,"Sample 55","B123457/S23467","Expanding","Expanding: 100%",0.000,0.000,0.000,1.000,0.000,0.000,0.000,0.684920,0.440828,1.000000,-0.000776,0.000000,0.000041,0.000
0.010,"Sample 56","B13568/S1468","Disordered","Disordered: 100%",0.000,0.000,0.000,0.000,1.000,0.000,0.000,0.499756,0.582865,1.000000,0.000701,0.000000,0.000284,0.000
0.010,"Sample 57","B01368/S13568","Disordered","Disordered: 100%",0.000,0.000,0.000,0.000,1.000,0.000,0.000,0.478532,0.405465,1.000000,-0.001276,0.000000,0.000174,0.000
0.010,"Sample 58","B148/S0368","Structured Dynamic","Structured Dynamic: 100%",0.000,0.000,0.000,0.000,0.000,1.000,0.000,0.332252,0.445559,1.000000,0.000038,0.000000,0.000171,0.000
0.010,"Sample 59","B01236/S012578","Disordered","Disordered: 100%",0.000,0.000,0.000,0.000,1.000,0.000,0.000,0.522456,0.528956,1.000000,-0.008208,0.000000,0.000109,0.000
0.010,"Sample 60","B348/S023468","Disordered","Disordered: 100%",0.000,0.000,0.000,0.000,1.000,0.000,0.000,0.553220,0.355402,1.000000,0.003774,0.000000,0.000090,0.000
0.010,"Sample 61","B1457/S01567","Disordered","Disordered: 100%",0.000,0.000,0.000,0.000,1.000,0.000,0.000,0.427852,0.535728,1.000000,0.002456,0.000000,0.001346,0.000
0.010,"Sample 62","B237/S0134567","Disordered","Disordered: 100%",0.000,0.000,0.000,0.000,1.000,0.000,0.000,0.694552,0.055903,1.000000,0.000033,0.000000,0.000239,0.000
0.010,"Sample 63","B014568/S2467","Expanding","Expanding: 100%",0.000,0.000,0.000,1.000,0.000,0.000,0.000,0.652716,0.514474,1.000000,0.003668,0.000000,0.000177,0.000
0.010,"Sample 64","B0123578/S0145","Disordered","Disordered: 100%",0.000,0.000,0.000,0.000,1.000,0.000,0.000,0.021004,0.979415,1.000000,-0.008083,0.000000,0.004730,0.000
0.010,"Sample 65","B1268/S34","Disordered","Disordered: 100%",0.000,0.000,0.000,0.000,1.000,0.000,0.000,0.412968,0.424606,1.000000,-0.000963,0.000000,0.000077,0.000
0.010,"Sample 66","B3458/S0347","Disordered","Disordered: 100%",0.000,0.000,0.000,0.000,1.000,0.000,0.000,0.540988,0.581535,1.000000,0.006904,0.000000,0.000091,0.000
0.010,"Sample 67","B56/S7","Structured Dynamic","Structured Dynamic: 100%",0.000,0.000,0.000,0.000,0.000,1.000,0.000,0.010172,0.019794,0.999960,-0.000176,-0.000040,0.000608,0.000
0.010,"Sample 68","B3478/S067","Structured Dynamic","Structured Dynamic: 100%",0.000,0.000,0.000,0.000,0.000,1.000,0.000,0.066928,0.041872,1.000000,-0.014903,0.000000,0.001485,0.000
0.010,"Sample 69","B023467/S05","Disordered","Disordered: 100%",0.000,0.000,0.000,0.000,1.000,0.000,0.000,0.494684,0.753868,1.000000,-0.000271,0.000000,0.000103,0.000
0.010,"Sample 70","B1457/S2457","Disordered","Disordered: 100%",0.000,0.000,0.000,0.000,1.000,0.000,0.000,0.613052,0.458053,1.000000,0.004419,0.000000,0.000110,0.000
0.010,"Sample 71","B12357/S456","Disordered","Disordered: 100%",0.000,0.000,0.000,0.000,1.000,0.000,0.000,0.638976,0.400849,1.000000,-0.000188,0.000000,0.000020,0.000
0.010,"Sample 72","B028/S1234578","Disordered","Disordered: 100%",0.000,0.000,0.000,0.000,1.000,0.000,0.000,0.500224,0.016748,1.000000,-0.000676,0.000000,0.000046,0.000
0.010,"Sample 73","B3678/S2348","Disordered","Disordered: 100%",0.000,0.000,0.000,0.000,1.000,0.000,0.000,0.484792,0.369725,1.000000,0.008645,0.000000,0.000073,0.000
0.010,"Sample 74","B047/S02378","Structured Dynamic","Structured Dynamic: 100%",0.000,0.000,0.000,0.000,0.000,1.000,0.000,0.308480,0.271436,1.000000,-0.000268,0.000000,0.000055,0.000
0.010,"Sample 75","B2457/S1235678","Disordered","Disordered: 100%",0.000,0.000,0.000,0.000,1.000,0.000,0.000,0.928044,0.019186,1.000000,0.010090,0.000000,0.000023,0.000
0.010,"Sample 76","B01346/S013568","Disordered","Disordered: 100%",0.000,0.000,0.000,0.000,1.000,0.000,0.000,0.609440,0.439844,1.000000,-0.000340,0.000000,0.000041,0.000
0.010,"Sample 77","B0347/S2567","Disordered","Disordered: 100%",0.000,0.000,0.000,0.000,1.000,0.000,0.000,0.531296,0.465173,1.000000,0.003893,0.000000,0.000189,0.000
0.010,"Sample 78","B134/S123578","Disordered","Disordered: 100%",0.000,0.000,0.000,0.000,1.000,0.000,0.000,0.540980,0.432991,1.000000,-0.000421,0.000000,0.000164,0.000
0.010,"Sample 79","B0234678/S12567","Expanding","Expanding: 100%",0.000,0.000,0.000,1.000,0.000,0.000,0.000,0.710336,0.433890,1.000000,0.000611,0.000000,0.000143,0.000
0.010,"Sample 80","B2568/S0156","Structured Dynamic","Structured Dynamic: 100%",0.000,0.000,0.000,0.000,0.000,1.000,0.000,0.341576,0.475377,1.000000,-0.000213,0.000000,0.000157,0.000
0.010,"Sample 81","B17/S2348","Disordered","Disordered: 100%",0.000,0.000,0.000,0.000,1.000,0.000,0.000,0.409432,0.071805,1.000000,0.002464,0.000000,0.000223,0.000
0.010,"Sample 82","B012/S02457","Disordered","Disordered: 100%",0.000,0.000,0.000,0.000,1.000,0.000,0.000,0.426192,0.358549,1.000000,-0.001949,0.000000,0.000066,0.000
0.010,"Sample 83","B0123468/S145","Disordered","Disordered: 100%",0.000,0.000,0.000,0.000,1.000,0.000,0.000,0.074320,0.970172,1.000000,-0.001733,0.000000,0.001532,0.000
0.010,"Sample 84","B012357/S023467","Disordered","Disordered: 100%",0.000,0.000,0.000,0.000,1.000,0.000,0.000,0.630560,0.393547,1.000000,-0.002121,0.000000,0.000083,0.000
0.010,"Sample 85","B01248/S0358","Disordered","Disordered: 100%",0.000,0.000,0.000,0.000,1.000,0.000,0.000,0.459816,0.531911,1.000000,-0.001916,0.000000,0.000099,0.000
0.010,"Sample 86","B568/S016","Structured Dynamic","Structured Dynamic: 100%",0.000,0.000,0.000,0.000,0.000,1.000,0.000,0.154268,0.017428,1.000000,0.006403,0.000000,0.000056,0.000
0.010,"Sample 87","B012456/S0137","Disordered","Disordered: 100%",0.000,0.000,0.000,0.000,1.000,0.000,0.000,0.506396,0.721197,1.000000,-0.001931,0.000000,0.000084,0.000
0.010,"Sample 88","B016/S128","Disordered","Disordered: 100%",0.000,0.000,0.000,0.000,1.000,0.000,0.000,0.353236,0.446137,1.000000,-0.000581,0.000000,0.000142,0.000
0.010,"Sample 89","B012348/S2346","Disordered","Disordered: 100%",0.000,0.000,0.000,0.000,1.000,0.000,0.000,0.163772,0.849757,1.000000,-0.001556,0.000000,0.000683,0.000
0.010,"Sample 90","B345678/S012368","Disordered","Disordered: 100%",0.000,0.000,0.000,0.000,1.000,0.000,0.000,0.625324,0.724487,1.000000,0.004009,0.000000,0.000037,0.000
0.010,"Sample 91","B013578/S147","Disordered","Disordered: 100%",0.000,0.000,0.000,0.000,1.000,0.000,0.000,0.435020,0.578348,1.000000,-0.001059,0.000000,0.000168,0.000
0.010,"Sample 92","B127/S14568","Disordered","Disordered: 100%",0.000,0.000,0.000,0.000,1.000,0.000,0.000,0.452468,0.329242,1.000000,-0.001469,0.000000,0.000088,0.000
0.010,"Sample 93","B13568/S015678","Disordered","Disordered: 100%",0.000,0.000,0.000,0.000,1.000,0.000,0.000,0.983692,0.019673,1.000000,0.050389,0.000000,0.000465,0.000
0.010,"Sample 94","B0235/S0123","Disordered","Disordered: 100%",0.000,0.000,0.000,0.000,1.000,0.000,0.000,0.434444,0.689384,1.000000,0.000118,0.000000,0.001661,0.000
0.010,"Sample 95","B568/S0135","Structured Dynamic","Structured Dynamic: 100%",0.000,0.000,0.000,0.000,0.000,1.000,0.000,0.157008,0.017360,1.000000,0.004022,0.000000,0.002333,0.000
0.010,"Sample 96","B01567/S17","Structured Dynamic","Structured Dynamic: 100%",0.000,0.000,0.000,0.000,0.000,1.000,0.000,0.336820,0.539189,1.000000,-0.000449,0.000000,0.000143,0.000
0.010,"Sample 97","B01357/S0148","Disordered","Disordered: 100%",0.000,0.000,0.000,0.000,1.000,0.000,0.000,0.432200,0.582370,1.000000,-0.001013,0.000000,0.000037,0.000
0.010,"Sample 98","B1258/S03678","Disordered","Disordered: 100%",0.000,0.000,0.000,0.000,1.000,0.000,0.000,0.415420,0.519950,1.000000,-0.001401,0.000000,0.000078,0.000
0.020,"Conway Life","B3/S23","Structured Dynamic","Structured Dynamic: 100%",0.000,0.000,0.000,0.000,0.000,1.000,0.000,0.231932,0.228913,1.000000,-0.007243,0.000000,0.001561,0.000
0.020,"HighLife","B36/S23","Structured Dynamic","Structured Dynamic: 100%",0.000,0.000,0.000,0.000,0.000,1.000,0.000,0.278968,0.284542,1.000000,0.000962,0.000000,0.001428,0.000
0.020,"Sample 01","B23678/S348","Disordered","Disordered: 100%",0.000,0.000,0.000,0.000,1.000,0.000,0.000,0.491224,0.502947,1.000000,0.000214,0.000000,0.000044,0.000
0.020,"Sample 02","B0467/S02356","Disordered","Disordered: 100%",0.000,0.000,0.000,0.000,1.000,0.000,0.000,0.539884,0.388300,1.000000,0.010984,0.000000,0.000255,0.000
0.020,"Sample 03","B01348/S018","Disordered","Disordered: 100%",0.000,0.000,0.000,0.000,1.000,0.000,0.000,0.413028,0.727719,1.000000,-0.001668,0.000000,0.000079,0.000
0.020,"Sample 04","B234/S0135","Disordered","Disordered: 100%",0.000,0.000,0.000,0.000,1.000,0.000,0.000,0.497452,0.567660,1.000000,-0.000125,0.000000,0.000105,0.000
0.020,"Sample 05","B045678/S678","Structured Dynamic","Structured Dynamic: 100%",0.000,0.000,0.000,0.000,0.000,1.000,0.000,0.271992,0.468962,1.000000,-0.000034,0.000000,0.000393,0.000
0.020,"Sample 06","B3467/S0356","Disordered","Disordered: 100%",0.000,0.000,0.000,0.000,1.000,0.000,0.000,0.611700,0.495215,1.000000,0.014312,0.000000,0.000259,0.000
0.020,"Sample 07","B0378/S12368","Disordered","Disordered: 100%",0.000,0.000,0.000,0.000,1.000,0.000,0.000,0.422400,0.328612,1.000000,0.000202,0.000000,0.000075,0.000
0.020,"Sample 08","B36/S06","Structured Dynamic","Structured Dynamic: 100%",0.000,0.000,0.000,0.000,0.000,1.000,0.000,0.080396,0.068251,1.000000,-0.002722,0.000000,0.000449,0.000
0.020,"Sample 09","B1234567/S56","Expanding","Expanding: 100%",0.000,0.000,0.000,1.000,0.000,0.000,0.000,0.658552,0.634899,1.000000,-0.001947,0.000000,0.000185,0.000
0.020,"Sample 10","B13568/S13567","Expanding","Expanding: 100%",0.000,0.000,0.000,1.000,0.000,0.000,0.000,0.721756,0.339504,1.000000,0.004450,0.000000,0.000055,0.000
0.020,"Sample 11","B01467/S0134","Disordered","Disordered: 100%",0.000,0.000,0.000,0.000,1.000,0.000,0.000,0.471648,0.455607,1.000000,-0.000389,0.000000,0.000104,0.000
0.020,"Sample 12","B1578/S035678","Expanding","Expanding: 100%",0.000,0.000,0.000,1.000,0.000,0.000,0.000,0.978924,0.039238,1.000000,0.594550,0.000000,0.000995,0.000
0.020,"Sample 13","B1235678/S013578","Disordered","Disordered: 100%",0.000,0.000,0.000,0.000,1.000,0.000,0.000,0.620248,0.594705,1.000000,-0.003053,0.000000,0.000054,0.000
0.020,"Sample 14","B0346/S1235","Disordered","Disordered: 100%",0.000,0.000,0.000,0.000,1.000,0.000,0.000,0.525636,0.528992,1.000000,0.000171,0.000000,0.000059,0.000
0.020,"Sample 15","B24567/S03467","Expanding","Expanding: 100%",0.000,0.000,0.000,1.000,0.000,0.000,0.000,0.728068,0.468148,1.000000,0.005214,0.000000,0.000039,0.000
0.020,"Sample 16","B1245/S2358","Disordered","Disordered: 100%",0.000,0.000,0.000,0.000,1.000,0.000,0.000,0.537628,0.554225,1.000000,-0.000322,0.000000,0.000019,0.000
0.020,"Sample 17","B0123678/S035","Disordered","Disordered: 100%",0.000,0.000,0.000,0.000,1.000,0.000,0.000,0.498088,0.628336,1.000000,-0.002860,0.000000,0.000080,0.000
0.020,"Sample 18","B12457/S2367","Disordered","Disordered: 100%",0.000,0.000,0.000,0.000,1.000,0.000,0.000,0.550064,0.585681,1.000000,-0.000538,0.000000,0.000111,0.000
0.020,"Sample 19","B03568/S4568","Expanding","Expanding: 100%",0.000,0.000,0.000,1.000,0.000,0.000,0.000,0.686688,0.392423,1.000000,0.021114,0.000000,0.000043,0.000
0.020,"Sample 20","B378/S01678","Structured Dynamic","Structured Dynamic: 100%",0.000,0.000,0.000,0.000,0.000,1.000,0.000,0.192608,0.209607,1.000000,-0.001190,0.000000,0.000896,0.000
0.020,"Sample 21","B0268/S346","Disordered","Disordered: 100%",0.000,0.000,0.000,0.000,1.000,0.000,0.000,0.392992,0.349046,1.000000,-0.000101,0.000000,0.000100,0.000
0.020,"Sample 22","B02468/S0245678","Disordered","Disordered: 100%",0.000,0.000,0.000,0.000,1.000,0.000,0.000,0.966648,0.038706,1.000000,0.014178,0.000000,0.000021,0.000
0.020,"Sample 23","B056/S1278","Structured Dynamic","Structured Dynamic: 100%",0.000,0.000,0.000,0.000,0.000,1.000,0.000,0.273892,0.155723,1.000000,0.000260,0.000000,0.000301,0.000
0.020,"Sample 24","B13678/S03458","Disordered","Disordered: 100%",0.000,0.000,0.000,0.000,1.000,0.000,0.000,0.556884,0.369818,1.000000,0.001254,0.000000,0.000036,0.000
0.020,"Sample 25","B234/S2345","Disordered","Disordered: 100%",0.000,0.000,0.000,0.000,1.000,0.000,0.000,0.561240,0.176690,1.000000,0.000497,0.000000,0.000131,0.000
0.020,"Sample 26","B24/S3456","Disordered","Disordered: 100%",0.000,0.000,0.000,0.000,1.000,0.000,0.000,0.637784,0.062797,1.000000,0.004825,0.000000,0.000174,0.000
0.020,"Sample 27","B01457/S0236","Disordered","Disordered: 100%",0.000,0.000,0.000,0.000,1.000,0.000,0.000,0.494272,0.542871,1.000000,0.000013,0.000000,0.000089,0.000
0.020,"Sample 28","B134568/S12568","Expanding","Expanding: 100%",0.000,0.000,0.000,1.000,0.000,0.000,0.000,0.666872,0.531479,1.000000,0.000736,0.000000,0.000088,0.000
0.020,"Sample 29","B0568/S134","Structured Dynamic","Structured Dynamic: 100%",0.000,0.000,0.000,0.000,0.000,1.000,0.000,0.284792,0.225032,1.000000,0.000590,0.000000,0.000205,0.000
0.020,"Sample 30","B6/S013678","Structured Dynamic","Structured Dynamic: 100%",0.000,0.000,0.000,0.000,0.000,1.000,0.000,0.164064,0.033483,1.000000,0.001465,0.000000,0.000709,0.000
0.020,"Sample 31","B0167/S012","Disordered","Disordered: 100%",0.000,0.000,0.000,0.000,1.000,0.000,0.000,0.354372,0.390197,1.000000,-0.001157,0.000000,0.000278,0.000
0.020,"Sample 32","B123567/S012357","Disordered","Disordered: 100%",0.000,0.000,0.000,0.000,1.000,0.000,0.000,0.616580,0.575749,1.000000,-0.000923,0.000000,0.000025,0.000
0.020,"Sample 33","B03/S3456","Disordered","Disordered: 100%",0.000,0.000,0.000,0.000,1.000,0.000,0.000,0.593980,0.062917,1.000000,0.007571,0.000000,0.000179,0.000
0.020,"Sample 34","B1367/S026","Disordered","Disordered: 100%",0.000,0.000,0.000,0.000,1.000,0.000,0.000,0.379340,0.542759,1.000000,-0.000528,0.000000,0.000085,0.000
0.020,"Sample 35","B1478/S1247","Disordered","Disordered: 100%",0.000,0.000,0.000,0.000,1.000,0.000,0.000,0.417128,0.395337,1.000000,0.000030,0.000000,0.000203,0.000
0.020,"Sample 36","B123457/S01468","Disordered","Disordered: 100%",0.000,0.000,0.000,0.000,1.000,0.000,0.000,0.593928,0.634296,1.000000,-0.001386,0.000000,0.000014,0.000
0.020,"Sample 37","B25/S012678","Disordered","Disordered: 100%",0.000,0.000,0.000,0.000,1.000,0.000,0.000,0.369444,0.433621,1.000000,-0.000122,0.000000,0.000085,0.000
0.020,"Sample 38","B267/S026","Structured Dynamic","Structured Dynamic: 100%",0.000,0.000,0.000,0.000,0.000,1.000,0.000,0.313104,0.414704,1.000000,-0.000303,0.000000,0.000204,0.000
0.020,"Sample 39","B01236/S1347","Disordered","Disordered: 100%",0.000,0.000,0.000,0.000,1.000,0.000,0.000,0.516004,0.500685,1.000000,-0.002389,0.000000,0.000029,0.000
0.020,"Sample 40","B034568/S012368","Disordered","Disordered: 100%",0.000,0.000,0.000,0.000,1.000,0.000,0.000,0.597176,0.682834,1.000000,0.000547,0.000000,0.000022,0.000
0.020,"Sample 41","B1378/S0357","Disordered","Disordered: 100%",0.000,0.000,0.000,0.000,1.000,0.000,0.000,0.399688,0.457004,1.000000,-0.000488,0.000000,0.000181,0.000
0.020,"Sample 42","B047/S37","Structured Dynamic","Structured Dynamic: 100%",0.000,0.000,0.000,0.000,0.000,1.000,0.000,0.263668,0.402628,1.000000,0.000147,0.000000,0.000133,0.000
0.020,"Sample 43","B01257/S02368","Disordered","Disordered: 100%",0.000,0.000,0.000,0.000,1.000,0.000,0.000,0.458840,0.457206,1.000000,-0.002512,0.000000,0.000059,0.000
0.020,"Sample 44","B04567/S1238","Disordered","Disordered: 100%",0.000,0.000,0.000,0.000,1.000,0.000,0.000,0.432656,0.475448,1.000000,0.000972,0.000000,0.000130,0.000
0.020,"Sample 45","B0134/S124678","Disordered","Disordered: 100%",0.000,0.000,0.000,0.000,1.000,0.000,0.000,0.540624,0.446222,1.000000,-0.001551,0.000000,0.000049,0.000
0.020,"Sample 46","B03468/S3578","Disordered","Disordered: 100%",0.000,0.000,0.000,0.000,1.000,0.000,0.000,0.540360,0.550979,1.000000,0.002953,0.000000,0.000133,0.000
0.020,"Sample 47","B015678/S0123567","Expanding","Expanding: 100%",0.000,0.000,0.000,1.000,0.000,0.000,0.000,0.670940,0.353167,1.000000,0.003053,0.000000,0.000016,0.000
0.020,"Sample 48","B034678/S0137","Disordered","Disordered: 100%",0.000,0.000,0.000,0.000,1.000,0.000,0.000,0.471128,0.646436,1.000000,0.000129,0.000000,0.000152,0.000
0.020,"Sample 49","B2/S014678","Structured Dynamic","Structured Dynamic: 100%",0.000,0.000,0.000,0.000,0.000,1.000,0.000,0.325908,0.379738,1.000000,-0.000187,0.000000,0.000240,0.000
0.020,"Sample 50","B023678/S123578","Disordered","Disordered: 100%",0.000,0.000,0.000,0.000,1.000,0.000,0.000,0.540472,0.439910,1.000000,-0.001399,0.000000,0.000006,0.000
0.020,"Sample 51","B12/S023478","Disordered","Disordered: 100%",0.000,0.000,0.000,0.000,1.000,0.000,0.000,0.445552,0.143629,1.000000,-0.002144,0.000000,0.000151,0.000
0.020,"Sample 52","B12578/S023567","Disordered","Disordered: 100%",0.000,0.000,0.000,0.000,1.000,0.000,0.000,0.635220,0.320871,1.000000,0.000361,0.000000,0.000176,0.000
0.020,"Sample 53","B0147/S03578","Disordered","Disordered: 100%",0.000,0.000,0.000,0.000,1.000,0.000,0.000,0.392748,0.445129,1.000000,-0.000958,0.000000,0.000144,0.000
0.020,"Sample 54","B12467/S024567","Expanding","Expanding: 100%",0.000,0.000,0.000,1.000,0.000,0.000,0.000,0.742048,0.281528,1.000000,0.001197,0.000000,0.000057,0.000
0.020,"Sample 55","B123457/S23467","Expanding","Expanding: 100%",0.000,0.000,0.000,1.000,0.000,0.000,0.000,0.681556,0.442375,1.000000,-0.000880,0.000000,0.000038,0.000
0.020,"Sample 56","B13568/S1468","Disordered","Disordered: 100%",0.000,0.000,0.000,0.000,1.000,0.000,0.000,0.500864,0.580815,1.000000,0.000516,0.000000,0.000083,0.000
0.020,"Sample 57","B01368/S13568","Disordered","Disordered: 100%",0.000,0.000,0.000,0.000,1.000,0.000,0.000,0.478804,0.407466,1.000000,-0.001036,0.000000,0.000135,0.000
0.020,"Sample 58","B148/S0368","Structured Dynamic","Structured Dynamic: 100%",0.000,0.000,0.000,0.000,0.000,1.000,0.000,0.333976,0.447126,1.000000,-0.000269,0.000000,0.000166,0.000
0.020,"Sample 59","B01236/S012578","Disordered","Disordered: 100%",0.000,0.000,0.000,0.000,1.000,0.000,0.000,0.519700,0.530170,1.000000,-0.007355,0.000000,0.000046,0.000
0.020,"Sample 60","B348/S023468","Disordered","Disordered: 100%",0.000,0.000,0.000,0.000,1.000,0.000,0.000,0.552100,0.363462,1.000000,0.003727,0.000000,0.000066,0.000
0.020,"Sample 61","B1457/S01567","Disordered","Disordered: 100%",0.000,0.000,0.000,0.000,1.000,0.000,0.000,0.429936,0.537579,1.000000,0.001529,0.000000,0.000669,0.000
0.020,"Sample 62","B237/S0134567","Expanding","Expanding: 100%",0.000,0.000,0.000,1.000,0.000,0.000,0.000,0.695960,0.088225,1.000000,0.001168,0.000000,0.000144,0.000
0.020,"Sample 63","B014568/S2467","Disordered","Disordered: 100%",0.000,0.000,0.000,0.000,1.000,0.000,0.000,0.647324,0.517310,1.000000,0.004092,0.000000,0.000042,0.000
0.020,"Sample 64","B0123578/S0145","Disordered","Disordered: 100%",0.000,0.000,0.000,0.000,1.000,0.000,0.000,0.547656,0.582000,1.000000,0.014210,0.000000,0.001354,0.000
0.020,"Sample 65","B1268/S34","Disordered","Disordered: 100%",0.000,0.000,0.000,0.000,1.000,0.000,0.000,0.412312,0.424353,1.000000,-0.000812,0.000000,0.000039,0.000
0.020,"Sample 66","B3458/S0347","Disordered","Disordered: 100%",0.000,0.000,0.000,0.000,1.000,0.000,0.000,0.538384,0.580402,1.000000,0.006402,0.000000,0.000100,0.000
0.020,"Sample 67","B56/S7","Structured Dynamic","Structured Dynamic: 100%",0.000,0.000,0.000,0.000,0.000,1.000,0.000,0.020044,0.039211,1.000000,-0.000200,0.000000,0.001838,0.000
0.020,"Sample 68","B3478/S067","Structured Dynamic","Structured Dynamic: 100%",0.000,0.000,0.000,0.000,0.000,1.000,0.000,0.101556,0.117011,1.000000,-0.017790,0.000000,0.002091,0.000
0.020,"Sample 69","B023467/S05","Disordered","Disordered: 100%",0.000,0.000,0.000,0.000,1.000,0.000,0.000,0.493068,0.748976,1.000000,-0.000359,0.000000,0.000097,0.000
0.020,"Sample 70","B1457/S2457","Disordered","Disordered: 100%",0.000,0.000,0.000,0.000,1.000,0.000,0.000,0.612380,0.458731,1.000000,0.004174,0.000000,0.000073,0.000
0.020,"Sample 71","B12357/S456","Disordered","Disordered: 100%",0.000,0.000,0.000,0.000,1.000,0.000,0.000,0.637112,0.401284,1.000000,-0.000211,0.000000,0.000035,0.000
0.020,"Sample 72","B028/S1234578","Disordered","Disordered: 100%",0.000,0.000,0.000,0.000,1.000,0.000,0.000,0.500380,0.032618,1.000000,-0.000050,0.000000,0.000136,0.000
0.020,"Sample 73","B3678/S2348","Disordered","Disordered: 100%",0.000,0.000,0.000,0.000,1.000,0.000,0.000,0.485924,0.373024,1.000000,0.007474,0.000000,0.000022,0.000
0.020,"Sample 74","B047/S02378","Structured Dynamic","Structured Dynamic: 100%",0.000,0.000,0.000,0.000,0.000,1.000,0.000,0.315984,0.284296,1.000000,0.000300,0.000000,0.000296,0.000
0.020,"Sample 75","B2457/S1235678","Disordered","Disordered: 100%",0.000,0.000,0.000,0.000,1.000,0.000,0.000,0.916784,0.039024,1.000000,0.010111,0.000000,0.000080,0.000
0.020,"Sample 76","B01346/S013568","Disordered","Disordered: 100%",0.000,0.000,0.000,0.000,1.000,0.000,0.000,0.608192,0.442860,1.000000,-0.000335,0.000000,0.000117,0.000
0.020,"Sample 77","B0347/S2567","Disordered","Disordered: 100%",0.000,0.000,0.000,0.000,1.000,0.000,0.000,0.527072,0.472179,1.000000,0.003063,0.000000,0.000293,0.000
0.020,"Sample 78","B134/S123578","Disordered","Disordered: 100%",0.000,0.000,0.000,0.000,1.000,0.000,0.000,0.542764,0.434754,1.000000,-0.000435,0.000000,0.000109,0.000
0.020,"Sample 79","B0234678/S12567","Expanding","Expanding: 100%",0.000,0.000,0.000,1.000,0.000,0.000,0.000,0.708508,0.431461,1.000000,0.000652,0.000000,0.000044,0.000
0.020,"Sample 80","B2568/S0156","Structured Dynamic","Structured Dynamic: 100%",0.000,0.000,0.000,0.000,0.000,1.000,0.000,0.346528,0.478114,1.000000,-0.000546,0.000000,0.000132,0.000
0.020,"Sample 81","B17/S2348","Disordered","Disordered: 100%",0.000,0.000,0.000,0.000,1.000,0.000,0.000,0.398952,0.104056,1.000000,0.001394,0.000000,0.000114,0.000
0.020,"Sample 82","B012/S02457","Disordered","Disordered: 100%",0.000,0.000,0.000,0.000,1.000,0.000,0.000,0.428164,0.358603,1.000000,-0.002044,0.000000,0.000056,0.000
0.020,"Sample 83","B0123468/S145","Disordered","Disordered: 100%",0.000,0.000,0.000,0.000,1.000,0.000,0.000,0.124008,0.921488,1.000000,-0.002643,0.000000,0.001776,0.000
0.020,"Sample 84","B012357/S023467","Disordered","Disordered: 100%",0.000,0.000,0.000,0.000,1.000,0.000,0.000,0.627552,0.396043,1.000000,-0.001909,0.000000,0.000061,0.000
0.020,"Sample 85","B01248/S0358","Disordered","Disordered: 100%",0.000,0.000,0.000,0.000,1.000,0.000,0.000,0.461492,0.529553,1.000000,-0.001865,0.000000,0.000088,0.000
0.020,"Sample 86","B568/S016","Structured Dynamic","Structured Dynamic: 100%",0.000,0.000,0.000,0.000,0.000,1.000,0.000,0.158244,0.034877,1.000000,0.002764,0.000000,0.000430,0.000
0.020,"Sample 87","B012456/S0137","Disordered","Disordered: 100%",0.000,0.000,0.000,0.000,1.000,0.000,0.000,0.502696,0.717343,1.000000,-0.001922,0.000000,0.000048,0.000
0.020,"Sample 88","B016/S128","Disordered","Disordered: 100%",0.000,0.000,0.000,0.000,1.000,0.000,0.000,0.352948,0.442360,1.000000,-0.000683,0.000000,0.000046,0.000
0.020,"Sample 89","B012348/S2346","Disordered","Disordered: 100%",0.000,0.000,0.000,0.000,1.000,0.000,0.000,0.236540,0.762037,1.000000,-0.000711,0.000000,0.001294,0.000
0.020,"Sample 90","B345678/S012368","Disordered","Disordered: 100%",0.000,0.000,0.000,0.000,1.000,0.000,0.000,0.622532,0.720861,1.000000,0.003604,0.000000,0.000015,0.000
0.020,"Sample 91","B013578/S147","Disordered","Disordered: 100%",0.000,0.000,0.000,0.000,1.000,0.000,0.000,0.436736,0.576616,1.000000,-0.000807,0.000000,0.000094,0.000
0.020,"Sample 92","B127/S14568","Disordered","Disordered: 100%",0.000,0.000,0.000,0.000,1.000,0.000,0.000,0.453960,0.335330,1.000000,-0.001880,0.000000,0.000162,0.000
0.020,"Sample 93","B13568/S015678","Disordered","Disordered: 100%",0.000,0.000,0.000,0.000,1.000,0.000,0.000,0.966288,0.039041,1.000000,0.049740,0.000000,0.000282,0.000
0.020,"Sample 94","B0235/S0123","Disordered","Disordered: 100%",0.000,0.000,0.000,0.000,1.000,0.000,0.000,0.437592,0.652855,1.000000,-0.000128,0.000000,0.000353,0.000
0.020,"Sample 95","B568/S0135","Structured Dynamic","Structured Dynamic: 100%",0.000,0.000,0.000,0.000,0.000,1.000,0.000,0.162120,0.034808,1.000000,0.001261,0.000000,0.000437,0.000
0.020,"Sample 96","B01567/S17","Structured Dynamic","Structured Dynamic: 100%",0.000,0.000,0.000,0.000,0.000,1.000,0.000,0.335976,0.532613,1.000000,-0.000414,0.000000,0.000073,0.000
0.020,"Sample 97","B01357/S0148","Disordered","Disordered: 100%",0.000,0.000,0.000,0.000,1.000,0.000,0.000,0.434204,0.580471,1.000000,-0.000965,0.000000,0.000067,0.000
0.020,"Sample 98","B1258/S03678","Disordered","Disordered: 100%",0.000,0.000,0.000,0.000,1.000,0.000,0.000,0.412660,0.519260,1.000000,-0.001667,0.000000,0.000072,0.000
0.050,"Conway Life","B3/S23","Structured Dynamic","Structured Dynamic: 100%",0.000,0.000,0.000,0.000,0.000,1.000,0.000,0.319004,0.327039,1.000000,0.001975,0.000000,0.000347,0.000
0.050,"HighLife","B36/S23","Structured Dynamic","Structured Dynamic: 100%",0.000,0.000,0.000,0.000,0.000,1.000,0.000,0.348428,0.364910,1.000000,0.002469,0.000000,0.000263,0.000
0.050,"Sample 01","B23678/S348","Disordered","Disordered: 100%",0.000,0.000,0.000,0.000,1.000,0.000,0.000,0.489784,0.501086,1.000000,0.000429,0.000000,0.000050,0.000
0.050,"Sample 02","B0467/S02356","Disordered","Disordered: 100%",0.000,0.000,0.000,0.000,1.000,0.000,0.000,0.544844,0.399397,1.000000,0.008734,0.000000,0.000313,0.000
0.050,"Sample 03","B01348/S018","Disordered","Disordered: 100%",0.000,0.000,0.000,0.000,1.000,0.000,0.000,0.408768,0.711491,1.000000,-0.001395,0.000000,0.000040,0.000
0.050,"Sample 04","B234/S0135","Disordered","Disordered: 100%",0.000,0.000,0.000,0.000,1.000,0.000,0.000,0.498940,0.564466,1.000000,-0.000182,0.000000,0.000039,0.000
0.050,"Sample 05","B045678/S678","Structured Dynamic","Structured Dynamic: 100%",0.000,0.000,0.000,0.000,0.000,1.000,0.000,0.263428,0.461700,1.000000,0.000310,0.000000,0.000053,0.000
0.050,"Sample 06","B3467/S0356","Disordered","Disordered: 100%",0.000,0.000,0.000,0.000,1.000,0.000,0.000,0.609552,0.496303,1.000000,0.010006,0.000000,0.000210,0.000
0.050,"Sample 07","B0378/S12368","Disordered","Disordered: 100%",0.000,0.000,0.000,0.000,1.000,0.000,0.000,0.424656,0.349372,1.000000,0.000103,0.000000,0.000148,0.000
0.050,"Sample 08","B36/S06","Structured Dynamic","Structured Dynamic: 100%",0.000,0.000,0.000,0.000,0.000,1.000,0.000,0.142236,0.201099,1.000000,-0.002393,0.000000,0.001167,0.000
0.050,"Sample 09","B1234567/S56","Expanding","Expanding: 100%",0.000,0.000,0.000,1.000,0.000,0.000,0.000,0.657372,0.624303,1.000000,-0.000597,0.000000,0.000031,0.000
0.050,"Sample 10","B13568/S13567","Expanding","Expanding: 100%",0.000,0.000,0.000,1.000,0.000,0.000,0.000,0.715996,0.350681,1.000000,0.004488,0.000000,0.000083,0.000
0.050,"Sample 11","B01467/S0134","Disordered","Disordered: 100%",0.000,0.000,0.000,0.000,1.000,0.000,0.000,0.475576,0.458207,1.000000,-0.000456,0.000000,0.000085,0.000
0.050,"Sample 12","B1578/S035678","Disordered","Disordered: 100%",0.000,0.000,0.000,0.000,1.000,0.000,0.000,0.439020,0.326481,1.000000,0.062250,0.000000,0.004609,0.000
0.050,"Sample 13","B1235678/S013578","Disordered","Disordered: 100%",0.000,0.000,0.000,0.000,1.000,0.000,0.000,0.610396,0.588748,1.000000,-0.002676,0.000000,0.000100,0.000
0.050,"Sample 14","B0346/S1235","Disordered","Disordered: 100%",0.000,0.000,0.000,0.000,1.000,0.000,0.000,0.527456,0.526939,1.000000,0.000406,0.000000,0.000073,0.000
0.050,"Sample 15","B24567/S03467","Expanding","Expanding: 100%",0.000,0.000,0.000,1.000,0.000,0.000,0.000,0.716496,0.480957,1.000000,0.004704,0.000000,0.000096,0.000
0.050,"Sample 16","B1245/S2358","Disordered","Disordered: 100%",0.000,0.000,0.000,0.000,1.000,0.000,0.000,0.536468,0.549326,1.000000,-0.000209,0.000000,0.000099,0.000
0.050,"Sample 17","B0123678/S035","Disordered","Disordered: 100%",0.000,0.000,0.000,0.000,1.000,0.000,0.000,0.494724,0.589928,1.000000,-0.001974,0.000000,0.000065,0.000
0.050,"Sample 18","B12457/S2367","Disordered","Disordered: 100%",0.000,0.000,0.000,0.000,1.000,0.000,0.000,0.549212,0.581994,1.000000,-0.000865,0.000000,0.000087,0.000
0.050,"Sample 19","B03568/S4568","Expanding","Expanding: 100%",0.000,0.000,0.000,1.000,0.000,0.000,0.000,0.677872,0.399751,1.000000,0.018872,0.000000,0.000126,0.000
0.050,"Sample 20","B378/S01678","Structured Dynamic","Structured Dynamic: 100%",0.000,0.000,0.000,0.000,0.000,1.000,0.000,0.248224,0.322366,1.000000,-0.000137,0.000000,0.000875,0.000
0.050,"Sample 21","B0268/S346","Disordered","Disordered: 100%",0.000,0.000,0.000,0.000,1.000,0.000,0.000,0.399740,0.355410,1.000000,-0.000156,0.000000,0.000198,0.000
0.050,"Sample 22","B02468/S0245678","Expanding","Expanding: 100%",0.000,0.000,0.000,1.000,0.000,0.000,0.000,0.914204,0.091949,1.000000,0.011872,0.000000,0.000053,0.000
0.050,"Sample 23","B056/S1278","Structured Dynamic","Structured Dynamic: 100%",0.000,0.000,0.000,0.000,0.000,1.000,0.000,0.277900,0.211959,1.000000,-0.000020,0.000000,0.000081,0.000
0.050,"Sample 24","B13678/S03458","Disordered","Disordered: 100%",0.000,0.000,0.000,0.000,1.000,0.000,0.000,0.554304,0.376039,1.000000,0.001286,0.000000,0.000035,0.000
0.050,"Sample 25","B234/S2345","Disordered","Disordered: 100%",0.000,0.000,0.000,0.000,1.000,0.000,0.000,0.556072,0.321555,1.000000,0.000591,0.000000,0.000026,0.000
0.050,"Sample 26","B24/S3456","Disordered","Disordered: 100%",0.000,0.000,0.000,0.000,1.000,0.000,0.000,0.619992,0.130683,1.000000,0.004575,0.000000,0.000067,0.000
0.050,"Sample 27","B01457/S0236","Disordered","Disordered: 100%",0.000,0.000,0.000,0.000,1.000,0.000,0.000,0.494312,0.541866,1.000000,0.000029,0.000000,0.000128,0.000
0.050,"Sample 28","B134568/S12568","Expanding","Expanding: 100%",0.000,0.000,0.000,1.000,0.000,0.000,0.000,0.657032,0.540174,1.000000,0.000736,0.000000,0.000110,0.000
0.050,"Sample 29","B0568/S134","Structured Dynamic","Structured Dynamic: 100%",0.000,0.000,0.000,0.000,0.000,1.000,0.000,0.289192,0.248648,1.000000,0.000478,0.000000,0.000430,0.000
0.050,"Sample 30","B6/S013678","Structured Dynamic","Structured Dynamic: 100%",0.000,0.000,0.000,0.000,0.000,1.000,0.000,0.181640,0.082011,1.000000,0.000393,0.000000,0.000721,0.000
0.050,"Sample 31","B0167/S012","Disordered","Disordered: 100%",0.000,0.000,0.000,0.000,1.000,0.000,0.000,0.354356,0.362938,1.000000,-0.001310,0.000000,0.000234,0.000
0.050,"Sample 32","B123567/S012357","Disordered","Disordered: 100%",0.000,0.000,0.000,0.000,1.000,0.000,0.000,0.611328,0.569430,1.000000,-0.001274,0.000000,0.000026,0.000
0.050,"Sample 33","B03/S3456","Disordered","Disordered: 100%",0.000,0.000,0.000,0.000,1.000,0.000,0.000,0.568284,0.127994,1.000000,0.006424,0.000000,0.000130,0.000
0.050,"Sample 34","B1367/S026","Disordered","Disordered: 100%",0.000,0.000,0.000,0.000,1.000,0.000,0.000,0.385412,0.540663,1.000000,-0.000595,0.000000,0.000080,0.000
0.050,"Sample 35","B1478/S1247","Disordered","Disordered: 100%",0.000,0.000,0.000,0.000,1.000,0.000,0.000,0.420080,0.404755,1.000000,-0.000194,0.000000,0.000127,0.000
0.050,"Sample 36","B123457/S01468","Disordered","Disordered: 100%",0.000,0.000,0.000,0.000,1.000,0.000,0.000,0.590812,0.628601,1.000000,-0.001330,0.000000,0.000026,0.000
0.050,"Sample 37","B25/S012678","Disordered","Disordered: 100%",0.000,0.000,0.000,0.000,1.000,0.000,0.000,0.374556,0.441130,1.000000,-0.000307,0.000000,0.000205,0.000
0.050,"Sample 38","B267/S026","Structured Dynamic","Structured Dynamic: 100%",0.000,0.000,0.000,0.000,0.000,1.000,0.000,0.320376,0.424853,1.000000,-0.000276,0.000000,0.000137,0.000
0.050,"Sample 39","B01236/S1347","Disordered","Disordered: 100%",0.000,0.000,0.000,0.000,1.000,0.000,0.000,0.513448,0.497528,1.000000,-0.002156,0.000000,0.000044,0.000
0.050,"Sample 40","B034568/S012368","Disordered","Disordered: 100%",0.000,0.000,0.000,0.000,1.000,0.000,0.000,0.592884,0.672239,1.000000,0.000459,0.000000,0.000036,0.000
0.050,"Sample 41","B1378/S0357","Disordered","Disordered: 100%",0.000,0.000,0.000,0.000,1.000,0.000,0.000,0.405760,0.457013,1.000000,-0.000559,0.000000,0.000038,0.000
0.050,"Sample 42","B047/S37","Structured Dynamic","Structured Dynamic: 100%",0.000,0.000,0.000,0.000,0.000,1.000,0.000,0.266348,0.394190,1.000000,-0.000087,0.000000,0.000032,0.000
0.050,"Sample 43","B01257/S02368","Disordered","Disordered: 100%",0.000,0.000,0.000,0.000,1.000,0.000,0.000,0.455556,0.460521,1.000000,-0.002131,0.000000,0.000148,0.000
0.050,"Sample 44","B04567/S1238","Disordered","Disordered: 100%",0.000,0.000,0.000,0.000,1.000,0.000,0.000,0.445944,0.507337,1.000000,0.000931,0.000000,0.000013,0.000
0.050,"Sample 45","B0134/S124678","Disordered","Disordered: 100%",0.000,0.000,0.000,0.000,1.000,0.000,0.000,0.535664,0.453156,1.000000,-0.001168,0.000000,0.000075,0.000
0.050,"Sample 46","B03468/S3578","Disordered","Disordered: 100%",0.000,0.000,0.000,0.000,1.000,0.000,0.000,0.537756,0.548888,1.000000,0.002967,0.000000,0.000083,0.000
0.050,"Sample 47","B015678/S0123567","Expanding","Expanding: 100%",0.000,0.000,0.000,1.000,0.000,0.000,0.000,0.675592,0.362829,1.000000,0.003838,0.000000,0.000100,0.000
0.050,"Sample 48","B034678/S0137","Disordered","Disordered: 100%",0.000,0.000,0.000,0.000,1.000,0.000,0.000,0.473336,0.638972,1.000000,0.000372,0.000000,0.000066,0.000
0.050,"Sample 49","B2/S014678","Structured Dynamic","Structured Dynamic: 100%",0.000,0.000,0.000,0.000,0.000,1.000,0.000,0.331332,0.388593,1.000000,-0.000203,0.000000,0.000164,0.000
0.050,"Sample 50","B023678/S123578","Disordered","Disordered: 100%",0.000,0.000,0.000,0.000,1.000,0.000,0.000,0.536196,0.443433,1.000000,-0.001371,0.000000,0.000045,0.000
0.050,"Sample 51","B12/S023478","Disordered","Disordered: 100%",0.000,0.000,0.000,0.000,1.000,0.000,0.000,0.442216,0.197610,1.000000,-0.001126,0.000000,0.000227,0.000
0.050,"Sample 52","B12578/S023567","Disordered","Disordered: 100%",0.000,0.000,0.000,0.000,1.000,0.000,0.000,0.622264,0.333207,1.000000,0.000452,0.000000,0.000211,0.000
0.050,"Sample 53","B0147/S03578","Disordered","Disordered: 100%",0.000,0.000,0.000,0.000,1.000,0.000,0.000,0.398196,0.446887,1.000000,-0.000879,0.000000,0.000183,0.000
0.050,"Sample 54","B12467/S024567","Expanding","Expanding: 100%",0.000,0.000,0.000,1.000,0.000,0.000,0.000,0.736628,0.302298,1.000000,0.001310,0.000000,0.000108,0.000
0.050,"Sample 55","B123457/S23467","Expanding","Expanding: 100%",0.000,0.000,0.000,1.000,0.000,0.000,0.000,0.672592,0.448592,1.000000,-0.000829,0.000000,0.000024,0.000
0.050,"Sample 56","B13568/S1468","Disordered","Disordered: 100%",0.000,0.000,0.000,0.000,1.000,0.000,0.000,0.498940,0.575628,1.000000,0.000358,0.000000,0.000112,0.000
0.050,"Sample 57","B01368/S13568","Disordered","Disordered: 100%",0.000,0.000,0.000,0.000,1.000,0.000,0.000,0.479144,0.412796,1.000000,-0.001469,0.000000,0.000146,0.000
0.050,"Sample 58","B148/S0368","Structured Dynamic","Structured Dynamic: 100%",0.000,0.000,0.000,0.000,0.000,1.000,0.000,0.346064,0.451988,1.000000,-0.000323,0.000000,0.000095,0.000
0.050,"Sample 59","B01236/S012578","Disordered","Disordered: 100%",0.000,0.000,0.000,0.000,1.000,0.000,0.000,0.514316,0.532880,1.000000,-0.005484,0.000000,0.000120,0.000
0.050,"Sample 60","B348/S023468","Disordered","Disordered: 100%",0.000,0.000,0.000,0.000,1.000,0.000,0.000,0.551440,0.380076,1.000000,0.003025,0.000000,0.000033,0.000
0.050,"Sample 61","B1457/S01567","Disordered","Disordered: 100%",0.000,0.000,0.000,0.000,1.000,0.000,0.000,0.435696,0.540903,1.000000,0.003387,0.000000,0.000577,0.000
0.050,"Sample 62","B237/S0134567","Expanding","Expanding: 100%",0.000,0.000,0.000,1.000,0.000,0.000,0.000,0.682984,0.142900,1.000000,0.001704,0.000000,0.000088,0.000
0.050,"Sample 63","B014568/S2467","Disordered","Disordered: 100%",0.000,0.000,0.000,0.000,1.000,0.000,0.000,0.637440,0.525073,1.000000,0.003323,0.000000,0.000051,0.000
0.050,"Sample 64","B0123578/S0145","Disordered","Disordered: 100%",0.000,0.000,0.000,0.000,1.000,0.000,0.000,0.548872,0.549870,1.000000,0.000531,0.000000,0.000075,0.000
0.050,"Sample 65","B1268/S34","Disordered","Disordered: 100%",0.000,0.000,0.000,0.000,1.000,0.000,0.000,0.418724,0.422909,1.000000,-0.000595,0.000000,0.000023,0.000
0.050,"Sample 66","B3458/S0347","Disordered","Disordered: 100%",0.000,0.000,0.000,0.000,1.000,0.000,0.000,0.540892,0.577120,1.000000,0.004519,0.000000,0.000077,0.000
0.050,"Sample 67","B56/S7","Structured Dynamic","Structured Dynamic: 100%",0.000,0.000,0.000,0.000,0.000,1.000,0.000,0.049828,0.095074,1.000000,-0.000102,0.000000,0.000070,0.000
0.050,"Sample 68","B3478/S067","Structured Dynamic","Structured Dynamic: 100%",0.000,0.000,0.000,0.000,0.000,1.000,0.000,0.280420,0.489002,1.000000,0.000786,0.000000,0.000801,0.000
0.050,"Sample 69","B023467/S05","Disordered","Disordered: 100%",0.000,0.000,0.000,0.000,1.000,0.000,0.000,0.492128,0.735070,1.000000,-0.000536,0.000000,0.000013,0.000
0.050,"Sample 70","B1457/S2457","Disordered","Disordered: 100%",0.000,0.000,0.000,0.000,1.000,0.000,0.000,0.606228,0.461321,1.000000,0.003779,0.000000,0.000087,0.000
0.050,"Sample 71","B12357/S456","Disordered","Disordered: 100%",0.000,0.000,0.000,0.000,1.000,0.000,0.000,0.629192,0.403595,1.000000,-0.000398,0.000000,0.000017,0.000
0.050,"Sample 72","B028/S1234578","Disordered","Disordered: 100%",0.000,0.000,0.000,0.000,1.000,0.000,0.000,0.500944,0.076281,1.000000,-0.000186,0.000000,0.000044,0.000
0.050,"Sample 73","B3678/S2348","Disordered","Disordered: 100%",0.000,0.000,0.000,0.000,1.000,0.000,0.000,0.485204,0.381842,1.000000,0.005549,0.000000,0.000095,0.000
0.050,"Sample 74","B047/S02378","Structured Dynamic","Structured Dynamic: 100%",0.000,0.000,0.000,0.000,0.000,1.000,0.000,0.337132,0.313824,1.000000,-0.000033,0.000000,0.000084,0.000
0.050,"Sample 75","B2457/S1235678","Expanding","Expanding: 100%",0.000,0.000,0.000,1.000,0.000,0.000,0.000,0.877648,0.101850,1.000000,0.009816,0.000000,0.000033,0.000
0.050,"Sample 76","B01346/S013568","Disordered","Disordered: 100%",0.000,0.000,0.000,0.000,1.000,0.000,0.000,0.602032,0.451519,1.000000,-0.000225,0.000000,0.000039,0.000
0.050,"Sample 77","B0347/S2567","Disordered","Disordered: 100%",0.000,0.000,0.000,0.000,1.000,0.000,0.000,0.520856,0.484941,1.000000,0.002798,0.000000,0.000087,0.000
0.050,"Sample 78","B134/S123578","Disordered","Disordered: 100%",0.000,0.000,0.000,0.000,1.000,0.000,0.000,0.537496,0.440343,1.000000,-0.000369,0.000000,0.000135,0.000
0.050,"Sample 79","B0234678/S12567","Expanding","Expanding: 100%",0.000,0.000,0.000,1.000,0.000,0.000,0.000,0.704436,0.430274,1.000000,0.000528,0.000000,0.000151,0.000
0.050,"Sample 80","B2568/S0156","Disordered","Disordered: 100%",0.000,0.000,0.000,0.000,1.000,0.000,0.000,0.357260,0.486113,1.000000,0.000168,0.000000,0.000350,0.000
0.050,"Sample 81","B17/S2348","Disordered","Disordered: 100%",0.000,0.000,0.000,0.000,1.000,0.000,0.000,0.389524,0.158713,1.000000,0.000519,0.000000,0.000148,0.000
0.050,"Sample 82","B012/S02457","Disordered","Disordered: 100%",0.000,0.000,0.000,0.000,1.000,0.000,0.000,0.431312,0.359980,1.000000,-0.001951,0.000000,0.000114,0.000
0.050,"Sample 83","B0123468/S145","Disordered","Disordered: 100%",0.000,0.000,0.000,0.000,1.000,0.000,0.000,0.555576,0.668076,1.000000,0.002352,0.000000,0.000297,0.000
0.050,"Sample 84","B012357/S023467","Disordered","Disordered: 100%",0.000,0.000,0.000,0.000,1.000,0.000,0.000,0.618052,0.403908,1.000000,-0.002071,0.000000,0.000085,0.000
0.050,"Sample 85","B01248/S0358","Disordered","Disordered: 100%",0.000,0.000,0.000,0.000,1.000,0.000,0.000,0.464420,0.524019,1.000000,-0.001572,0.000000,0.000138,0.000
0.050,"Sample 86","B568/S016","Structured Dynamic","Structured Dynamic: 100%",0.000,0.000,0.000,0.000,0.000,1.000,0.000,0.171996,0.086579,1.000000,0.000705,0.000000,0.000669,0.000
0.050,"Sample 87","B012456/S0137","Disordered","Disordered: 100%",0.000,0.000,0.000,0.000,1.000,0.000,0.000,0.505556,0.704985,1.000000,-0.001689,0.000000,0.000052,0.000
0.050,"Sample 88","B016/S128","Disordered","Disordered: 100%",0.000,0.000,0.000,0.000,1.000,0.000,0.000,0.353892,0.428990,1.000000,-0.000640,0.000000,0.000061,0.000
0.050,"Sample 89","B012348/S2346","Disordered","Disordered: 100%",0.000,0.000,0.000,0.000,1.000,0.000,0.000,0.564724,0.572003,1.000000,-0.000363,0.000000,0.000568,0.000
0.050,"Sample 90","B345678/S012368","Disordered","Disordered: 100%",0.000,0.000,0.000,0.000,1.000,0.000,0.000,0.615328,0.708708,1.000000,0.003241,0.000000,0.000028,0.000
0.050,"Sample 91","B013578/S147","Disordered","Disordered: 100%",0.000,0.000,0.000,0.000,1.000,0.000,0.000,0.439392,0.572014,1.000000,-0.001026,0.000000,0.000031,0.000
0.050,"Sample 92","B127/S14568","Disordered","Disordered: 100%",0.000,0.000,0.000,0.000,1.000,0.000,0.000,0.448948,0.349669,1.000000,-0.001633,0.000000,0.000112,0.000
0.050,"Sample 93","B13568/S015678","Expanding","Expanding: 100%",0.000,0.000,0.000,1.000,0.000,0.000,0.000,0.914104,0.099013,1.000000,0.052673,0.000000,0.000623,0.000
0.050,"Sample 94","B0235/S0123","Disordered","Disordered: 100%",0.000,0.000,0.000,0.000,1.000,0.000,0.000,0.452348,0.623523,1.000000,-0.000391,0.000000,0.000088,0.000
0.050,"Sample 95","B568/S0135","Structured Dynamic","Structured Dynamic: 100%",0.000,0.000,0.000,0.000,0.000,1.000,0.000,0.181540,0.086905,1.000000,0.000019,0.000000,0.000156,0.000
0.050,"Sample 96","B01567/S17","Structured Dynamic","Structured Dynamic: 100%",0.000,0.000,0.000,0.000,0.000,1.000,0.000,0.332072,0.518820,1.000000,-0.000517,0.000000,0.000031,0.000
0.050,"Sample 97","B01357/S0148","Disordered","Disordered: 100%",0.000,0.000,0.000,0.000,1.000,0.000,0.000,0.439328,0.575084,1.000000,-0.000974,0.000000,0.000020,0.000
0.050,"Sample 98","B1258/S03678","Disordered","Disordered: 100%",0.000,0.000,0.000,0.000,1.000,0.000,0.000,0.415388,0.516957,1.000000,-0.001228,0.000000,0.000071,0.000
0.100,"Conway Life","B3/S23","Disordered","Disordered: 100%",0.000,0.000,0.000,0.000,1.000,0.000,0.000,0.358980,0.376720,1.000000,0.001007,0.000000,0.000300,0.000
0.100,"HighLife","B36/S23","Disordered","Disordered: 100%",0.000,0.000,0.000,0.000,1.000,0.000,0.000,0.385544,0.409319,1.000000,0.001717,0.000000,0.000154,0.000
0.100,"Sample 01","B23678/S348","Disordered","Disordered: 100%",0.000,0.000,0.000,0.000,1.000,0.000,0.000,0.490044,0.498802,1.000000,0.000473,0.000000,0.000097,0.000
0.100,"Sample 02","B0467/S02356","Disordered","Disordered: 100%",0.000,0.000,0.000,0.000,1.000,0.000,0.000,0.543280,0.413101,1.000000,0.006375,0.000000,0.000232,0.000
0.100,"Sample 03","B01348/S018","Disordered","Disordered: 100%",0.000,0.000,0.000,0.000,1.000,0.000,0.000,0.414228,0.685802,1.000000,-0.001101,0.000000,0.000074,0.000
0.100,"Sample 04","B234/S0135","Disordered","Disordered: 100%",0.000,0.000,0.000,0.000,1.000,0.000,0.000,0.502804,0.557669,1.000000,-0.000246,0.000000,0.000053,0.000
0.100,"Sample 05","B045678/S678","Structured Dynamic","Structured Dynamic: 100%",0.000,0.000,0.000,0.000,0.000,1.000,0.000,0.264380,0.460367,1.000000,0.000198,0.000000,0.000225,0.000
0.100,"Sample 06","B3467/S0356","Disordered","Disordered: 100%",0.000,0.000,0.000,0.000,1.000,0.000,0.000,0.598356,0.498650,1.000000,0.007121,0.000000,0.000050,0.000
0.100,"Sample 07","B0378/S12368","Disordered","Disordered: 100%",0.000,0.000,0.000,0.000,1.000,0.000,0.000,0.427760,0.374289,1.000000,0.000171,0.000000,0.000128,0.000
0.100,"Sample 08","B36/S06","Structured Dynamic","Structured Dynamic: 100%",0.000,0.000,0.000,0.000,0.000,1.000,0.000,0.237056,0.380140,1.000000,-0.000165,0.000000,0.000445,0.000
0.100,"Sample 09","B1234567/S56","Disordered","Disordered: 100%",0.000,0.000,0.000,0.000,1.000,0.000,0.000,0.641124,0.621269,1.000000,-0.000164,0.000000,0.000108,0.000
0.100,"Sample 10","B13568/S13567","Expanding","Expanding: 100%",0.000,0.000,0.000,1.000,0.000,0.000,0.000,0.690372,0.379224,1.000000,0.004516,0.000000,0.000165,0.000
0.100,"Sample 11","B01467/S0134","Disordered","Disordered: 100%",0.000,0.000,0.000,0.000,1.000,0.000,0.000,0.480648,0.463587,1.000000,0.000009,0.000000,0.000055,0.000
0.100,"Sample 12","B1578/S035678","Disordered","Disordered: 100%",0.000,0.000,0.000,0.000,1.000,0.000,0.000,0.375532,0.372317,1.000000,0.002087,0.000000,0.000575,0.000
0.100,"Sample 13","B1235678/S013578","Disordered","Disordered: 100%",0.000,0.000,0.000,0.000,1.000,0.000,0.000,0.592248,0.579025,1.000000,-0.001962,0.000000,0.000081,0.000
0.100,"Sample 14","B0346/S1235","Disordered","Disordered: 100%",0.000,0.000,0.000,0.000,1.000,0.000,0.000,0.527512,0.523432,1.000000,0.000291,0.000000,0.000042,0.000
0.100,"Sample 15","B24567/S03467","Expanding","Expanding: 100%",0.000,0.000,0.000,1.000,0.000,0.000,0.000,0.695596,0.498681,1.000000,0.004030,0.000000,0.000075,0.000
0.100,"Sample 16","B1245/S2358","Disordered","Disordered: 100%",0.000,0.000,0.000,0.000,1.000,0.000,0.000,0.537376,0.541516,1.000000,-0.000359,0.000000,0.000016,0.000
0.100,"Sample 17","B0123678/S035","Disordered","Disordered: 100%",0.000,0.000,0.000,0.000,1.000,0.000,0.000,0.491964,0.561986,1.000000,-0.001528,0.000000,0.000081,0.000
0.100,"Sample 18","B12457/S2367","Disordered","Disordered: 100%",0.000,0.000,0.000,0.000,1.000,0.000,0.000,0.543380,0.574449,1.000000,-0.000644,0.000000,0.000065,0.000
0.100,"Sample 19","B03568/S4568","Expanding","Expanding: 100%",0.000,0.000,0.000,1.000,0.000,0.000,0.000,0.659248,0.412910,1.000000,0.014677,0.000000,0.000102,0.000
0.100,"Sample 20","B378/S01678","Structured Dynamic","Structured Dynamic: 100%",0.000,0.000,0.000,0.000,0.000,1.000,0.000,0.292720,0.403640,1.000000,0.000100,0.000000,0.000190,0.000
0.100,"Sample 21","B0268/S346","Disordered","Disordered: 100%",0.000,0.000,0.000,0.000,1.000,0.000,0.000,0.412152,0.366175,1.000000,0.000010,0.000000,0.000050,0.000
0.100,"Sample 22","B02468/S0245678","Expanding","Expanding: 100%",0.000,0.000,0.000,1.000,0.000,0.000,0.000,0.829604,0.173082,1.000000,0.008962,0.000000,0.000109,0.000
0.100,"Sample 23","B056/S1278","Structured Dynamic","Structured Dynamic: 100%",0.000,0.000,0.000,0.000,0.000,1.000,0.000,0.289168,0.263100,1.000000,0.000125,0.000000,0.000107,0.000
0.100,"Sample 24","B13678/S03458","Disordered","Disordered: 100%",0.000,0.000,0.000,0.000,1.000,0.000,0.000,0.550176,0.386591,1.000000,0.000925,0.000000,0.000057,0.000
0.100,"Sample 25","B234/S2345","Disordered","Disordered: 100%",0.000,0.000,0.000,0.000,1.000,0.000,0.000,0.556600,0.383768,1.000000,0.000177,0.000000,0.000118,0.000
0.100,"Sample 26","B24/S3456","Disordered","Disordered: 100%",0.000,0.000,0.000,0.000,1.000,0.000,0.000,0.601812,0.211922,1.000000,0.003477,0.000000,0.000077,0.000
0.100,"Sample 27","B01457/S0236","Disordered","Disordered: 100%",0.000,0.000,0.000,0.000,1.000,0.000,0.000,0.498336,0.539466,1.000000,0.000038,0.000000,0.000039,0.000
0.100,"Sample 28","B134568/S12568","Disordered","Disordered: 100%",0.000,0.000,0.000,0.000,1.000,0.000,0.000,0.641272,0.552625,1.000000,0.000744,0.000000,0.000026,0.000
0.100,"Sample 29","B0568/S134","Structured Dynamic","Structured Dynamic: 100%",0.000,0.000,0.000,0.000,0.000,1.000,0.000,0.319300,0.281001,1.000000,0.000807,0.000000,0.000130,0.000
0.100,"Sample 30","B6/S013678","Structured Dynamic","Structured Dynamic: 100%",0.000,0.000,0.000,0.000,0.000,1.000,0.000,0.216988,0.157655,1.000000,0.000021,0.000000,0.000242,0.000
0.100,"Sample 31","B0167/S012","Disordered","Disordered: 100%",0.000,0.000,0.000,0.000,1.000,0.000,0.000,0.354852,0.375039,1.000000,-0.001061,0.000000,0.000053,0.000
0.100,"Sample 32","B123567/S012357","Disordered","Disordered: 100%",0.000,0.000,0.000,0.000,1.000,0.000,0.000,0.600900,0.559712,1.000000,-0.001097,0.000000,0.000079,0.000
0.100,"Sample 33","B03/S3456","Disordered","Disordered: 100%",0.000,0.000,0.000,0.000,1.000,0.000,0.000,0.544324,0.203240,1.000000,0.004148,0.000000,0.000026,0.000
0.100,"Sample 34","B1367/S026","Disordered","Disordered: 100%",0.000,0.000,0.000,0.000,1.000,0.000,0.000,0.393132,0.537339,1.000000,-0.000447,0.000000,0.000046,0.000
0.100,"Sample 35","B1478/S1247","Disordered","Disordered: 100%",0.000,0.000,0.000,0.000,1.000,0.000,0.000,0.428440,0.419343,1.000000,-0.000208,0.000000,0.000206,0.000
0.100,"Sample 36","B123457/S01468","Disordered","Disordered: 100%",0.000,0.000,0.000,0.000,1.000,0.000,0.000,0.583936,0.618806,1.000000,-0.000967,0.000000,0.000089,0.000
0.100,"Sample 37","B25/S012678","Disordered","Disordered: 100%",0.000,0.000,0.000,0.000,1.000,0.000,0.000,0.384652,0.453362,1.000000,-0.000277,0.000000,0.000074,0.000
0.100,"Sample 38","B267/S026","Structured Dynamic","Structured Dynamic: 100%",0.000,0.000,0.000,0.000,0.000,1.000,0.000,0.338200,0.439015,1.000000,-0.000132,0.000000,0.000191,0.000
0.100,"Sample 39","B01236/S1347","Disordered","Disordered: 100%",0.000,0.000,0.000,0.000,1.000,0.000,0.000,0.507900,0.492150,1.000000,-0.001944,0.000000,0.000108,0.000
0.100,"Sample 40","B034568/S012368","Disordered","Disordered: 100%",0.000,0.000,0.000,0.000,1.000,0.000,0.000,0.581180,0.654494,1.000000,0.000472,0.000000,0.000023,0.000
0.100,"Sample 41","B1378/S0357","Disordered","Disordered: 100%",0.000,0.000,0.000,0.000,1.000,0.000,0.000,0.413944,0.457668,1.000000,-0.000344,0.000000,0.000134,0.000
0.100,"Sample 42","B047/S37","Structured Dynamic","Structured Dynamic: 100%",0.000,0.000,0.000,0.000,0.000,1.000,0.000,0.278972,0.395040,1.000000,-0.000053,0.000000,0.000078,0.000
0.100,"Sample 43","B01257/S02368","Disordered","Disordered: 100%",0.000,0.000,0.000,0.000,1.000,0.000,0.000,0.459940,0.465474,1.000000,-0.001917,0.000000,0.000096,0.000
0.100,"Sample 44","B04567/S1238","Disordered","Disordered: 100%",0.000,0.000,0.000,0.000,1.000,0.000,0.000,0.464128,0.538398,1.000000,0.001146,0.000000,0.000029,0.000
0.100,"Sample 45","B0134/S124678","Disordered","Disordered: 100%",0.000,0.000,0.000,0.000,1.000,0.000,0.000,0.532024,0.462848,1.000000,-0.000866,0.000000,0.000107,0.000
0.100,"Sample 46","B03468/S3578","Disordered","Disordered: 100%",0.000,0.000,0.000,0.000,1.000,0.000,0.000,0.532684,0.544913,1.000000,0.002009,0.000000,0.000053,0.000
0.100,"Sample 47","B015678/S0123567","Expanding","Expanding: 100%",0.000,0.000,0.000,1.000,0.000,0.000,0.000,0.675592,0.379439,1.000000,0.003976,0.000000,0.000129,0.000
0.100,"Sample 48","B034678/S0137","Disordered","Disordered: 100%",0.000,0.000,0.000,0.000,1.000,0.000,0.000,0.474788,0.625430,1.000000,0.000233,0.000000,0.000092,0.000
0.100,"Sample 49","B2/S014678","Structured Dynamic","Structured Dynamic: 100%",0.000,0.000,0.000,0.000,0.000,1.000,0.000,0.346620,0.401871,1.000000,-0.000188,0.000000,0.000157,0.000
0.100,"Sample 50","B023678/S123578","Disordered","Disordered: 100%",0.000,0.000,0.000,0.000,1.000,0.000,0.000,0.529864,0.449390,1.000000,-0.001226,0.000000,0.000029,0.000
0.100,"Sample 51","B12/S023478","Disordered","Disordered: 100%",0.000,0.000,0.000,0.000,1.000,0.000,0.000,0.447068,0.257419,1.000000,-0.000963,0.000000,0.000046,0.000
0.100,"Sample 52","B12578/S023567","Disordered","Disordered: 100%",0.000,0.000,0.000,0.000,1.000,0.000,0.000,0.591816,0.356928,1.000000,-0.000463,0.000000,0.000171,0.000
0.100,"Sample 53","B0147/S03578","Disordered","Disordered: 100%",0.000,0.000,0.000,0.000,1.000,0.000,0.000,0.408548,0.450553,1.000000,-0.000814,0.000000,0.000157,0.000
0.100,"Sample 54","B12467/S024567","Expanding","Expanding: 100%",0.000,0.000,0.000,1.000,0.000,0.000,0.000,0.732292,0.320995,1.000000,0.001809,0.000000,0.000058,0.000
0.100,"Sample 55","B123457/S23467","Expanding","Expanding: 100%",0.000,0.000,0.000,1.000,0.000,0.000,0.000,0.659744,0.460018,1.000000,-0.000577,0.000000,0.000017,0.000
0.100,"Sample 56","B13568/S1468","Disordered","Disordered: 100%",0.000,0.000,0.000,0.000,1.000,0.000,0.000,0.500016,0.566794,1.000000,0.000733,0.000000,0.000171,0.000
0.100,"Sample 57","B01368/S13568","Disordered","Disordered: 100%",0.000,0.000,0.000,0.000,1.000,0.000,0.000,0.481180,0.422002,1.000000,-0.001183,0.000000,0.000109,0.000
0.100,"Sample 58","B148/S0368","Disordered","Disordered: 100%",0.000,0.000,0.000,0.000,1.000,0.000,0.000,0.362408,0.459736,1.000000,0.000033,0.000000,0.000237,0.000
0.100,"Sample 59","B01236/S012578","Disordered","Disordered: 100%",0.000,0.000,0.000,0.000,1.000,0.000,0.000,0.501860,0.534846,1.000000,-0.003747,0.000000,0.000033,0.000
0.100,"Sample 60","B348/S023468","Disordered","Disordered: 100%",0.000,0.000,0.000,0.000,1.000,0.000,0.000,0.548616,0.398463,1.000000,0.002541,0.000000,0.000078,0.000
0.100,"Sample 61","B1457/S01567","Disordered","Disordered: 100%",0.000,0.000,0.000,0.000,1.000,0.000,0.000,0.447464,0.543828,1.000000,0.001965,0.000000,0.000117,0.000
0.100,"Sample 62","B237/S0134567","Expanding","Expanding: 100%",0.000,0.000,0.000,1.000,0.000,0.000,0.000,0.653868,0.192871,1.000000,0.001442,0.000000,0.000033,0.000
0.100,"Sample 63","B014568/S2467","Disordered","Disordered: 100%",0.000,0.000,0.000,0.000,1.000,0.000,0.000,0.615036,0.532947,1.000000,0.002690,0.000000,0.000142,0.000
0.100,"Sample 64","B0123578/S0145","Disordered","Disordered: 100%",0.000,0.000,0.000,0.000,1.000,0.000,0.000,0.543900,0.532219,1.000000,-0.000623,0.000000,0.000220,0.000
0.100,"Sample 65","B1268/S34","Disordered","Disordered: 100%",0.000,0.000,0.000,0.000,1.000,0.000,0.000,0.423112,0.423178,1.000000,-0.000786,0.000000,0.000079,0.000
0.100,"Sample 66","B3458/S0347","Disordered","Disordered: 100%",0.000,0.000,0.000,0.000,1.000,0.000,0.000,0.540240,0.570888,1.000000,0.003426,0.000000,0.000099,0.000
0.100,"Sample 67","B56/S7","Structured Dynamic","Structured Dynamic: 100%",0.000,0.000,0.000,0.000,0.000,1.000,0.000,0.101288,0.180418,1.000000,-0.000079,0.000000,0.000197,0.000
0.100,"Sample 68","B3478/S067","Structured Dynamic","Structured Dynamic: 100%",0.000,0.000,0.000,0.000,0.000,1.000,0.000,0.345456,0.593338,1.000000,0.001536,0.000000,0.000041,0.000
0.100,"Sample 69","B023467/S05","Disordered","Disordered: 100%",0.000,0.000,0.000,0.000,1.000,0.000,0.000,0.493616,0.710439,1.000000,-0.000373,0.000000,0.000108,0.000
0.100,"Sample 70","B1457/S2457","Disordered","Disordered: 100%",0.000,0.000,0.000,0.000,1.000,0.000,0.000,0.595272,0.465891,1.000000,0.003278,0.000000,0.000193,0.000
0.100,"Sample 71","B12357/S456","Disordered","Disordered: 100%",0.000,0.000,0.000,0.000,1.000,0.000,0.000,0.618624,0.412281,1.000000,-0.000262,0.000000,0.000033,0.000
0.100,"Sample 72","B028/S1234578","Disordered","Disordered: 100%",0.000,0.000,0.000,0.000,1.000,0.000,0.000,0.501120,0.141134,1.000000,-0.000334,0.000000,0.000266,0.000
0.100,"Sample 73","B3678/S2348","Disordered","Disordered: 100%",0.000,0.000,0.000,0.000,1.000,0.000,0.000,0.485676,0.396420,1.000000,0.003412,0.000000,0.000027,0.000
0.100,"Sample 74","B047/S02378","Disordered","Disordered: 100%",0.000,0.000,0.000,0.000,1.000,0.000,0.000,0.363684,0.354911,1.000000,0.000196,0.000000,0.000080,0.000
0.100,"Sample 75","B2457/S1235678","Expanding","Expanding: 100%",0.000,0.000,0.000,1.000,0.000,0.000,0.000,0.791556,0.223511,1.000000,0.007419,0.000000,0.000246,0.000
0.100,"Sample 76","B01346/S013568","Disordered","Disordered: 100%",0.000,0.000,0.000,0.000,1.000,0.000,0.000,0.588836,0.463894,1.000000,0.000029,0.000000,0.000052,0.000
0.100,"Sample 77","B0347/S2567","Disordered","Disordered: 100%",0.000,0.000,0.000,0.000,1.000,0.000,0.000,0.510916,0.498297,1.000000,0.001850,0.000000,0.000220,0.000
0.100,"Sample 78","B134/S123578","Disordered","Disordered: 100%",0.000,0.000,0.000,0.000,1.000,0.000,0.000,0.532684,0.449033,1.000000,-0.000613,0.000000,0.000007,0.000
0.100,"Sample 79","B0234678/S12567","Expanding","Expanding: 100%",0.000,0.000,0.000,1.000,0.000,0.000,0.000,0.679036,0.443747,1.000000,0.000963,0.000000,0.000207,0.000
0.100,"Sample 80","B2568/S0156","Disordered","Disordered: 100%",0.000,0.000,0.000,0.000,1.000,0.000,0.000,0.372640,0.496110,1.000000,0.000102,0.000000,0.000106,0.000
0.100,"Sample 81","B17/S2348","Disordered","Disordered: 100%",0.000,0.000,0.000,0.000,1.000,0.000,0.000,0.389660,0.211379,1.000000,0.000229,0.000000,0.000205,0.000
0.100,"Sample 82","B012/S02457","Disordered","Disordered: 100%",0.000,0.000,0.000,0.000,1.000,0.000,0.000,0.434976,0.365417,1.000000,-0.001778,0.000000,0.000010,0.000
0.100,"Sample 83","B0123468/S145","Disordered","Disordered: 100%",0.000,0.000,0.000,0.000,1.000,0.000,0.000,0.564612,0.589261,1.000000,-0.000123,0.000000,0.000008,0.000
0.100,"Sample 84","B012357/S023467","Disordered","Disordered: 100%",0.000,0.000,0.000,0.000,1.000,0.000,0.000,0.608168,0.417117,1.000000,-0.002081,0.000000,0.000030,0.000
0.100,"Sample 85","B01248/S0358","Disordered","Disordered: 100%",0.000,0.000,0.000,0.000,1.000,0.000,0.000,0.464288,0.516350,1.000000,-0.001434,0.000000,0.000085,0.000
0.100,"Sample 86","B568/S016","Structured Dynamic","Structured Dynamic: 100%",0.000,0.000,0.000,0.000,0.000,1.000,0.000,0.202020,0.170368,1.000000,0.000149,0.000000,0.000149,0.000
0.100,"Sample 87","B012456/S0137","Disordered","Disordered: 100%",0.000,0.000,0.000,0.000,1.000,0.000,0.000,0.508792,0.683751,1.000000,-0.001492,0.000000,0.000115,0.000
0.100,"Sample 88","B016/S128","Structured Dynamic","Structured Dynamic: 100%",0.000,0.000,0.000,0.000,0.000,1.000,0.000,0.349680,0.411843,1.000000,-0.000729,0.000000,0.000005,0.000
0.100,"Sample 89","B012348/S2346","Disordered","Disordered: 100%",0.000,0.000,0.000,0.000,1.000,0.000,0.000,0.565696,0.500835,1.000000,-0.001427,0.000000,0.000069,0.000
0.100,"Sample 90","B345678/S012368","Disordered","Disordered: 100%",0.000,0.000,0.000,0.000,1.000,0.000,0.000,0.603664,0.687153,1.000000,0.002392,0.000000,0.000084,0.000
0.100,"Sample 91","B013578/S147","Disordered","Disordered: 100%",0.000,0.000,0.000,0.000,1.000,0.000,0.000,0.443920,0.564223,1.000000,-0.000898,0.000000,0.000130,0.000
0.100,"Sample 92","B127/S14568","Disordered","Disordered: 100%",0.000,0.000,0.000,0.000,1.000,0.000,0.000,0.446648,0.368696,1.000000,-0.001680,0.000000,0.000036,0.000
0.100,"Sample 93","B13568/S015678","Expanding","Expanding: 100%",0.000,0.000,0.000,1.000,0.000,0.000,0.000,0.761716,0.280012,1.000000,0.053622,0.000000,0.000974,0.000
0.100,"Sample 94","B0235/S0123","Disordered","Disordered: 100%",0.000,0.000,0.000,0.000,1.000,0.000,0.000,0.458640,0.601678,1.000000,-0.000467,0.000000,0.000050,0.000
0.100,"Sample 95","B568/S0135","Structured Dynamic","Structured Dynamic: 100%",0.000,0.000,0.000,0.000,0.000,1.000,0.000,0.229908,0.174406,1.000000,0.000201,0.000000,0.000404,0.000
0.100,"Sample 96","B01567/S17","Structured Dynamic","Structured Dynamic: 100%",0.000,0.000,0.000,0.000,0.000,1.000,0.000,0.334436,0.504221,1.000000,-0.000832,0.000000,0.000025,0.000
0.100,"Sample 97","B01357/S0148","Disordered","Disordered: 100%",0.000,0.000,0.000,0.000,1.000,0.000,0.000,0.442120,0.566834,1.000000,-0.000931,0.000000,0.000068,0.000
0.100,"Sample 98","B1258/S03678","Disordered","Disordered: 100%",0.000,0.000,0.000,0.000,1.000,0.000,0.000,0.418412,0.512771,1.000000,-0.001344,0.000000,0.000124,0.000
0.200,"Conway Life","B3/S23","Disordered","Disordered: 100%",0.000,0.000,0.000,0.000,1.000,0.000,0.000,0.403228,0.425541,1.000000,0.000477,0.000000,0.000064,0.000
0.200,"HighLife","B36/S23","Disordered","Disordered: 100%",0.000,0.000,0.000,0.000,1.000,0.000,0.000,0.419824,0.451417,1.000000,0.000696,0.000000,0.000192,0.000
0.200,"Sample 01","B23678/S348","Disordered","Disordered: 100%",0.000,0.000,0.000,0.000,1.000,0.000,0.000,0.493404,0.496323,1.000000,0.000165,0.000000,0.000052,0.000
0.200,"Sample 02","B0467/S02356","Disordered","Disordered: 100%",0.000,0.000,0.000,0.000,1.000,0.000,0.000,0.537232,0.434078,1.000000,0.002960,0.000000,0.000094,0.000
0.200,"Sample 03","B01348/S018","Disordered","Disordered: 100%",0.000,0.000,0.000,0.000,1.000,0.000,0.000,0.425560,0.639574,1.000000,-0.000832,0.000000,0.000055,0.000
0.200,"Sample 04","B234/S0135","Disordered","Disordered: 100%",0.000,0.000,0.000,0.000,1.000,0.000,0.000,0.508700,0.540736,1.000000,-0.000234,0.000000,0.000101,0.000
0.200,"Sample 05","B045678/S678","Structured Dynamic","Structured Dynamic: 100%",0.000,0.000,0.000,0.000,0.000,1.000,0.000,0.333344,0.523318,1.000000,0.000892,0.000000,0.000556,0.000
0.200,"Sample 06","B3467/S0356","Disordered","Disordered: 100%",0.000,0.000,0.000,0.000,1.000,0.000,0.000,0.572112,0.504581,1.000000,0.003499,0.000000,0.000053,0.000
0.200,"Sample 07","B0378/S12368","Disordered","Disordered: 100%",0.000,0.000,0.000,0.000,1.000,0.000,0.000,0.443352,0.413121,1.000000,0.000070,0.000000,0.000161,0.000
0.200,"Sample 08","B36/S06","Structured Dynamic","Structured Dynamic: 100%",0.000,0.000,0.000,0.000,0.000,1.000,0.000,0.325084,0.498076,1.000000,-0.000061,0.000000,0.000054,0.000
0.200,"Sample 09","B1234567/S56","Disordered","Disordered: 100%",0.000,0.000,0.000,0.000,1.000,0.000,0.000,0.607716,0.617528,1.000000,-0.000059,0.000000,0.000125,0.000
0.200,"Sample 10","B13568/S13567","Disordered","Disordered: 100%",0.000,0.000,0.000,0.000,1.000,0.000,0.000,0.613608,0.446459,1.000000,0.002140,0.000000,0.000103,0.000
0.200,"Sample 11","B01467/S0134","Disordered","Disordered: 100%",0.000,0.000,0.000,0.000,1.000,0.000,0.000,0.486728,0.473597,1.000000,-0.000274,0.000000,0.000097,0.000
0.200,"Sample 12","B1578/S035678","Disordered","Disordered: 100%",0.000,0.000,0.000,0.000,1.000,0.000,0.000,0.413600,0.403203,1.000000,0.001050,0.000000,0.000357,0.000
0.200,"Sample 13","B1235678/S013578","Disordered","Disordered: 100%",0.000,0.000,0.000,0.000,1.000,0.000,0.000,0.568476,0.559529,1.000000,-0.001007,0.000000,0.000155,0.000
0.200,"Sample 14","B0346/S1235","Disordered","Disordered: 100%",0.000,0.000,0.000,0.000,1.000,0.000,0.000,0.532368,0.516663,1.000000,0.000200,0.000000,0.000087,0.000
0.200,"Sample 15","B24567/S03467","Disordered","Disordered: 100%",0.000,0.000,0.000,0.000,1.000,0.000,0.000,0.643340,0.518327,1.000000,0.002535,0.000000,0.000071,0.000
0.200,"Sample 16","B1245/S2358","Disordered","Disordered: 100%",0.000,0.000,0.000,0.000,1.000,0.000,0.000,0.535776,0.528213,1.000000,-0.000195,0.000000,0.000055,0.000
0.200,"Sample 17","B0123678/S035","Disordered","Disordered: 100%",0.000,0.000,0.000,0.000,1.000,0.000,0.000,0.492372,0.533204,1.000000,-0.001198,0.000000,0.000140,0.000
0.200,"Sample 18","B12457/S2367","Disordered","Disordered: 100%",0.000,0.000,0.000,0.000,1.000,0.000,0.000,0.532880,0.557597,1.000000,-0.000554,0.000000,0.000074,0.000
0.200,"Sample 19","B03568/S4568","Disordered","Disordered: 100%",0.000,0.000,0.000,0.000,1.000,0.000,0.000,0.611060,0.443861,1.000000,0.007726,0.000000,0.000053,0.000
0.200,"Sample 20","B378/S01678","Structured Dynamic","Structured Dynamic: 100%",0.000,0.000,0.000,0.000,0.000,1.000,0.000,0.349244,0.473977,1.000000,0.000116,0.000000,0.000181,0.000
0.200,"Sample 21","B0268/S346","Disordered","Disordered: 100%",0.000,0.000,0.000,0.000,1.000,0.000,0.000,0.436588,0.392688,1.000000,0.000062,0.000000,0.000094,0.000
0.200,"Sample 22","B02468/S0245678","Expanding","Expanding: 100%",0.000,0.000,0.000,1.000,0.000,0.000,0.000,0.679136,0.321870,1.000000,0.003941,0.000000,0.000028,0.000
0.200,"Sample 23","B056/S1278","Structured Dynamic","Structured Dynamic: 100%",0.000,0.000,0.000,0.000,0.000,1.000,0.000,0.336784,0.363068,1.000000,0.000084,0.000000,0.000112,0.000
0.200,"Sample 24","B13678/S03458","Disordered","Disordered: 100%",0.000,0.000,0.000,0.000,1.000,0.000,0.000,0.538700,0.409654,1.000000,0.000881,0.000000,0.000187,0.000
0.200,"Sample 25","B234/S2345","Disordered","Disordered: 100%",0.000,0.000,0.000,0.000,1.000,0.000,0.000,0.558280,0.423317,1.000000,0.000054,0.000000,0.000049,0.000
0.200,"Sample 26","B24/S3456","Disordered","Disordered: 100%",0.000,0.000,0.000,0.000,1.000,0.000,0.000,0.572972,0.317993,1.000000,0.002085,0.000000,0.000121,0.000
0.200,"Sample 27","B01457/S0236","Disordered","Disordered: 100%",0.000,0.000,0.000,0.000,1.000,0.000,0.000,0.498524,0.532272,1.000000,0.000110,0.000000,0.000116,0.000
0.200,"Sample 28","B134568/S12568","Disordered","Disordered: 100%",0.000,0.000,0.000,0.000,1.000,0.000,0.000,0.604732,0.565848,1.000000,0.000560,0.000000,0.000031,0.000
0.200,"Sample 29","B0568/S134","Disordered","Disordered: 100%",0.000,0.000,0.000,0.000,1.000,0.000,0.000,0.400396,0.368864,1.000000,0.001405,0.000000,0.000127,0.000
0.200,"Sample 30","B6/S013678","Structured Dynamic","Structured Dynamic: 100%",0.000,0.000,0.000,0.000,0.000,1.000,0.000,0.298876,0.288149,1.000000,0.000000,0.000000,0.000236,0.000
0.200,"Sample 31","B0167/S012","Disordered","Disordered: 100%",0.000,0.000,0.000,0.000,1.000,0.000,0.000,0.367436,0.407197,1.000000,-0.000898,0.000000,0.000049,0.000
0.200,"Sample 32","B123567/S012357","Disordered","Disordered: 100%",0.000,0.000,0.000,0.000,1.000,0.000,0.000,0.579196,0.541948,1.000000,-0.001122,0.000000,0.000142,0.000
0.200,"Sample 33","B03/S3456","Disordered","Disordered: 100%",0.000,0.000,0.000,0.000,1.000,0.000,0.000,0.523744,0.301764,1.000000,0.002233,0.000000,0.000086,0.000
0.200,"Sample 34","B1367/S026","Disordered","Disordered: 100%",0.000,0.000,0.000,0.000,1.000,0.000,0.000,0.410672,0.530278,1.000000,-0.000497,0.000000,0.000096,0.000
0.200,"Sample 35","B1478/S1247","Disordered","Disordered: 100%",0.000,0.000,0.000,0.000,1.000,0.000,0.000,0.443520,0.445846,1.000000,-0.000198,0.000000,0.000067,0.000
0.200,"Sample 36","B123457/S01468","Disordered","Disordered: 100%",0.000,0.000,0.000,0.000,1.000,0.000,0.000,0.569232,0.597951,1.000000,-0.000910,0.000000,0.000054,0.000
0.200,"Sample 37","B25/S012678","Disordered","Disordered: 100%",0.000,0.000,0.000,0.000,1.000,0.000,0.000,0.407836,0.474583,1.000000,-0.000444,0.000000,0.000103,0.000
0.200,"Sample 38","B267/S026","Disordered","Disordered: 100%",0.000,0.000,0.000,0.000,1.000,0.000,0.000,0.368256,0.461620,1.000000,-0.000373,0.000000,0.000063,0.000
0.200,"Sample 39","B01236/S1347","Disordered","Disordered: 100%",0.000,0.000,0.000,0.000,1.000,0.000,0.000,0.505968,0.486548,1.000000,-0.001487,0.000000,0.000034,0.000
0.200,"Sample 40","B034568/S012368","Disordered","Disordered: 100%",0.000,0.000,0.000,0.000,1.000,0.000,0.000,0.567172,0.617426,1.000000,0.000272,0.000000,0.000040,0.000
0.200,"Sample 41","B1378/S0357","Disordered","Disordered: 100%",0.000,0.000,0.000,0.000,1.000,0.000,0.000,0.434928,0.461841,1.000000,-0.000438,0.000000,0.000164,0.000
0.200,"Sample 42","B047/S37","Structured Dynamic","Structured Dynamic: 100%",0.000,0.000,0.000,0.000,0.000,1.000,0.000,0.342264,0.436172,1.000000,0.000420,0.000000,0.000099,0.000
0.200,"Sample 43","B01257/S02368","Disordered","Disordered: 100%",0.000,0.000,0.000,0.000,1.000,0.000,0.000,0.464916,0.475111,1.000000,-0.001439,0.000000,0.000140,0.000
0.200,"Sample 44","B04567/S1238","Disordered","Disordered: 100%",0.000,0.000,0.000,0.000,1.000,0.000,0.000,0.486192,0.558387,1.000000,0.000835,0.000000,0.000070,0.000
0.200,"Sample 45","B0134/S124678","Disordered","Disordered: 100%",0.000,0.000,0.000,0.000,1.000,0.000,0.000,0.522820,0.477879,1.000000,-0.000718,0.000000,0.000073,0.000
0.200,"Sample 46","B03468/S3578","Disordered","Disordered: 100%",0.000,0.000,0.000,0.000,1.000,0.000,0.000,0.524224,0.535720,1.000000,0.001333,0.000000,0.000147,0.000
0.200,"Sample 47","B015678/S0123567","Disordered","Disordered: 100%",0.000,0.000,0.000,0.000,1.000,0.000,0.000,0.621644,0.415755,1.000000,0.003397,0.000000,0.000031,0.000
0.200,"Sample 48","B034678/S0137","Disordered","Disordered: 100%",0.000,0.000,0.000,0.000,1.000,0.000,0.000,0.480368,0.597425,1.000000,0.000109,0.000000,0.000038,0.000
0.200,"Sample 49","B2/S014678","Disordered","Disordered: 100%",0.000,0.000,0.000,0.000,1.000,0.000,0.000,0.376364,0.425288,1.000000,-0.000284,0.000000,0.000045,0.000
0.200,"Sample 50","B023678/S123578","Disordered","Disordered: 100%",0.000,0.000,0.000,0.000,1.000,0.000,0.000,0.525440,0.461336,1.000000,-0.000769,0.000000,0.000068,0.000
0.200,"Sample 51","B12/S023478","Disordered","Disordered: 100%",0.000,0.000,0.000,0.000,1.000,0.000,0.000,0.456156,0.335441,1.000000,-0.000782,0.000000,0.000047,0.000
0.200,"Sample 52","B12578/S023567","Disordered","Disordered: 100%",0.000,0.000,0.000,0.000,1.000,0.000,0.000,0.547736,0.401966,1.000000,-0.000205,0.000000,0.000268,0.000
0.200,"Sample 53","B0147/S03578","Disordered","Disordered: 100%",0.000,0.000,0.000,0.000,1.000,0.000,0.000,0.434060,0.460948,1.000000,0.000032,0.000000,0.000241,0.000
0.200,"Sample 54","B12467/S024567","Expanding","Expanding: 100%",0.000,0.000,0.000,1.000,0.000,0.000,0.000,0.677120,0.367613,1.000000,0.001550,0.000000,0.000026,0.000
0.200,"Sample 55","B123457/S23467","Disordered","Disordered: 100%",0.000,0.000,0.000,0.000,1.000,0.000,0.000,0.629144,0.483054,1.000000,-0.000239,0.000000,0.000055,0.000
0.200,"Sample 56","B13568/S1468","Disordered","Disordered: 100%",0.000,0.000,0.000,0.000,1.000,0.000,0.000,0.499900,0.549647,1.000000,0.000563,0.000000,0.000095,0.000
0.200,"Sample 57","B01368/S13568","Disordered","Disordered: 100%",0.000,0.000,0.000,0.000,1.000,0.000,0.000,0.484232,0.439781,1.000000,-0.000824,0.000000,0.000193,0.000
0.200,"Sample 58","B148/S0368","Disordered","Disordered: 100%",0.000,0.000,0.000,0.000,1.000,0.000,0.000,0.395352,0.474766,1.000000,-0.000197,0.000000,0.000207,0.000
0.200,"Sample 59","B01236/S012578","Disordered","Disordered: 100%",0.000,0.000,0.000,0.000,1.000,0.000,0.000,0.491880,0.530002,1.000000,-0.002345,0.000000,0.000038,0.000
0.200,"Sample 60","B348/S023468","Disordered","Disordered: 100%",0.000,0.000,0.000,0.000,1.000,0.000,0.000,0.542692,0.427293,1.000000,0.001460,0.000000,0.000152,0.000
0.200,"Sample 61","B1457/S01567","Disordered","Disordered: 100%",0.000,0.000,0.000,0.000,1.000,0.000,0.000,0.469560,0.541024,1.000000,0.000358,0.000000,0.000187,0.000
0.200,"Sample 62","B237/S0134567","Disordered","Disordered: 100%",0.000,0.000,0.000,0.000,1.000,0.000,0.000,0.598484,0.282730,1.000000,0.001041,0.000000,0.000061,0.000
0.200,"Sample 63","B014568/S2467","Disordered","Disordered: 100%",0.000,0.000,0.000,0.000,1.000,0.000,0.000,0.576812,0.534911,1.000000,0.001636,0.000000,0.000141,0.000
0.200,"Sample 64","B0123578/S0145","Disordered","Disordered: 100%",0.000,0.000,0.000,0.000,1.000,0.000,0.000,0.536356,0.518733,1.000000,-0.001039,0.000000,0.000048,0.000
0.200,"Sample 65","B1268/S34","Disordered","Disordered: 100%",0.000,0.000,0.000,0.000,1.000,0.000,0.000,0.439084,0.431496,1.000000,-0.000496,0.000000,0.000020,0.000
0.200,"Sample 66","B3458/S0347","Disordered","Disordered: 100%",0.000,0.000,0.000,0.000,1.000,0.000,0.000,0.538752,0.555039,1.000000,0.002003,0.000000,0.000135,0.000
0.200,"Sample 67","B56/S7","Structured Dynamic","Structured Dynamic: 100%",0.000,0.000,0.000,0.000,0.000,1.000,0.000,0.204184,0.329119,1.000000,0.000050,0.000000,0.000233,0.000
0.200,"Sample 68","B3478/S067","Disordered","Disordered: 100%",0.000,0.000,0.000,0.000,1.000,0.000,0.000,0.399844,0.608054,1.000000,0.000734,0.000000,0.000162,0.000
0.200,"Sample 69","B023467/S05","Disordered","Disordered: 100%",0.000,0.000,0.000,0.000,1.000,0.000,0.000,0.491988,0.658925,1.000000,-0.000296,0.000000,0.000111,0.000
0.200,"Sample 70","B1457/S2457","Disordered","Disordered: 100%",0.000,0.000,0.000,0.000,1.000,0.000,0.000,0.570916,0.475082,1.000000,0.001846,0.000000,0.000179,0.000
0.200,"Sample 71","B12357/S456","Disordered","Disordered: 100%",0.000,0.000,0.000,0.000,1.000,0.000,0.000,0.587104,0.442158,1.000000,-0.000281,0.000000,0.000104,0.000
0.200,"Sample 72","B028/S1234578","Disordered","Disordered: 100%",0.000,0.000,0.000,0.000,1.000,0.000,0.000,0.500112,0.249850,1.000000,-0.000308,0.000000,0.000047,0.000
0.200,"Sample 73","B3678/S2348","Disordered","Disordered: 100%",0.000,0.000,0.000,0.000,1.000,0.000,0.000,0.492492,0.423426,1.000000,0.001352,0.000000,0.000205,0.000
0.200,"Sample 74","B047/S02378","Disordered","Disordered: 100%",0.000,0.000,0.000,0.000,1.000,0.000,0.000,0.409668,0.417854,1.000000,0.000462,0.000000,0.000040,0.000
0.200,"Sample 75","B2457/S1235678","Expanding","Expanding: 100%",0.000,0.000,0.000,1.000,0.000,0.000,0.000,0.652240,0.399086,1.000000,0.002470,0.000000,0.000208,0.000
0.200,"Sample 76","B01346/S013568","Disordered","Disordered: 100%",0.000,0.000,0.000,0.000,1.000,0.000,0.000,0.565116,0.484359,1.000000,-0.000149,0.000000,0.000063,0.000
0.200,"Sample 77","B0347/S2567","Disordered","Disordered: 100%",0.000,0.000,0.000,0.000,1.000,0.000,0.000,0.501372,0.508777,1.000000,0.000859,0.000000,0.000121,0.000
0.200,"Sample 78","B134/S123578","Disordered","Disordered: 100%",0.000,0.000,0.000,0.000,1.000,0.000,0.000,0.528884,0.464556,1.000000,-0.000321,0.000000,0.000081,0.000
0.200,"Sample 79","B0234678/S12567","Disordered","Disordered: 100%",0.000,0.000,0.000,0.000,1.000,0.000,0.000,0.608148,0.498637,1.000000,-0.000045,0.000000,0.000062,0.000
0.200,"Sample 80","B2568/S0156","Disordered","Disordered: 100%",0.000,0.000,0.000,0.000,1.000,0.000,0.000,0.407584,0.508246,1.000000,-0.000058,0.000000,0.000182,0.000
0.200,"Sample 81","B17/S2348","Disordered","Disordered: 100%",0.000,0.000,0.000,0.000,1.000,0.000,0.000,0.411084,0.292777,1.000000,0.000036,0.000000,0.000167,0.000
0.200,"Sample 82","B012/S02457","Disordered","Disordered: 100%",0.000,0.000,0.000,0.000,1.000,0.000,0.000,0.444096,0.385259,1.000000,-0.001437,0.000000,0.000146,0.000
0.200,"Sample 83","B0123468/S145","Disordered","Disordered: 100%",0.000,0.000,0.000,0.000,1.000,0.000,0.000,0.558984,0.546566,1.000000,-0.000724,0.000000,0.000110,0.000
0.200,"Sample 84","B012357/S023467","Disordered","Disordered: 100%",0.000,0.000,0.000,0.000,1.000,0.000,0.000,0.585176,0.441404,1.000000,-0.001396,0.000000,0.000099,0.000
0.200,"Sample 85","B01248/S0358","Disordered","Disordered: 100%",0.000,0.000,0.000,0.000,1.000,0.000,0.000,0.471728,0.506030,1.000000,-0.000764,0.000000,0.000114,0.000
0.200,"Sample 86","B568/S016","Structured Dynamic","Structured Dynamic: 100%",0.000,0.000,0.000,0.000,0.000,1.000,0.000,0.272076,0.323848,1.000000,-0.000068,0.000000,0.000146,0.000
0.200,"Sample 87","B012456/S0137","Disordered","Disordered: 100%",0.000,0.000,0.000,0.000,1.000,0.000,0.000,0.504800,0.639210,1.000000,-0.001146,0.000000,0.000074,0.000
0.200,"Sample 88","B016/S128","Disordered","Disordered: 100%",0.000,0.000,0.000,0.000,1.000,0.000,0.000,0.363396,0.414608,1.000000,-0.000649,0.000000,0.000027,0.000
0.200,"Sample 89","B012348/S2346","Disordered","Disordered: 100%",0.000,0.000,0.000,0.000,1.000,0.000,0.000,0.555868,0.472745,1.000000,-0.001149,0.000000,0.000028,0.000
0.200,"Sample 90","B345678/S012368","Disordered","Disordered: 100%",0.000,0.000,0.000,0.000,1.000,0.000,0.000,0.580208,0.639750,1.000000,0.001456,0.000000,0.000065,0.000
0.200,"Sample 91","B013578/S147","Disordered","Disordered: 100%",0.000,0.000,0.000,0.000,1.000,0.000,0.000,0.457052,0.548676,1.000000,-0.000548,0.000000,0.000058,0.000
0.200,"Sample 92","B127/S14568","Disordered","Disordered: 100%",0.000,0.000,0.000,0.000,1.000,0.000,0.000,0.448936,0.399167,1.000000,-0.001152,0.000000,0.000033,0.000
0.200,"Sample 93","B13568/S015678","Disordered","Disordered: 100%",0.000,0.000,0.000,0.000,1.000,0.000,0.000,0.510976,0.535611,1.000000,0.001137,0.000000,0.000243,0.000
0.200,"Sample 94","B0235/S0123","Disordered","Disordered: 100%",0.000,0.000,0.000,0.000,1.000,0.000,0.000,0.475536,0.568910,1.000000,-0.000843,0.000000,0.000025,0.000
0.200,"Sample 95","B568/S0135","Structured Dynamic","Structured Dynamic: 100%",0.000,0.000,0.000,0.000,0.000,1.000,0.000,0.349664,0.338178,1.000000,0.000878,0.000000,0.000207,0.000
0.200,"Sample 96","B01567/S17","Structured Dynamic","Structured Dynamic: 100%",0.000,0.000,0.000,0.000,0.000,1.000,0.000,0.348316,0.494357,1.000000,-0.000800,0.000000,0.000235,0.000
0.200,"Sample 97","B01357/S0148","Disordered","Disordered: 100%",0.000,0.000,0.000,0.000,1.000,0.000,0.000,0.454908,0.550661,1.000000,-0.000590,0.000000,0.000090,0.000
0.200,"Sample 98","B1258/S03678","Disordered","Disordered: 100%",0.000,0.000,0.000,0.000,1.000,0.000,0.000,0.430160,0.505833,1.000000,-0.000977,0.000000,0.000082,0.000
0.500,"Conway Life","B3/S23","Disordered","Disordered: 100%",0.000,0.000,0.000,0.000,1.000,0.000,0.000,0.498992,0.499983,1.000000,0.000137,0.000000,0.000079,0.000
0.500,"HighLife","B36/S23","Disordered","Disordered: 100%",0.000,0.000,0.000,0.000,1.000,0.000,0.000,0.498400,0.499922,1.000000,-0.000045,0.000000,0.000098,0.000
0.500,"Sample 01","B23678/S348","Disordered","Disordered: 100%",0.000,0.000,0.000,0.000,1.000,0.000,0.000,0.500136,0.500101,1.000000,-0.000076,0.000000,0.000072,0.000
0.500,"Sample 02","B0467/S02356","Disordered","Disordered: 100%",0.000,0.000,0.000,0.000,1.000,0.000,0.000,0.499168,0.500039,1.000000,0.000065,0.000000,0.000104,0.000
0.500,"Sample 03","B01348/S018","Disordered","Disordered: 100%",0.000,0.000,0.000,0.000,1.000,0.000,0.000,0.498680,0.500102,1.000000,-0.000012,0.000000,0.000085,0.000
0.500,"Sample 04","B234/S0135","Disordered","Disordered: 100%",0.000,0.000,0.000,0.000,1.000,0.000,0.000,0.500424,0.500112,1.000000,-0.000026,0.000000,0.000166,0.000
0.500,"Sample 05","B045678/S678","Disordered","Disordered: 100%",0.000,0.000,0.000,0.000,1.000,0.000,0.000,0.499592,0.500117,1.000000,0.000020,0.000000,0.000138,0.000
0.500,"Sample 06","B3467/S0356","Disordered","Disordered: 100%",0.000,0.000,0.000,0.000,1.000,0.000,0.000,0.501356,0.500054,1.000000,0.000028,0.000000,0.000048,0.000
0.500,"Sample 07","B0378/S12368","Disordered","Disordered: 100%",0.000,0.000,0.000,0.000,1.000,0.000,0.000,0.500964,0.500111,1.000000,0.000130,0.000000,0.000118,0.000
0.500,"Sample 08","B36/S06","Disordered","Disordered: 100%",0.000,0.000,0.000,0.000,1.000,0.000,0.000,0.502480,0.499889,1.000000,-0.000020,0.000000,0.000092,0.000
0.500,"Sample 09","B1234567/S56","Disordered","Disordered: 100%",0.000,0.000,0.000,0.000,1.000,0.000,0.000,0.501476,0.500144,1.000000,-0.000131,0.000000,0.000131,0.000
0.500,"Sample 10","B13568/S13567","Disordered","Disordered: 100%",0.000,0.000,0.000,0.000,1.000,0.000,0.000,0.499852,0.499935,1.000000,-0.000181,0.000000,0.000120,0.000
0.500,"Sample 11","B01467/S0134","Disordered","Disordered: 100%",0.000,0.000,0.000,0.000,1.000,0.000,0.000,0.501516,0.500080,1.000000,0.000007,0.000000,0.000062,0.000
0.500,"Sample 12","B1578/S035678","Disordered","Disordered: 100%",0.000,0.000,0.000,0.000,1.000,0.000,0.000,0.500124,0.499938,1.000000,-0.000059,0.000000,0.000131,0.000
0.500,"Sample 13","B1235678/S013578","Disordered","Disordered: 100%",0.000,0.000,0.000,0.000,1.000,0.000,0.000,0.501380,0.499996,1.000000,0.000071,0.000000,0.000073,0.000
0.500,"Sample 14","B0346/S1235","Disordered","Disordered: 100%",0.000,0.000,0.000,0.000,1.000,0.000,0.000,0.499784,0.499920,1.000000,-0.000051,0.000000,0.000112,0.000
0.500,"Sample 15","B24567/S03467","Disordered","Disordered: 100%",0.000,0.000,0.000,0.000,1.000,0.000,0.000,0.498716,0.499918,1.000000,0.000073,0.000000,0.000074,0.000
0.500,"Sample 16","B1245/S2358","Disordered","Disordered: 100%",0.000,0.000,0.000,0.000,1.000,0.000,0.000,0.501068,0.500140,1.000000,-0.000289,0.000000,0.000115,0.000
0.500,"Sample 17","B0123678/S035","Disordered","Disordered: 100%",0.000,0.000,0.000,0.000,1.000,0.000,0.000,0.500956,0.499992,1.000000,0.000024,0.000000,0.000148,0.000
0.500,"Sample 18","B12457/S2367","Disordered","Disordered: 100%",0.000,0.000,0.000,0.000,1.000,0.000,0.000,0.498984,0.500046,1.000000,0.000019,0.000000,0.000126,0.000
0.500,"Sample 19","B03568/S4568","Disordered","Disordered: 100%",0.000,0.000,0.000,0.000,1.000,0.000,0.000,0.499980,0.499970,1.000000,-0.000113,0.000000,0.000058,0.000
0.500,"Sample 20","B378/S01678","Disordered","Disordered: 100%",0.000,0.000,0.000,0.000,1.000,0.000,0.000,0.499528,0.499915,1.000000,-0.000027,0.000000,0.000131,0.000
0.500,"Sample 21","B0268/S346","Disordered","Disordered: 100%",0.000,0.000,0.000,0.000,1.000,0.000,0.000,0.498796,0.500055,1.000000,-0.000337,0.000000,0.000028,0.000
0.500,"Sample 22","B02468/S0245678","Disordered","Disordered: 100%",0.000,0.000,0.000,0.000,1.000,0.000,0.000,0.499064,0.499876,1.000000,-0.000009,0.000000,0.000034,0.000
0.500,"Sample 23","B056/S1278","Disordered","Disordered: 100%",0.000,0.000,0.000,0.000,1.000,0.000,0.000,0.499048,0.500034,1.000000,0.000099,0.000000,0.000026,0.000
0.500,"Sample 24","B13678/S03458","Disordered","Disordered: 100%",0.000,0.000,0.000,0.000,1.000,0.000,0.000,0.500344,0.500017,1.000000,-0.000094,0.000000,0.000141,0.000
0.500,"Sample 25","B234/S2345","Disordered","Disordered: 100%",0.000,0.000,0.000,0.000,1.000,0.000,0.000,0.500568,0.500006,1.000000,-0.000110,0.000000,0.000108,0.000
0.500,"Sample 26","B24/S3456","Disordered","Disordered: 100%",0.000,0.000,0.000,0.000,1.000,0.000,0.000,0.499124,0.499908,1.000000,-0.000034,0.000000,0.000202,0.000
0.500,"Sample 27","B01457/S0236","Disordered","Disordered: 100%",0.000,0.000,0.000,0.000,1.000,0.000,0.000,0.501060,0.500045,1.000000,-0.000395,0.000000,0.000102,0.000
0.500,"Sample 28","B134568/S12568","Disordered","Disordered: 100%",0.000,0.000,0.000,0.000,1.000,0.000,0.000,0.498844,0.499869,1.000000,-0.000044,0.000000,0.000091,0.000
0.500,"Sample 29","B0568/S134","Disordered","Disordered: 100%",0.000,0.000,0.000,0.000,1.000,0.000,0.000,0.499904,0.500066,1.000000,0.000118,0.000000,0.000109,0.000
0.500,"Sample 30","B6/S013678","Disordered","Disordered: 100%",0.000,0.000,0.000,0.000,1.000,0.000,0.000,0.499164,0.499885,1.000000,0.000226,0.000000,0.000132,0.000
0.500,"Sample 31","B0167/S012","Disordered","Disordered: 100%",0.000,0.000,0.000,0.000,1.000,0.000,0.000,0.499616,0.499956,1.000000,0.000094,0.000000,0.000089,0.000
0.500,"Sample 32","B123567/S012357","Disordered","Disordered: 100%",0.000,0.000,0.000,0.000,1.000,0.000,0.000,0.499788,0.499904,1.000000,-0.000296,0.000000,0.000109,0.000
0.500,"Sample 33","B03/S3456","Disordered","Disordered: 100%",0.000,0.000,0.000,0.000,1.000,0.000,0.000,0.498980,0.500127,1.000000,-0.000216,0.000000,0.000053,0.000
0.500,"Sample 34","B1367/S026","Disordered","Disordered: 100%",0.000,0.000,0.000,0.000,1.000,0.000,0.000,0.500620,0.499946,1.000000,0.000130,0.000000,0.000024,0.000
0.500,"Sample 35","B1478/S1247","Disordered","Disordered: 100%",0.000,0.000,0.000,0.000,1.000,0.000,0.000,0.499544,0.500096,1.000000,-0.000104,0.000000,0.000074,0.000
0.500,"Sample 36","B123457/S01468","Disordered","Disordered: 100%",0.000,0.000,0.000,0.000,1.000,0.000,0.000,0.498436,0.500005,1.000000,0.000211,0.000000,0.000069,0.000
0.500,"Sample 37","B25/S012678","Disordered","Disordered: 100%",0.000,0.000,0.000,0.000,1.000,0.000,0.000,0.500988,0.500053,1.000000,-0.000125,0.000000,0.000090,0.000
0.500,"Sample 38","B267/S026","Disordered","Disordered: 100%",0.000,0.000,0.000,0.000,1.000,0.000,0.000,0.500480,0.499851,1.000000,-0.000053,0.000000,0.000045,0.000
0.500,"Sample 39","B01236/S1347","Disordered","Disordered: 100%",0.000,0.000,0.000,0.000,1.000,0.000,0.000,0.500376,0.499970,1.000000,-0.000117,0.000000,0.000142,0.000
0.500,"Sample 40","B034568/S012368","Disordered","Disordered: 100%",0.000,0.000,0.000,0.000,1.000,0.000,0.000,0.499676,0.500163,1.000000,0.000173,0.000000,0.000033,0.000
0.500,"Sample 41","B1378/S0357","Disordered","Disordered: 100%",0.000,0.000,0.000,0.000,1.000,0.000,0.000,0.502260,0.500090,1.000000,-0.000060,0.000000,0.000206,0.000
0.500,"Sample 42","B047/S37","Disordered","Disordered: 100%",0.000,0.000,0.000,0.000,1.000,0.000,0.000,0.500892,0.500035,1.000000,-0.000199,0.000000,0.000035,0.000
0.500,"Sample 43","B01257/S02368","Disordered","Disordered: 100%",0.000,0.000,0.000,0.000,1.000,0.000,0.000,0.499804,0.500025,1.000000,0.000027,0.000000,0.000093,0.000
0.500,"Sample 44","B04567/S1238","Disordered","Disordered: 100%",0.000,0.000,0.000,0.000,1.000,0.000,0.000,0.500180,0.500150,1.000000,0.000010,0.000000,0.000204,0.000
0.500,"Sample 45","B0134/S124678","Disordered","Disordered: 100%",0.000,0.000,0.000,0.000,1.000,0.000,0.000,0.500604,0.500093,1.000000,-0.000087,0.000000,0.000090,0.000
0.500,"Sample 46","B03468/S3578","Disordered","Disordered: 100%",0.000,0.000,0.000,0.000,1.000,0.000,0.000,0.499660,0.499996,1.000000,-0.000168,0.000000,0.000085,0.000
0.500,"Sample 47","B015678/S0123567","Disordered","Disordered: 100%",0.000,0.000,0.000,0.000,1.000,0.000,0.000,0.500516,0.499937,1.000000,0.000133,0.000000,0.000072,0.000
0.500,"Sample 48","B034678/S0137","Disordered","Disordered: 100%",0.000,0.000,0.000,0.000,1.000,0.000,0.000,0.499760,0.500055,1.000000,-0.000017,0.000000,0.000184,0.000
0.500,"Sample 49","B2/S014678","Disordered","Disordered: 100%",0.000,0.000,0.000,0.000,1.000,0.000,0.000,0.499460,0.500134,1.000000,0.000206,0.000000,0.000088,0.000
0.500,"Sample 50","B023678/S123578","Disordered","Disordered: 100%",0.000,0.000,0.000,0.000,1.000,0.000,0.000,0.499656,0.500215,1.000000,-0.000513,0.000000,0.000205,0.000
0.500,"Sample 51","B12/S023478","Disordered","Disordered: 100%",0.000,0.000,0.000,0.000,1.000,0.000,0.000,0.500124,0.500046,1.000000,0.000138,0.000000,0.000071,0.000
0.500,"Sample 52","B12578/S023567","Disordered","Disordered: 100%",0.000,0.000,0.000,0.000,1.000,0.000,0.000,0.498940,0.499894,1.000000,0.000121,0.000000,0.000054,0.000
0.500,"Sample 53","B0147/S03578","Disordered","Disordered: 100%",0.000,0.000,0.000,0.000,1.000,0.000,0.000,0.501796,0.499988,1.000000,-0.000259,0.000000,0.000085,0.000
0.500,"Sample 54","B12467/S024567","Disordered","Disordered: 100%",0.000,0.000,0.000,0.000,1.000,0.000,0.000,0.499744,0.499952,1.000000,-0.000022,0.000000,0.000156,0.000
0.500,"Sample 55","B123457/S23467","Disordered","Disordered: 100%",0.000,0.000,0.000,0.000,1.000,0.000,0.000,0.500928,0.500098,1.000000,0.000118,0.000000,0.000183,0.000
0.500,"Sample 56","B13568/S1468","Disordered","Disordered: 100%",0.000,0.000,0.000,0.000,1.000,0.000,0.000,0.499052,0.500020,1.000000,0.000090,0.000000,0.000146,0.000
0.500,"Sample 57","B01368/S13568","Disordered","Disordered: 100%",0.000,0.000,0.000,0.000,1.000,0.000,0.000,0.499936,0.499930,1.000000,-0.000322,0.000000,0.000062,0.000
0.500,"Sample 58","B148/S0368","Disordered","Disordered: 100%",0.000,0.000,0.000,0.000,1.000,0.000,0.000,0.500536,0.500091,1.000000,-0.000225,0.000000,0.000037,0.000
0.500,"Sample 59","B01236/S012578","Disordered","Disordered: 100%",0.000,0.000,0.000,0.000,1.000,0.000,0.000,0.499956,0.499917,1.000000,0.000179,0.000000,0.000093,0.000
0.500,"Sample 60","B348/S023468","Disordered","Disordered: 100%",0.000,0.000,0.000,0.000,1.000,0.000,0.000,0.501544,0.500177,1.000000,-0.000168,0.000000,0.000024,0.000
0.500,"Sample 61","B1457/S01567","Disordered","Disordered: 100%",0.000,0.000,0.000,0.000,1.000,0.000,0.000,0.501336,0.500168,1.000000,0.000084,0.000000,0.000122,0.000
0.500,"Sample 62","B237/S0134567","Disordered","Disordered: 100%",0.000,0.000,0.000,0.000,1.000,0.000,0.000,0.500404,0.500096,1.000000,0.000247,0.000000,0.000068,0.000
0.500,"Sample 63","B014568/S2467","Disordered","Disordered: 100%",0.000,0.000,0.000,0.000,1.000,0.000,0.000,0.499012,0.499972,1.000000,0.000165,0.000000,0.000110,0.000
0.500,"Sample 64","B0123578/S0145","Disordered","Disordered: 100%",0.000,0.000,0.000,0.000,1.000,0.000,0.000,0.501476,0.500279,1.000000,-0.000365,0.000000,0.000019,0.000
0.500,"Sample 65","B1268/S34","Disordered","Disordered: 100%",0.000,0.000,0.000,0.000,1.000,0.000,0.000,0.499980,0.500108,1.000000,-0.000111,0.000000,0.000171,0.000
0.500,"Sample 66","B3458/S0347","Disordered","Disordered: 100%",0.000,0.000,0.000,0.000,1.000,0.000,0.000,0.501148,0.499955,1.000000,-0.000037,0.000000,0.000056,0.000
0.500,"Sample 67","B56/S7","Disordered","Disordered: 100%",0.000,0.000,0.000,0.000,1.000,0.000,0.000,0.499932,0.499939,1.000000,-0.000065,0.000000,0.000031,0.000
0.500,"Sample 68","B3478/S067","Disordered","Disordered: 100%",0.000,0.000,0.000,0.000,1.000,0.000,0.000,0.500784,0.499949,1.000000,0.000053,0.000000,0.000045,0.000
0.500,"Sample 69","B023467/S05","Disordered","Disordered: 100%",0.000,0.000,0.000,0.000,1.000,0.000,0.000,0.498924,0.500061,1.000000,0.000177,0.000000,0.000159,0.000
0.500,"Sample 70","B1457/S2457","Disordered","Disordered: 100%",0.000,0.000,0.000,0.000,1.000,0.000,0.000,0.498936,0.499894,1.000000,-0.000046,0.000000,0.000042,0.000
0.500,"Sample 71","B12357/S456","Disordered","Disordered: 100%",0.000,0.000,0.000,0.000,1.000,0.000,0.000,0.500292,0.499928,1.000000,-0.000258,0.000000,0.000048,0.000
0.500,"Sample 72","B028/S1234578","Disordered","Disordered: 100%",0.000,0.000,0.000,0.000,1.000,0.000,0.000,0.501188,0.500042,1.000000,-0.000053,0.000000,0.000024,0.000
0.500,"Sample 73","B3678/S2348","Disordered","Disordered: 100%",0.000,0.000,0.000,0.000,1.000,0.000,0.000,0.500820,0.499888,1.000000,0.000049,0.000000,0.000168,0.000
0.500,"Sample 74","B047/S02378","Disordered","Disordered: 100%",0.000,0.000,0.000,0.000,1.000,0.000,0.000,0.498124,0.500093,1.000000,0.000072,0.000000,0.000144,0.000
0.500,"Sample 75","B2457/S1235678","Disordered","Disordered: 100%",0.000,0.000,0.000,0.000,1.000,0.000,0.000,0.500212,0.499994,1.000000,0.000041,0.000000,0.000161,0.000
0.500,"Sample 76","B01346/S013568","Disordered","Disordered: 100%",0.000,0.000,0.000,0.000,1.000,0.000,0.000,0.499712,0.500044,1.000000,0.000295,0.000000,0.000150,0.000
0.500,"Sample 77","B0347/S2567","Disordered","Disordered: 100%",0.000,0.000,0.000,0.000,1.000,0.000,0.000,0.499052,0.500015,1.000000,-0.000091,0.000000,0.000172,0.000
0.500,"Sample 78","B134/S123578","Disordered","Disordered: 100%",0.000,0.000,0.000,0.000,1.000,0.000,0.000,0.500668,0.500057,1.000000,-0.000024,0.000000,0.000141,0.000
0.500,"Sample 79","B0234678/S12567","Disordered","Disordered: 100%",0.000,0.000,0.000,0.000,1.000,0.000,0.000,0.499748,0.500155,1.000000,-0.000313,0.000000,0.000111,0.000
0.500,"Sample 80","B2568/S0156","Disordered","Disordered: 100%",0.000,0.000,0.000,0.000,1.000,0.000,0.000,0.500468,0.500125,1.000000,-0.000059,0.000000,0.000076,0.000
0.500,"Sample 81","B17/S2348","Disordered","Disordered: 100%",0.000,0.000,0.000,0.000,1.000,0.000,0.000,0.499852,0.499955,1.000000,-0.000041,0.000000,0.000053,0.000
0.500,"Sample 82","B012/S02457","Disordered","Disordered: 100%",0.000,0.000,0.000,0.000,1.000,0.000,0.000,0.500344,0.500060,1.000000,-0.000202,0.000000,0.000068,0.000
0.500,"Sample 83","B0123468/S145","Disordered","Disordered: 100%",0.000,0.000,0.000,0.000,1.000,0.000,0.000,0.500176,0.500022,1.000000,0.000184,0.000000,0.000064,0.000
0.500,"Sample 84","B012357/S023467","Disordered","Disordered: 100%",0.000,0.000,0.000,0.000,1.000,0.000,0.000,0.500616,0.499949,1.000000,0.000215,0.000000,0.000201,0.000
0.500,"Sample 85","B01248/S0358","Disordered","Disordered: 100%",0.000,0.000,0.000,0.000,1.000,0.000,0.000,0.500880,0.500141,1.000000,0.000083,0.000000,0.000106,0.000
0.500,"Sample 86","B568/S016","Disordered","Disordered: 100%",0.000,0.000,0.000,0.000,1.000,0.000,0.000,0.498444,0.499932,1.000000,-0.000089,0.000000,0.000211,0.000
0.500,"Sample 87","B012456/S0137","Disordered","Disordered: 100%",0.000,0.000,0.000,0.000,1.000,0.000,0.000,0.501156,0.499969,1.000000,0.000008,0.000000,0.000151,0.000
0.500,"Sample 88","B016/S128","Disordered","Disordered: 100%",0.000,0.000,0.000,0.000,1.000,0.000,0.000,0.501068,0.500038,1.000000,0.000001,0.000000,0.000138,0.000
0.500,"Sample 89","B012348/S2346","Disordered","Disordered: 100%",0.000,0.000,0.000,0.000,1.000,0.000,0.000,0.500848,0.499994,1.000000,0.000162,0.000000,0.000008,0.000
0.500,"Sample 90","B345678/S012368","Disordered","Disordered: 100%",0.000,0.000,0.000,0.000,1.000,0.000,0.000,0.498372,0.499985,1.000000,-0.000087,0.000000,0.000061,0.000
0.500,"Sample 91","B013578/S147","Disordered","Disordered: 100%",0.000,0.000,0.000,0.000,1.000,0.000,0.000,0.499472,0.499902,1.000000,0.000054,0.000000,0.000069,0.000
0.500,"Sample 92","B127/S14568","Disordered","Disordered: 100%",0.000,0.000,0.000,0.000,1.000,0.000,0.000,0.500548,0.499923,1.000000,0.000126,0.000000,0.000043,0.000
0.500,"Sample 93","B13568/S015678","Disordered","Disordered: 100%",0.000,0.000,0.000,0.000,1.000,0.000,0.000,0.500324,0.499781,1.000000,-0.000072,0.000000,0.000069,0.000
0.500,"Sample 94","B0235/S0123","Disordered","Disordered: 100%",0.000,0.000,0.000,0.000,1.000,0.000,0.000,0.500772,0.499893,1.000000,0.000076,0.000000,0.000206,0.000
0.500,"Sample 95","B568/S0135","Disordered","Disordered: 100%",0.000,0.000,0.000,0.000,1.000,0.000,0.000,0.500524,0.499934,1.000000,0.000091,0.000000,0.000060,0.000
0.500,"Sample 96","B01567/S17","Disordered","Disordered: 100%",0.000,0.000,0.000,0.000,1.000,0.000,0.000,0.499992,0.500142,1.000000,0.000137,0.000000,0.000075,0.000
0.500,"Sample 97","B01357/S0148","Disordered","Disordered: 100%",0.000,0.000,0.000,0.000,1.000,0.000,0.000,0.498632,0.500016,1.000000,0.000186,0.000000,0.000032,0.000
0.500,"Sample 98","B1258/S03678","Disordered","Disordered: 100%",0.000,0.000,0.000,0.000,1.000,0.000,0.000,0.501428,0.500003,1.000000,-0.000136,0.000000,0.000062,0.000
1.000,"Conway Life","B3/S23","Frozen","Frozen: 100%",0.000,1.000,0.000,0.000,0.000,0.000,0.000,1.000000,0.000000,1.000000,0.003556,0.000000,0.000005,0.000
1.000,"HighLife","B36/S23","Periodic","Periodic: 100%",0.000,0.000,1.000,0.000,0.000,0.000,0.000,0.992920,0.000152,1.000000,0.004485,0.000000,0.000014,0.000
1.000,"Sample 01","B23678/S348","Disordered","Disordered: 100%",0.000,0.000,0.000,0.000,1.000,0.000,0.000,0.598920,0.382941,1.000000,0.004191,0.000000,0.000164,0.000
1.000,"Sample 02","B0467/S02356","Disordered","Disordered: 100%",0.000,0.000,0.000,0.000,1.000,0.000,0.000,0.493648,0.643371,1.000000,-0.001890,0.000000,0.000068,0.000
1.000,"Sample 03","B01348/S018","Expanding","Expanding: 100%",0.000,0.000,0.000,1.000,0.000,0.000,0.000,0.793756,0.124404,1.000000,0.017791,0.000000,0.000015,0.000
1.000,"Sample 04","B234/S0135","Periodic","Periodic: 100%",0.000,0.000,1.000,0.000,0.000,0.000,0.000,0.999412,0.000672,1.000000,0.337503,0.000000,0.007552,0.000
1.000,"Sample 05","B045678/S678","Periodic","Periodic: 100%",0.000,0.000,1.000,0.000,0.000,0.000,0.000,0.542712,0.027235,1.000000,0.003539,0.000000,0.000090,0.000
1.000,"Sample 06","B3467/S0356","Disordered","Disordered: 100%",0.000,0.000,0.000,0.000,1.000,0.000,0.000,0.453656,0.450351,1.000000,-0.003434,0.000000,0.000016,0.000
1.000,"Sample 07","B0378/S12368","Disordered","Disordered: 100%",0.000,0.000,0.000,0.000,1.000,0.000,0.000,0.642944,0.529923,1.000000,0.000701,0.000000,0.000037,0.000
1.000,"Sample 08","B36/S06","Expanding","Expanding: 100%",0.000,0.000,0.000,1.000,0.000,0.000,0.000,0.702368,0.394578,1.000000,-0.002208,0.000000,0.000050,0.000
1.000,"Sample 09","B1234567/S56","Frozen","Frozen: 100%",0.000,1.000,0.000,0.000,0.000,0.000,0.000,0.306444,0.000000,1.000000,-0.000134,0.000000,0.000007,0.000
1.000,"Sample 10","B13568/S13567","Disordered","Disordered: 100%",0.000,0.000,0.000,0.000,1.000,0.000,0.000,0.436544,0.504713,1.000000,-0.000408,0.000000,0.000024,0.000
1.000,"Sample 11","B01467/S0134","Periodic","Periodic: 100%",0.000,0.000,1.000,0.000,0.000,0.000,0.000,0.931564,0.005241,1.000000,0.046825,0.000000,0.000110,0.000
1.000,"Sample 12","B1578/S035678","Disordered","Disordered: 100%",0.000,0.000,0.000,0.000,1.000,0.000,0.000,0.495424,0.694383,1.000000,-0.000060,0.000000,0.000134,0.000
1.000,"Sample 13","B1235678/S013578","Structured Dynamic","Structured Dynamic: 100%",0.000,0.000,0.000,0.000,0.000,1.000,0.000,0.303456,0.333258,1.000000,0.000467,0.000000,0.000235,0.000
1.000,"Sample 14","B0346/S1235","Disordered","Disordered: 100%",0.000,0.000,0.000,0.000,1.000,0.000,0.000,0.428296,0.523010,1.000000,-0.002551,0.000000,0.000315,0.000
1.000,"Sample 15","B24567/S03467","Disordered","Disordered: 100%",0.000,0.000,0.000,0.000,1.000,0.000,0.000,0.414788,0.479949,1.000000,-0.001334,0.000000,0.000081,0.000
1.000,"Sample 16","B1245/S2358","Disordered","Disordered: 100%",0.000,0.000,0.000,0.000,1.000,0.000,0.000,0.354248,0.431594,1.000000,-0.000064,0.000000,0.000188,0.000
1.000,"Sample 17","B0123678/S035","Periodic","Periodic: 100%",0.000,0.000,1.000,0.000,0.000,0.000,0.000,0.078104,0.005603,1.000000,-0.010921,0.000000,0.000406,0.000
1.000,"Sample 18","B12457/S2367","Disordered","Disordered: 100%",0.000,0.000,0.000,0.000,1.000,0.000,0.000,0.387664,0.408408,1.000000,0.000340,0.000000,0.000240,0.000
1.000,"Sample 19","B03568/S4568","Disordered","Disordered: 100%",0.000,0.000,0.000,0.000,1.000,0.000,0.000,0.479620,0.557998,1.000000,-0.002033,0.000000,0.000055,0.000
1.000,"Sample 20","B378/S01678","Periodic","Periodic: 100%",0.000,0.000,1.000,0.000,0.000,0.000,0.000,0.005912,0.993524,1.000000,-0.006438,0.000000,0.039765,0.000
1.000,"Sample 21","B0268/S346","Disordered","Disordered: 100%",0.000,0.000,0.000,0.000,1.000,0.000,0.000,0.563976,0.656529,1.000000,-0.000465,0.000000,0.000076,0.000
1.000,"Sample 22","B02468/S0245678","Disordered","Disordered: 100%",0.000,0.000,0.000,0.000,1.000,0.000,0.000,0.420424,0.579617,1.000000,-0.000449,0.000000,0.000043,0.000
1.000,"Sample 23","B056/S1278","Expanding","Expanding: 100%",0.000,0.000,0.000,1.000,0.000,0.000,0.000,0.652748,0.370592,1.000000,-0.000833,0.000000,0.000026,0.000
1.000,"Sample 24","B13678/S03458","Disordered","Disordered: 100%",0.000,0.000,0.000,0.000,1.000,0.000,0.000,0.460912,0.643363,1.000000,-0.000568,0.000000,0.000065,0.000
1.000,"Sample 25","B234/S2345","Disordered","Disordered: 100%",0.000,0.000,0.000,0.000,1.000,0.000,0.000,0.378116,0.483815,1.000000,-0.001157,0.000000,0.000076,0.000
1.000,"Sample 26","B24/S3456","Disordered","Disordered: 100%",0.000,0.000,0.000,0.000,1.000,0.000,0.000,0.446512,0.634227,1.000000,-0.002368,0.000000,0.000025,0.000
1.000,"Sample 27","B01457/S0236","Disordered","Disordered: 100%",0.000,0.000,0.000,0.000,1.000,0.000,0.000,0.514176,0.431642,1.000000,0.000273,0.000000,0.000144,0.000
1.000,"Sample 28","B134568/S12568","Disordered","Disordered: 100%",0.000,0.000,0.000,0.000,1.000,0.000,0.000,0.364860,0.342890,1.000000,-0.000262,0.000000,0.000258,0.000
1.000,"Sample 29","B0568/S134","Periodic","Periodic: 100%",0.000,0.000,1.000,0.000,0.000,0.000,0.000,0.930780,0.000811,1.000000,0.004935,0.000000,0.000030,0.000
1.000,"Sample 30","B6/S013678","Periodic","Periodic: 100%",0.000,0.000,1.000,0.000,0.000,0.000,0.000,0.095044,0.996446,1.000000,-0.000781,0.000000,0.000105,0.000
1.000,"Sample 31","B0167/S012","Frozen","Frozen: 100%",0.000,1.000,0.000,0.000,0.000,0.000,0.000,0.881052,0.000000,1.000000,0.005451,0.000000,0.000018,0.000
1.000,"Sample 32","B123567/S012357","Structured Dynamic","Structured Dynamic: 100%",0.000,0.000,0.000,0.000,0.000,1.000,0.000,0.275900,0.414073,1.000000,-0.000152,0.000000,0.000120,0.000
1.000,"Sample 33","B03/S3456","Disordered","Disordered: 100%",0.000,0.000,0.000,0.000,1.000,0.000,0.000,0.506268,0.767597,1.000000,-0.002877,0.000000,0.000150,0.000
1.000,"Sample 34","B1367/S026","Disordered","Disordered: 100%",0.000,0.000,0.000,0.000,1.000,0.000,0.000,0.650024,0.356752,1.000000,0.000810,0.000000,0.000056,0.000
1.000,"Sample 35","B1478/S1247","Disordered","Disordered: 100%",0.000,0.000,0.000,0.000,1.000,0.000,0.000,0.642080,0.456532,1.000000,0.000862,0.000000,0.000093,0.000
1.000,"Sample 36","B123457/S01468","Structured Dynamic","Structured Dynamic: 100%",0.000,0.000,0.000,0.000,0.000,1.000,0.000,0.316596,0.051860,1.000000,0.003637,0.000000,0.000070,0.000
1.000,"Sample 37","B25/S012678","Disordered","Disordered: 100%",0.000,0.000,0.000,0.000,1.000,0.000,0.000,0.588660,0.579904,1.000000,-0.000162,0.000000,0.000030,0.000
1.000,"Sample 38","B267/S026","Expanding","Expanding: 100%",0.000,0.000,0.000,1.000,0.000,0.000,0.000,0.672720,0.378461,1.000000,0.000030,0.000000,0.000045,0.000
1.000,"Sample 39","B01236/S1347","Periodic","Periodic: 100%",0.000,0.000,1.000,0.000,0.000,0.000,0.000,0.056308,0.000280,1.000000,-0.002772,0.000000,0.000296,0.000
1.000,"Sample 40","B034568/S012368","Disordered","Disordered: 100%",0.000,0.000,0.000,0.000,1.000,0.000,0.000,0.391952,0.446280,1.000000,-0.001334,0.000000,0.000009,0.000
1.000,"Sample 41","B1378/S0357","Disordered","Disordered: 100%",0.000,0.000,0.000,0.000,1.000,0.000,0.000,0.602228,0.593320,1.000000,0.000319,0.000000,0.000091,0.000
1.000,"Sample 42","B047/S37","Expanding","Expanding: 100%",0.000,0.000,0.000,1.000,0.000,0.000,0.000,0.708012,0.383843,1.000000,-0.000851,0.000000,0.000099,0.000
1.000,"Sample 43","B01257/S02368","Disordered","Disordered: 100%",0.000,0.000,0.000,0.000,1.000,0.000,0.000,0.594684,0.468669,1.000000,0.021206,0.000000,0.000777,0.000
1.000,"Sample 44","B04567/S1238","Disordered","Disordered: 100%",0.000,0.000,0.000,0.000,1.000,0.000,0.000,0.703500,0.017246,1.000000,0.007833,0.000000,0.000050,0.000
1.000,"Sample 45","B0134/S124678","Disordered","Disordered: 100%",0.000,0.000,0.000,0.000,1.000,0.000,0.000,0.399320,0.466892,1.000000,0.000997,0.000000,0.000345,0.000
1.000,"Sample 46","B03468/S3578","Disordered","Disordered: 100%",0.000,0.000,0.000,0.000,1.000,0.000,0.000,0.470344,0.425534,1.000000,-0.001658,0.000000,0.000110,0.000
1.000,"Sample 47","B015678/S0123567","Disordered","Disordered: 100%",0.000,0.000,0.000,0.000,1.000,0.000,0.000,0.448704,0.648505,1.000000,0.000435,0.000000,0.000042,0.000
1.000,"Sample 48","B034678/S0137","Expanding","Expanding: 100%",0.000,0.000,0.000,1.000,0.000,0.000,0.000,0.661140,0.113328,1.000000,0.013084,0.000000,0.000351,0.000
1.000,"Sample 49","B2/S014678","Disordered","Disordered: 100%",0.000,0.000,0.000,0.000,1.000,0.000,0.000,0.591580,0.722026,1.000000,-0.000097,0.000000,0.000100,0.000
1.000,"Sample 50","B023678/S123578","Disordered","Disordered: 100%",0.000,0.000,0.000,0.000,1.000,0.000,0.000,0.369076,0.546210,1.000000,0.000296,0.000000,0.000571,0.000
1.000,"Sample 51","B12/S023478","Disordered","Disordered: 100%",0.000,0.000,0.000,0.000,1.000,0.000,0.000,0.508776,0.982419,1.000000,-0.067155,0.000000,0.000384,0.000
1.000,"Sample 52","B12578/S023567","Disordered","Disordered: 100%",0.000,0.000,0.000,0.000,1.000,0.000,0.000,0.460604,0.625998,1.000000,0.000711,0.000000,0.000132,0.000
1.000,"Sample 53","B0147/S03578","Disordered","Disordered: 100%",0.000,0.000,0.000,0.000,1.000,0.000,0.000,0.570596,0.572652,1.000000,0.000527,0.000000,0.000038,0.000
1.000,"Sample 54","B12467/S024567","Disordered","Disordered: 100%",0.000,0.000,0.000,0.000,1.000,0.000,0.000,0.385820,0.494279,1.000000,0.000169,0.000000,0.000061,0.000
1.000,"Sample 55","B123457/S23467","Periodic","Periodic: 100%",0.000,0.000,1.000,0.000,0.000,0.000,0.000,0.216028,0.034303,1.000000,-0.000973,0.000000,0.000032,0.000
1.000,"Sample 56","B13568/S1468","Disordered","Disordered: 100%",0.000,0.000,0.000,0.000,1.000,0.000,0.000,0.499976,0.415491,1.000000,-0.000172,0.000000,0.000047,0.000
1.000,"Sample 57","B01368/S13568","Disordered","Disordered: 100%",0.000,0.000,0.000,0.000,1.000,0.000,0.000,0.511032,0.608443,1.000000,0.000988,0.000000,0.000081,0.000
1.000,"Sample 58","B148/S0368","Expanding","Expanding: 100%",0.000,0.000,0.000,1.000,0.000,0.000,0.000,0.663936,0.518227,1.000000,0.000138,0.000000,0.000030,0.000
1.000,"Sample 59","B01236/S012578","Periodic","Periodic: 100%",0.000,0.000,1.000,0.000,0.000,0.000,0.000,0.010020,0.000016,1.000000,-0.004153,0.000000,0.002820,0.000
1.000,"Sample 60","B348/S023468","Disordered","Disordered: 100%",0.000,0.000,0.000,0.000,1.000,0.000,0.000,0.427068,0.603709,1.000000,-0.001939,0.000000,0.000086,0.000
1.000,"Sample 61","B1457/S01567","Disordered","Disordered: 100%",0.000,0.000,0.000,0.000,1.000,0.000,0.000,0.503040,0.485755,1.000000,-0.000297,0.000000,0.000050,0.000
1.000,"Sample 62","B237/S0134567","Disordered","Disordered: 100%",0.000,0.000,0.000,0.000,1.000,0.000,0.000,0.388856,0.605955,1.000000,-0.000089,0.000000,0.000099,0.000
1.000,"Sample 63","B014568/S2467","Disordered","Disordered: 100%",0.000,0.000,0.000,0.000,1.000,0.000,0.000,0.457568,0.478406,1.000000,-0.000435,0.000000,0.000070,0.000
1.000,"Sample 64","B0123578/S0145","Periodic","Periodic: 100%",0.000,0.000,1.000,0.000,0.000,0.000,0.000,0.036464,0.000776,1.000000,-0.004762,0.000000,0.000260,0.000
1.000,"Sample 65","B1268/S34","Periodic","Periodic: 100%",0.000,0.000,1.000,0.000,0.000,0.000,0.000,0.948484,0.000200,1.000000,0.013386,0.000000,0.000016,0.000
1.000,"Sample 66","B3458/S0347","Disordered","Disordered: 100%",0.000,0.000,0.000,0.000,1.000,0.000,0.000,0.454260,0.442205,1.000000,-0.002985,0.000000,0.000084,0.000
1.000,"Sample 67","B56/S7","Disordered","Disordered: 100%",0.000,0.000,0.000,0.000,1.000,0.000,0.000,0.601508,0.025435,1.000000,-0.067738,0.000000,0.000210,0.000
1.000,"Sample 68","B3478/S067","Disordered","Disordered: 100%",0.000,0.000,0.000,0.000,1.000,0.000,0.000,0.602468,0.431433,1.000000,-0.000789,0.000000,0.000042,0.000
1.000,"Sample 69","B023467/S05","Disordered","Disordered: 100%",0.000,0.000,0.000,0.000,1.000,0.000,0.000,0.505300,0.217586,1.000000,0.000734,0.000000,0.000127,0.000
1.000,"Sample 70","B1457/S2457","Disordered","Disordered: 100%",0.000,0.000,0.000,0.000,1.000,0.000,0.000,0.463316,0.557163,1.000000,-0.001050,0.000000,0.000044,0.000
1.000,"Sample 71","B12357/S456","Disordered","Disordered: 100%",0.000,0.000,0.000,0.000,1.000,0.000,0.000,0.367088,0.272528,1.000000,-0.000719,0.000000,0.000175,0.000
1.000,"Sample 72","B028/S1234578","Periodic","Periodic: 100%",0.000,0.000,1.000,0.000,0.000,0.000,0.000,0.504004,0.999996,1.000000,0.000305,0.000000,0.000003,0.000
1.000,"Sample 73","B3678/S2348","Disordered","Disordered: 100%",0.000,0.000,0.000,0.000,1.000,0.000,0.000,0.582268,0.480504,1.000000,-0.000909,0.000000,0.000307,0.000
1.000,"Sample 74","B047/S02378","Expanding","Expanding: 100%",0.000,0.000,0.000,1.000,0.000,0.000,0.000,0.658628,0.461054,1.000000,-0.000206,0.000000,0.000099,0.000
1.000,"Sample 75","B2457/S1235678","Disordered","Disordered: 100%",0.000,0.000,0.000,0.000,1.000,0.000,0.000,0.386184,0.609394,1.000000,-0.001120,0.000000,0.000135,0.000
1.000,"Sample 76","B01346/S013568","Disordered","Disordered: 100%",0.000,0.000,0.000,0.000,1.000,0.000,0.000,0.383304,0.421299,1.000000,0.000468,0.000000,0.000100,0.000
1.000,"Sample 77","B0347/S2567","Disordered","Disordered: 100%",0.000,0.000,0.000,0.000,1.000,0.000,0.000,0.492536,0.499920,1.000000,-0.001044,0.000000,0.000064,0.000
1.000,"Sample 78","B134/S123578","Disordered","Disordered: 100%",0.000,0.000,0.000,0.000,1.000,0.000,0.000,0.367460,0.527585,1.000000,-0.000251,0.000000,0.000149,0.000
1.000,"Sample 79","B0234678/S12567","Structured Dynamic","Structured Dynamic: 100%",0.000,0.000,0.000,0.000,0.000,1.000,0.000,0.328644,0.329496,1.000000,-0.000262,0.000000,0.000228,0.000
1.000,"Sample 80","B2568/S0156","Disordered","Disordered: 100%",0.000,0.000,0.000,0.000,1.000,0.000,0.000,0.543228,0.479821,1.000000,-0.000668,0.000000,0.000101,0.000
1.000,"Sample 81","B17/S2348","Expanding","Expanding: 100%",0.000,0.000,0.000,1.000,0.000,0.000,0.000,0.743720,0.370209,1.000000,0.001486,0.000000,0.000074,0.000
1.000,"Sample 82","B012/S02457","Disordered","Disordered: 100%",0.000,0.000,0.000,0.000,1.000,0.000,0.000,0.608600,0.770393,1.000000,0.010185,0.000000,0.000202,0.000
1.000,"Sample 83","B0123468/S145","Periodic","Periodic: 100%",0.000,0.000,1.000,0.000,0.000,0.000,0.000,0.086096,0.000716,1.000000,-0.001444,0.000000,0.000097,0.000
1.000,"Sample 84","B012357/S023467","Periodic","Periodic: 100%",0.000,0.000,1.000,0.000,0.000,0.000,0.000,0.034704,0.000016,1.000000,-0.001453,0.000000,0.000238,0.000
1.000,"Sample 85","B01248/S0358","Expanding","Expanding: 100%",0.000,0.000,0.000,1.000,0.000,0.000,0.000,0.671016,0.505845,1.000000,0.019551,0.000000,0.000466,0.000
1.000,"Sample 86","B568/S016","Disordered","Disordered: 100%",0.000,0.000,0.000,0.000,1.000,0.000,0.000,0.637732,0.267250,1.000000,-0.005618,0.000000,0.000072,0.000
1.000,"Sample 87","B012456/S0137","Bounded Dynamic","Bounded Dynamic: 100%",0.000,0.000,0.000,0.000,0.000,0.000,1.000,0.007568,0.005854,0.994000,-0.184457,-0.006000,0.031399,0.000
1.000,"Sample 88","B016/S128","Expanding","Expanding: 100%",0.000,0.000,0.000,1.000,0.000,0.000,0.000,0.730180,0.396875,1.000000,0.001176,0.000000,0.000079,0.000
1.000,"Sample 89","B012348/S2346","Frozen","Frozen: 100%",0.000,1.000,0.000,0.000,0.000,0.000,0.000,0.105044,0.000000,1.000000,-0.000126,0.000000,0.000015,0.000
1.000,"Sample 90","B345678/S012368","Disordered","Disordered: 100%",0.000,0.000,0.000,0.000,1.000,0.000,0.000,0.425976,0.469459,1.000000,-0.001484,0.000000,0.000058,0.000
1.000,"Sample 91","B013578/S147","Disordered","Disordered: 100%",0.000,0.000,0.000,0.000,1.000,0.000,0.000,0.593916,0.391945,1.000000,0.002130,0.000000,0.000060,0.000
1.000,"Sample 92","B127/S14568","Disordered","Disordered: 100%",0.000,0.000,0.000,0.000,1.000,0.000,0.000,0.550108,0.733527,1.000000,0.000922,0.000000,0.000034,0.000
1.000,"Sample 93","B13568/S015678","Disordered","Disordered: 100%",0.000,0.000,0.000,0.000,1.000,0.000,0.000,0.491716,0.424308,1.000000,0.000041,0.000000,0.000169,0.000
1.000,"Sample 94","B0235/S0123","Frozen","Frozen: 100%",0.000,1.000,0.000,0.000,0.000,0.000,0.000,0.997412,0.000000,1.000000,0.053508,0.000000,0.000252,0.000
1.000,"Sample 95","B568/S0135","Expanding","Expanding: 100%",0.000,0.000,0.000,1.000,0.000,0.000,0.000,0.675216,0.358680,1.000000,-0.036047,0.000000,0.000562,0.000
1.000,"Sample 96","B01567/S17","Periodic","Periodic: 100%",0.000,0.000,1.000,0.000,0.000,0.000,0.000,0.621176,0.002417,1.000000,-0.001452,0.000000,0.000012,0.000
1.000,"Sample 97","B01357/S0148","Expanding","Expanding: 100%",0.000,0.000,0.000,1.000,0.000,0.000,0.000,0.688548,0.299626,1.000000,0.005144,0.000000,0.000105,0.000
1.000,"Sample 98","B1258/S03678","Disordered","Disordered: 100%",0.000,0.000,0.000,0.000,1.000,0.000,0.000,0.571780,0.531590,1.000000,0.001127,0.000000,0.000096,0.000
